Patient_ID,Hospital_ID,Department_Name,Admission_Date,Discharge_Date,Patient_Type,Readmission_Status,Outcome
P100001,H024,Oncology,2025-01-06,2025-01-08,Day Care,No,Transferred
P100002,H090,Orthopedics,2025-05-26,2025-05-26,Day Care,Yes,Transferred
P100003,H043,Dermatology,2026-01-19,2026-01-23,Emergency,No,Under Treatment
P100004,H007,Orthopedics,2025-04-20,2025-04-20,Day Care,Yes,Recovered
P100005,H096,ICU,2025-07-12,2025-07-16,Inpatient,Yes,Transferred
P100006,H058,Pediatrics,2025-02-24,2025-03-01,Day Care,No,Under Treatment
P100007,H041,Orthopedics,2025-05-27,2025-05-27,Day Care,No,Recovered
P100008,H041,ICU,2026-04-04,2026-04-04,Day Care,No,Transferred
P100009,H054,Pediatrics,2025-06-06,2025-06-15,Day Care,Yes,Under Treatment
P100010,H024,Neurology,2025-06-05,2025-06-13,Inpatient,No,Transferred
P100011,H022,Pediatrics,2026-01-02,2026-01-02,Emergency,Yes,Transferred
P100012,H047,Pediatrics,2026-01-17,2026-01-22,Inpatient,Yes,Under Treatment
P100013,H055,Cardiology,2025-01-26,2025-02-05,Outpatient,Yes,Recovered
P100014,H055,ICU,2026-04-11,2026-04-17,Day Care,Yes,Transferred
P100015,H049,Orthopedics,2025-06-04,2025-06-07,Emergency,Yes,Transferred
P100016,H070,Neurology,2026-03-11,2026-03-15,Inpatient,No,Transferred
P100017,H094,General Medicine,2025-07-15,2025-07-16,Emergency,No,Under Treatment
P100018,H020,Neurology,2025-12-21,2025-12-22,Outpatient,No,Under Treatment
P100019,H060,ICU,2025-09-03,2025-09-07,Inpatient,Yes,Recovered
P100020,H092,General Medicine,2025-08-31,2025-09-06,Day Care,Yes,Under Treatment
P100021,H033,Pediatrics,2025-06-07,2025-06-14,Inpatient,No,Under Treatment
P100022,H038,Neurology,2025-04-27,2025-05-06,Inpatient,No,Recovered
P100023,H070,Cardiology,2025-09-17,2025-09-23,Outpatient,Yes,Transferred
P100024,H094,ICU,2025-11-21,2025-11-28,Inpatient,No,Recovered
P100025,H060,Cardiology,2025-10-28,2025-10-31,Inpatient,Yes,Under Treatment
P100026,H024,Neurology,2025-03-19,2025-03-24,Emergency,Yes,Transferred
P100027,H028,Orthopedics,2026-01-04,2026-01-08,Inpatient,Yes,Transferred
P100028,H054,Oncology,2025-12-23,2025-12-25,Inpatient,No,Under Treatment
P100029,H042,Oncology,2025-07-31,2025-07-31,Inpatient,Yes,Under Treatment
P100030,H071,ICU,2026-02-12,2026-02-16,Inpatient,Yes,Recovered
P100031,H092,Neurology,2025-11-22,2025-11-24,Inpatient,Yes,Transferred
P100032,H005,Orthopedics,2026-02-05,2026-02-11,Inpatient,No,Transferred
P100033,H033,Orthopedics,2025-08-26,2025-09-02,Inpatient,No,Recovered
P100034,H007,Pediatrics,2026-04-15,2026-04-20,Outpatient,No,Transferred
P100035,H038,Oncology,2025-09-17,2025-09-25,Inpatient,Yes,Under Treatment
P100036,H088,Pediatrics,2026-04-21,2026-04-30,Emergency,Yes,Transferred
P100037,H004,ICU,2025-12-27,2025-12-28,Emergency,No,Under Treatment
P100038,H095,Oncology,2025-05-22,2025-05-23,Outpatient,No,Recovered
P100039,H099,General Medicine,2025-02-24,2025-02-25,Outpatient,Yes,Recovered
P100040,H010,Pediatrics,2025-05-15,2025-05-23,Day Care,Yes,Transferred
P100041,H055,General Medicine,2025-01-17,2025-01-19,Emergency,No,Transferred
P100042,H070,ICU,2026-01-22,2026-01-31,Day Care,No,Recovered
P100043,H053,ICU,2026-03-24,2026-03-31,Inpatient,Yes,Transferred
P100044,H053,Orthopedics,2025-09-26,2025-09-30,Emergency,Yes,Recovered
P100045,H080,Cardiology,2025-12-30,2026-01-07,Inpatient,Yes,Transferred
P100046,H006,Dermatology,2026-05-11,2026-05-17,Outpatient,Yes,Under Treatment
P100047,H093,ICU,2026-01-08,2026-01-18,Day Care,Yes,Recovered
P100048,H049,Neurology,2025-06-16,2025-06-17,Inpatient,Yes,Recovered
P100049,H064,Pediatrics,2025-11-18,2025-11-28,Outpatient,Yes,Recovered
P100050,H002,Dermatology,2025-08-03,2025-08-12,Day Care,Yes,Recovered
P100051,H089,Radiology,2025-08-27,2025-09-06,Emergency,No,Recovered
P100052,H047,ICU,2026-02-07,2026-02-12,Day Care,Yes,Under Treatment
P100053,H025,Dermatology,2025-12-17,2025-12-21,Day Care,No,Transferred
P100054,H053,Dermatology,2025-02-02,2025-02-06,Emergency,No,Under Treatment
P100055,H048,Dermatology,2026-03-01,2026-03-11,Inpatient,No,Recovered
P100056,H078,General Medicine,2026-04-18,2026-04-18,Emergency,Yes,Transferred
P100057,H049,Cardiology,2026-03-13,2026-03-16,Outpatient,No,Transferred
P100058,H098,Orthopedics,2026-01-08,2026-01-13,Inpatient,Yes,Recovered
P100059,H013,ICU,2026-03-13,2026-03-16,Inpatient,No,Recovered
P100060,H031,Emergency,2025-01-01,2025-01-03,Emergency,No,Transferred
P100061,H062,Oncology,2025-12-07,2025-12-16,Day Care,No,Under Treatment
P100062,H001,Oncology,2026-04-26,2026-04-30,Inpatient,Yes,Under Treatment
P100063,H007,Dermatology,2025-12-05,2025-12-06,Inpatient,No,Under Treatment
P100064,H020,Dermatology,2025-11-11,2025-11-17,Day Care,Yes,Recovered
P100065,H037,General Medicine,2025-06-23,2025-06-28,Inpatient,No,Under Treatment
P100066,H058,Cardiology,2026-04-26,2026-04-29,Emergency,Yes,Transferred
P100067,H074,Neurology,2025-08-13,2025-08-14,Inpatient,Yes,Recovered
P100068,H084,ICU,2026-02-23,2026-03-02,Inpatient,No,Under Treatment
P100069,H030,Emergency,2026-05-09,2026-05-19,Emergency,No,Recovered
P100070,H081,Radiology,2025-05-26,2025-06-02,Emergency,Yes,Transferred
P100071,H027,Oncology,2026-04-06,2026-04-14,Emergency,Yes,Under Treatment
P100072,H080,Orthopedics,2025-09-17,2025-09-23,Outpatient,No,Under Treatment
P100073,H084,Emergency,2025-05-09,2025-05-19,Inpatient,Yes,Transferred
P100074,H018,ICU,2025-08-03,2025-08-07,Inpatient,No,Transferred
P100075,H007,Oncology,2026-05-02,2026-05-06,Outpatient,Yes,Recovered
P100076,H045,Pediatrics,2025-02-01,2025-02-07,Day Care,No,Recovered
P100077,H036,General Medicine,2025-03-14,2025-03-20,Outpatient,No,Recovered
P100078,H044,Oncology,2026-01-26,2026-01-29,Outpatient,Yes,Recovered
P100079,H075,Orthopedics,2026-04-02,2026-04-12,Outpatient,No,Recovered
P100080,H012,Radiology,2025-08-31,2025-09-01,Emergency,No,Under Treatment
P100081,H025,Oncology,2026-04-26,2026-05-03,Outpatient,Yes,Under Treatment
P100082,H062,Pediatrics,2026-04-30,2026-05-02,Inpatient,Yes,Transferred
P100083,H017,Neurology,2026-01-28,2026-02-06,Outpatient,No,Under Treatment
P100084,H077,Emergency,2025-08-03,2025-08-03,Day Care,Yes,Transferred
P100085,H025,Dermatology,2025-11-14,2025-11-19,Emergency,Yes,Recovered
P100086,H012,Cardiology,2026-02-13,2026-02-16,Day Care,No,Recovered
P100087,H043,Dermatology,2025-06-01,2025-06-02,Outpatient,Yes,Recovered
P100088,H086,Radiology,2026-03-21,2026-03-26,Day Care,No,Transferred
P100089,H041,Emergency,2025-08-27,2025-09-03,Inpatient,No,Transferred
P100090,H020,Orthopedics,2025-07-07,2025-07-13,Outpatient,No,Recovered
P100091,H056,Cardiology,2026-05-04,2026-05-07,Inpatient,Yes,Recovered
P100092,H100,Dermatology,2025-02-11,2025-02-15,Emergency,Yes,Under Treatment
P100093,H025,General Medicine,2026-04-18,2026-04-19,Emergency,No,Transferred
P100094,H008,Emergency,2025-03-12,2025-03-19,Emergency,Yes,Transferred
P100095,H033,Oncology,2025-05-09,2025-05-11,Outpatient,No,Transferred
P100096,H073,Orthopedics,2026-03-23,2026-03-25,Day Care,Yes,Under Treatment
P100097,H024,Cardiology,2025-08-29,2025-09-02,Emergency,Yes,Under Treatment
P100098,H014,Pediatrics,2025-12-12,2025-12-20,Day Care,Yes,Under Treatment
P100099,H086,Radiology,2025-09-18,2025-09-21,Outpatient,No,Transferred
P100100,H025,General Medicine,2025-03-01,2025-03-03,Inpatient,No,Transferred
P100101,H008,Pediatrics,2025-12-23,2025-12-23,Inpatient,Yes,Under Treatment
P100102,H055,General Medicine,2026-01-11,2026-01-18,Inpatient,Yes,Transferred
P100103,H019,Neurology,2026-05-02,2026-05-07,Inpatient,No,Under Treatment
P100104,H060,Pediatrics,2025-05-13,2025-05-13,Inpatient,Yes,Transferred
P100105,H033,Emergency,2025-11-25,2025-11-26,Outpatient,Yes,Recovered
P100106,H092,Oncology,2025-06-03,2025-06-12,Outpatient,Yes,Recovered
P100107,H057,Orthopedics,2025-06-02,2025-06-12,Emergency,No,Recovered
P100108,H029,General Medicine,2025-10-23,2025-10-26,Emergency,No,Transferred
P100109,H084,Pediatrics,2026-05-06,2026-05-15,Emergency,Yes,Under Treatment
P100110,H025,Orthopedics,2026-03-11,2026-03-16,Outpatient,No,Transferred
P100111,H083,Pediatrics,2026-02-02,2026-02-04,Outpatient,No,Transferred
P100112,H009,Oncology,2025-05-28,2025-06-05,Emergency,Yes,Transferred
P100113,H016,Pediatrics,2025-07-03,2025-07-07,Day Care,Yes,Transferred
P100114,H006,ICU,2025-06-25,2025-06-28,Emergency,No,Transferred
P100115,H070,General Medicine,2025-06-23,2025-07-02,Inpatient,Yes,Recovered
P100116,H035,Radiology,2025-08-24,2025-09-03,Emergency,No,Under Treatment
P100117,H079,Dermatology,2025-06-28,2025-07-06,Emergency,Yes,Under Treatment
P100118,H078,Neurology,2025-03-05,2025-03-06,Outpatient,Yes,Under Treatment
P100119,H027,Orthopedics,2026-01-13,2026-01-14,Outpatient,Yes,Transferred
P100120,H013,Radiology,2025-08-03,2025-08-05,Emergency,Yes,Under Treatment
P100121,H059,Emergency,2026-03-07,2026-03-17,Inpatient,Yes,Recovered
P100122,H082,Dermatology,2025-09-22,2025-10-02,Outpatient,Yes,Recovered
P100123,H019,Oncology,2025-06-16,2025-06-18,Inpatient,Yes,Recovered
P100124,H057,Pediatrics,2026-02-15,2026-02-24,Day Care,Yes,Recovered
P100125,H046,Pediatrics,2025-09-25,2025-09-29,Inpatient,No,Recovered
P100126,H072,Cardiology,2025-01-30,2025-02-07,Day Care,No,Transferred
P100127,H043,General Medicine,2026-05-04,2026-05-14,Inpatient,No,Recovered
P100128,H080,Emergency,2026-05-03,2026-05-09,Outpatient,Yes,Recovered
P100129,H099,Emergency,2026-04-24,2026-05-03,Outpatient,No,Transferred
P100130,H100,Oncology,2025-10-21,2025-10-26,Emergency,No,Transferred
P100131,H047,Dermatology,2026-04-09,2026-04-11,Inpatient,No,Transferred
P100132,H067,General Medicine,2025-09-26,2025-10-01,Inpatient,No,Recovered
P100133,H020,ICU,2025-08-26,2025-09-04,Inpatient,No,Recovered
P100134,H085,Dermatology,2025-12-16,2025-12-16,Day Care,No,Recovered
P100135,H054,Dermatology,2025-03-07,2025-03-12,Outpatient,Yes,Recovered
P100136,H006,Dermatology,2025-11-10,2025-11-20,Day Care,No,Recovered
P100137,H058,Orthopedics,2025-06-24,2025-06-24,Day Care,Yes,Recovered
P100138,H018,Cardiology,2025-01-07,2025-01-15,Emergency,Yes,Transferred
P100139,H047,General Medicine,2025-09-20,2025-09-22,Outpatient,Yes,Transferred
P100140,H017,Pediatrics,2025-09-20,2025-09-25,Outpatient,Yes,Transferred
P100141,H066,ICU,2025-09-16,2025-09-23,Day Care,Yes,Transferred
P100142,H007,ICU,2025-04-30,2025-05-08,Day Care,No,Under Treatment
P100143,H052,Radiology,2025-08-22,2025-08-22,Outpatient,No,Under Treatment
P100144,H025,Radiology,2025-10-17,2025-10-23,Day Care,Yes,Under Treatment
P100145,H006,Emergency,2025-07-29,2025-08-05,Inpatient,No,Under Treatment
P100146,H052,ICU,2026-02-27,2026-02-27,Inpatient,Yes,Recovered
P100147,H044,Radiology,2025-09-27,2025-09-29,Outpatient,Yes,Under Treatment
P100148,H079,Pediatrics,2026-05-14,2026-05-23,Day Care,Yes,Under Treatment
P100149,H029,Pediatrics,2025-01-25,2025-01-31,Outpatient,No,Recovered
P100150,H080,ICU,2025-12-13,2025-12-16,Day Care,No,Transferred
P100151,H010,Pediatrics,2025-10-03,2025-10-10,Day Care,No,Under Treatment
P100152,H038,ICU,2025-10-19,2025-10-28,Emergency,Yes,Under Treatment
P100153,H069,Emergency,2025-07-14,2025-07-22,Inpatient,Yes,Under Treatment
P100154,H098,Emergency,2025-03-27,2025-03-27,Day Care,No,Transferred
P100155,H038,General Medicine,2026-01-27,2026-01-28,Day Care,No,Transferred
P100156,H017,ICU,2026-03-04,2026-03-07,Inpatient,Yes,Transferred
P100157,H042,Orthopedics,2026-04-14,2026-04-19,Inpatient,Yes,Recovered
P100158,H007,General Medicine,2025-10-22,2025-10-29,Outpatient,No,Transferred
P100159,H007,Orthopedics,2025-08-29,2025-09-06,Day Care,Yes,Recovered
P100160,H032,Orthopedics,2026-03-29,2026-03-30,Emergency,Yes,Under Treatment
P100161,H052,Emergency,2025-01-21,2025-01-24,Outpatient,No,Under Treatment
P100162,H095,Oncology,2025-08-27,2025-08-31,Outpatient,No,Recovered
P100163,H038,General Medicine,2025-12-17,2025-12-26,Outpatient,Yes,Transferred
P100164,H018,General Medicine,2025-12-18,2025-12-28,Inpatient,No,Under Treatment
P100165,H041,Cardiology,2025-08-10,2025-08-10,Emergency,No,Recovered
P100166,H069,General Medicine,2025-09-22,2025-09-22,Day Care,No,Recovered
P100167,H030,Neurology,2025-10-27,2025-10-28,Emergency,Yes,Under Treatment
P100168,H053,Radiology,2025-04-13,2025-04-13,Day Care,No,Transferred
P100169,H071,Oncology,2026-01-14,2026-01-17,Day Care,No,Transferred
P100170,H010,Cardiology,2026-04-05,2026-04-12,Inpatient,Yes,Transferred
P100171,H059,Dermatology,2025-05-12,2025-05-21,Inpatient,No,Transferred
P100172,H042,ICU,2026-05-04,2026-05-12,Outpatient,Yes,Under Treatment
P100173,H009,Oncology,2026-01-03,2026-01-05,Day Care,Yes,Transferred
P100174,H080,Neurology,2025-05-26,2025-06-05,Inpatient,No,Transferred
P100175,H017,Emergency,2025-05-02,2025-05-05,Outpatient,Yes,Transferred
P100176,H064,Orthopedics,2025-10-25,2025-10-25,Inpatient,Yes,Transferred
P100177,H018,Pediatrics,2025-11-25,2025-12-02,Inpatient,No,Recovered
P100178,H093,Dermatology,2025-07-03,2025-07-04,Outpatient,Yes,Transferred
P100179,H039,ICU,2025-07-07,2025-07-09,Inpatient,Yes,Recovered
P100180,H045,Dermatology,2026-03-21,2026-03-23,Inpatient,No,Transferred
P100181,H083,Cardiology,2026-03-13,2026-03-21,Outpatient,Yes,Under Treatment
P100182,H020,Oncology,2025-05-04,2025-05-04,Outpatient,Yes,Transferred
P100183,H065,Emergency,2025-11-17,2025-11-24,Inpatient,No,Transferred
P100184,H019,Dermatology,2025-05-22,2025-05-28,Inpatient,Yes,Under Treatment
P100185,H046,Radiology,2025-11-09,2025-11-17,Inpatient,Yes,Recovered
P100186,H025,Neurology,2025-12-17,2025-12-23,Inpatient,Yes,Recovered
P100187,H070,Dermatology,2025-11-04,2025-11-06,Emergency,No,Recovered
P100188,H087,Neurology,2025-02-14,2025-02-18,Inpatient,Yes,Under Treatment
P100189,H013,ICU,2025-04-18,2025-04-18,Inpatient,No,Recovered
P100190,H021,Radiology,2026-03-08,2026-03-14,Inpatient,No,Transferred
P100191,H070,Neurology,2025-03-28,2025-04-05,Outpatient,Yes,Recovered
P100192,H029,Pediatrics,2026-04-25,2026-04-30,Emergency,Yes,Under Treatment
P100193,H019,Emergency,2025-12-09,2025-12-19,Inpatient,No,Under Treatment
P100194,H064,General Medicine,2025-02-26,2025-03-04,Outpatient,Yes,Under Treatment
P100195,H036,Orthopedics,2025-09-01,2025-09-07,Emergency,No,Transferred
P100196,H057,Cardiology,2025-09-02,2025-09-08,Outpatient,Yes,Under Treatment
P100197,H033,Neurology,2025-07-29,2025-08-01,Emergency,Yes,Under Treatment
P100198,H018,Neurology,2025-05-26,2025-05-28,Inpatient,Yes,Transferred
P100199,H084,Neurology,2025-03-04,2025-03-08,Inpatient,Yes,Under Treatment
P100200,H050,Pediatrics,2025-06-14,2025-06-19,Outpatient,Yes,Recovered
P100201,H088,Dermatology,2025-05-11,2025-05-12,Outpatient,No,Transferred
P100202,H046,Neurology,2025-07-12,2025-07-13,Emergency,No,Transferred
P100203,H032,Radiology,2025-01-02,2025-01-11,Outpatient,Yes,Under Treatment
P100204,H066,Radiology,2025-11-08,2025-11-16,Outpatient,Yes,Under Treatment
P100205,H029,Orthopedics,2026-01-21,2026-01-24,Day Care,No,Transferred
P100206,H004,Dermatology,2025-10-10,2025-10-19,Emergency,Yes,Transferred
P100207,H019,ICU,2025-12-21,2025-12-22,Day Care,Yes,Recovered
P100208,H025,ICU,2025-09-14,2025-09-22,Inpatient,Yes,Recovered
P100209,H048,ICU,2026-04-17,2026-04-22,Outpatient,No,Under Treatment
P100210,H074,Dermatology,2025-05-08,2025-05-08,Day Care,Yes,Recovered
P100211,H002,Neurology,2025-07-26,2025-07-27,Inpatient,No,Recovered
P100212,H014,Orthopedics,2026-03-31,2026-04-01,Outpatient,No,Recovered
P100213,H007,Dermatology,2025-12-10,2025-12-20,Inpatient,No,Under Treatment
P100214,H016,Cardiology,2025-12-29,2025-12-31,Day Care,No,Transferred
P100215,H054,Dermatology,2025-08-29,2025-09-05,Inpatient,Yes,Transferred
P100216,H074,Emergency,2025-02-23,2025-03-01,Outpatient,Yes,Under Treatment
P100217,H039,General Medicine,2025-05-01,2025-05-06,Emergency,No,Transferred
P100218,H074,Cardiology,2025-10-05,2025-10-10,Day Care,No,Transferred
P100219,H011,Radiology,2025-08-15,2025-08-16,Emergency,No,Transferred
P100220,H038,General Medicine,2025-10-22,2025-10-28,Emergency,Yes,Recovered
P100221,H020,Pediatrics,2026-02-03,2026-02-09,Day Care,Yes,Recovered
P100222,H069,Neurology,2025-06-16,2025-06-24,Day Care,Yes,Under Treatment
P100223,H079,Emergency,2025-12-27,2026-01-06,Outpatient,No,Recovered
P100224,H033,Emergency,2025-01-27,2025-02-05,Outpatient,No,Recovered
P100225,H003,Pediatrics,2025-09-20,2025-09-22,Emergency,Yes,Recovered
P100226,H045,Orthopedics,2025-02-05,2025-02-12,Outpatient,Yes,Recovered
P100227,H009,General Medicine,2026-02-24,2026-03-05,Day Care,Yes,Under Treatment
P100228,H027,Orthopedics,2025-05-26,2025-06-02,Inpatient,No,Under Treatment
P100229,H021,ICU,2025-10-13,2025-10-22,Day Care,No,Recovered
P100230,H079,Cardiology,2025-04-08,2025-04-09,Day Care,No,Recovered
P100231,H067,Neurology,2026-04-29,2026-05-07,Emergency,No,Recovered
P100232,H059,Emergency,2026-02-10,2026-02-14,Outpatient,Yes,Under Treatment
P100233,H003,General Medicine,2025-07-01,2025-07-11,Day Care,Yes,Transferred
P100234,H051,Dermatology,2026-05-12,2026-05-20,Day Care,No,Transferred
P100235,H088,General Medicine,2026-02-22,2026-03-03,Day Care,Yes,Recovered
P100236,H043,Pediatrics,2026-04-19,2026-04-21,Outpatient,No,Recovered
P100237,H080,ICU,2025-07-11,2025-07-18,Day Care,Yes,Recovered
P100238,H007,ICU,2025-12-22,2025-12-25,Day Care,Yes,Under Treatment
P100239,H074,Oncology,2025-05-20,2025-05-23,Emergency,Yes,Under Treatment
P100240,H023,Cardiology,2025-02-22,2025-03-02,Day Care,No,Transferred
P100241,H058,Neurology,2025-03-25,2025-04-03,Emergency,No,Under Treatment
P100242,H010,Neurology,2025-07-09,2025-07-12,Inpatient,Yes,Recovered
P100243,H090,Radiology,2026-01-07,2026-01-07,Day Care,Yes,Transferred
P100244,H052,Orthopedics,2025-01-27,2025-02-02,Outpatient,No,Recovered
P100245,H034,Pediatrics,2025-08-21,2025-08-21,Day Care,No,Transferred
P100246,H047,Cardiology,2025-08-21,2025-08-22,Day Care,Yes,Recovered
P100247,H076,Orthopedics,2026-04-03,2026-04-08,Outpatient,No,Under Treatment
P100248,H045,ICU,2025-06-20,2025-06-30,Day Care,No,Transferred
P100249,H053,General Medicine,2025-03-04,2025-03-05,Outpatient,Yes,Recovered
P100250,H046,Oncology,2026-03-06,2026-03-11,Emergency,No,Recovered
P100251,H007,Pediatrics,2025-01-11,2025-01-18,Emergency,Yes,Under Treatment
P100252,H077,Emergency,2025-09-29,2025-10-06,Outpatient,No,Recovered
P100253,H061,ICU,2025-11-07,2025-11-10,Outpatient,No,Under Treatment
P100254,H084,Orthopedics,2025-05-27,2025-05-29,Outpatient,No,Transferred
P100255,H071,Orthopedics,2025-05-07,2025-05-09,Inpatient,Yes,Under Treatment
P100256,H061,Neurology,2025-01-19,2025-01-25,Outpatient,No,Under Treatment
P100257,H010,Neurology,2025-10-07,2025-10-13,Outpatient,Yes,Under Treatment
P100258,H088,ICU,2026-01-29,2026-02-02,Outpatient,No,Under Treatment
P100259,H043,Radiology,2025-12-22,2025-12-23,Outpatient,No,Recovered
P100260,H028,General Medicine,2025-05-15,2025-05-15,Emergency,No,Recovered
P100261,H033,Dermatology,2026-01-12,2026-01-13,Outpatient,Yes,Under Treatment
P100262,H084,Radiology,2025-04-23,2025-04-25,Outpatient,Yes,Transferred
P100263,H014,Dermatology,2026-04-15,2026-04-20,Inpatient,No,Recovered
P100264,H025,Emergency,2025-06-06,2025-06-10,Inpatient,No,Under Treatment
P100265,H094,Dermatology,2026-01-25,2026-02-04,Outpatient,Yes,Recovered
P100266,H026,Emergency,2025-08-17,2025-08-27,Day Care,Yes,Under Treatment
P100267,H085,Emergency,2025-06-17,2025-06-25,Inpatient,No,Under Treatment
P100268,H021,Dermatology,2025-11-19,2025-11-28,Emergency,Yes,Transferred
P100269,H067,General Medicine,2025-01-07,2025-01-12,Emergency,Yes,Transferred
P100270,H044,Oncology,2025-09-07,2025-09-11,Day Care,No,Recovered
P100271,H024,Radiology,2025-04-12,2025-04-12,Inpatient,No,Recovered
P100272,H051,Pediatrics,2025-08-26,2025-08-26,Emergency,No,Recovered
P100273,H038,Orthopedics,2025-09-29,2025-10-09,Inpatient,No,Under Treatment
P100274,H070,Dermatology,2025-02-25,2025-03-06,Outpatient,No,Under Treatment
P100275,H035,Radiology,2025-08-05,2025-08-08,Outpatient,No,Transferred
P100276,H099,Dermatology,2025-10-21,2025-10-24,Inpatient,No,Transferred
P100277,H006,Neurology,2025-05-05,2025-05-05,Outpatient,No,Transferred
P100278,H002,Pediatrics,2025-10-31,2025-11-01,Inpatient,No,Under Treatment
P100279,H073,Radiology,2025-01-11,2025-01-16,Day Care,No,Recovered
P100280,H013,Cardiology,2025-09-16,2025-09-16,Outpatient,No,Under Treatment
P100281,H009,Emergency,2026-05-03,2026-05-09,Outpatient,Yes,Transferred
P100282,H048,Radiology,2025-09-24,2025-09-28,Inpatient,Yes,Recovered
P100283,H020,Orthopedics,2025-03-10,2025-03-11,Inpatient,Yes,Under Treatment
P100284,H065,General Medicine,2025-08-07,2025-08-16,Inpatient,No,Transferred
P100285,H004,Radiology,2025-01-08,2025-01-17,Emergency,Yes,Under Treatment
P100286,H097,Dermatology,2025-06-14,2025-06-21,Outpatient,No,Recovered
P100287,H053,General Medicine,2025-06-24,2025-07-02,Emergency,No,Under Treatment
P100288,H027,Oncology,2025-10-18,2025-10-26,Inpatient,Yes,Transferred
P100289,H026,Pediatrics,2025-01-05,2025-01-10,Outpatient,No,Transferred
P100290,H037,Dermatology,2025-04-04,2025-04-14,Outpatient,Yes,Under Treatment
P100291,H070,Neurology,2026-01-29,2026-01-29,Day Care,Yes,Transferred
P100292,H046,Oncology,2025-07-03,2025-07-04,Outpatient,Yes,Transferred
P100293,H086,Orthopedics,2025-07-18,2025-07-25,Emergency,No,Recovered
P100294,H094,Emergency,2025-11-11,2025-11-17,Outpatient,No,Under Treatment
P100295,H074,Dermatology,2025-10-17,2025-10-18,Day Care,Yes,Under Treatment
P100296,H092,Orthopedics,2025-09-04,2025-09-05,Emergency,Yes,Recovered
P100297,H058,Emergency,2025-09-04,2025-09-06,Outpatient,No,Recovered
P100298,H098,General Medicine,2026-05-02,2026-05-08,Inpatient,No,Recovered
P100299,H049,General Medicine,2025-02-02,2025-02-05,Outpatient,No,Under Treatment
P100300,H014,Radiology,2025-09-17,2025-09-18,Inpatient,No,Recovered
P100301,H039,ICU,2025-01-07,2025-01-10,Emergency,No,Under Treatment
P100302,H069,Emergency,2025-07-07,2025-07-11,Outpatient,Yes,Recovered
P100303,H091,Emergency,2026-03-27,2026-04-06,Emergency,No,Under Treatment
P100304,H051,Neurology,2025-06-08,2025-06-12,Emergency,Yes,Recovered
P100305,H043,Radiology,2025-10-27,2025-11-05,Day Care,No,Recovered
P100306,H011,ICU,2025-03-29,2025-03-31,Day Care,Yes,Recovered
P100307,H002,Radiology,2025-06-06,2025-06-12,Emergency,No,Recovered
P100308,H052,ICU,2026-01-26,2026-01-29,Inpatient,Yes,Under Treatment
P100309,H001,Cardiology,2025-08-05,2025-08-13,Day Care,No,Under Treatment
P100310,H021,Emergency,2025-03-22,2025-03-22,Emergency,Yes,Recovered
P100311,H083,Pediatrics,2025-03-23,2025-03-25,Emergency,No,Recovered
P100312,H034,Orthopedics,2025-09-25,2025-09-29,Emergency,Yes,Recovered
P100313,H026,Oncology,2025-09-05,2025-09-07,Emergency,No,Recovered
P100314,H072,Dermatology,2025-05-02,2025-05-04,Inpatient,Yes,Under Treatment
P100315,H041,General Medicine,2025-12-15,2025-12-22,Emergency,Yes,Recovered
P100316,H073,Emergency,2025-03-23,2025-03-29,Emergency,No,Under Treatment
P100317,H049,Pediatrics,2025-04-23,2025-04-24,Inpatient,Yes,Under Treatment
P100318,H015,Orthopedics,2025-01-14,2025-01-23,Day Care,No,Under Treatment
P100319,H044,General Medicine,2025-04-20,2025-04-30,Emergency,No,Recovered
P100320,H083,Radiology,2026-04-01,2026-04-09,Day Care,Yes,Recovered
P100321,H067,Dermatology,2025-03-30,2025-04-06,Day Care,Yes,Transferred
P100322,H072,Emergency,2025-03-31,2025-04-09,Emergency,Yes,Transferred
P100323,H034,Orthopedics,2025-07-25,2025-08-02,Inpatient,Yes,Transferred
P100324,H046,Cardiology,2025-02-18,2025-02-25,Day Care,No,Transferred
P100325,H058,ICU,2025-01-17,2025-01-20,Inpatient,No,Under Treatment
P100326,H089,General Medicine,2025-03-04,2025-03-09,Day Care,Yes,Transferred
P100327,H055,Pediatrics,2026-01-07,2026-01-07,Day Care,Yes,Recovered
P100328,H023,Cardiology,2025-01-10,2025-01-13,Inpatient,Yes,Under Treatment
P100329,H077,Radiology,2026-01-09,2026-01-09,Emergency,No,Transferred
P100330,H044,Dermatology,2025-06-20,2025-06-24,Emergency,Yes,Under Treatment
P100331,H070,General Medicine,2025-09-14,2025-09-19,Inpatient,Yes,Transferred
P100332,H021,Neurology,2026-04-15,2026-04-24,Outpatient,Yes,Transferred
P100333,H012,General Medicine,2026-02-08,2026-02-08,Emergency,Yes,Under Treatment
P100334,H099,Oncology,2025-01-09,2025-01-13,Day Care,Yes,Recovered
P100335,H071,Radiology,2025-04-29,2025-05-07,Emergency,Yes,Recovered
P100336,H022,Neurology,2025-07-07,2025-07-13,Outpatient,No,Recovered
P100337,H078,Radiology,2025-08-04,2025-08-12,Outpatient,No,Recovered
P100338,H032,General Medicine,2025-02-18,2025-02-23,Emergency,No,Transferred
P100339,H027,Orthopedics,2026-02-09,2026-02-19,Emergency,No,Transferred
P100340,H046,ICU,2025-05-02,2025-05-10,Outpatient,No,Recovered
P100341,H056,ICU,2025-12-22,2025-12-26,Inpatient,Yes,Under Treatment
P100342,H004,Radiology,2025-11-24,2025-11-28,Emergency,Yes,Recovered
P100343,H074,Radiology,2025-10-19,2025-10-21,Inpatient,Yes,Recovered
P100344,H024,Neurology,2026-01-31,2026-02-02,Outpatient,No,Under Treatment
P100345,H002,Emergency,2025-03-21,2025-03-31,Outpatient,No,Recovered
P100346,H087,Orthopedics,2025-12-12,2025-12-18,Inpatient,Yes,Under Treatment
P100347,H046,Orthopedics,2025-02-01,2025-02-07,Inpatient,Yes,Under Treatment
P100348,H037,Neurology,2026-03-26,2026-03-26,Day Care,No,Transferred
P100349,H088,Radiology,2025-06-22,2025-06-25,Outpatient,Yes,Under Treatment
P100350,H051,Emergency,2025-12-07,2025-12-17,Day Care,No,Recovered
P100351,H052,Pediatrics,2025-03-16,2025-03-17,Day Care,No,Under Treatment
P100352,H085,Radiology,2025-03-24,2025-03-26,Inpatient,No,Under Treatment
P100353,H090,Emergency,2025-07-22,2025-07-31,Inpatient,No,Under Treatment
P100354,H038,Orthopedics,2026-01-13,2026-01-16,Inpatient,No,Under Treatment
P100355,H012,Dermatology,2025-02-12,2025-02-20,Inpatient,Yes,Transferred
P100356,H039,ICU,2025-06-18,2025-06-20,Day Care,No,Under Treatment
P100357,H026,Radiology,2026-03-17,2026-03-17,Inpatient,No,Recovered
P100358,H005,Orthopedics,2026-01-12,2026-01-15,Outpatient,No,Recovered
P100359,H072,Oncology,2025-05-27,2025-05-28,Inpatient,No,Under Treatment
P100360,H017,Radiology,2025-08-30,2025-09-09,Inpatient,Yes,Under Treatment
P100361,H077,Emergency,2025-12-14,2025-12-15,Outpatient,No,Under Treatment
P100362,H034,Dermatology,2025-01-11,2025-01-14,Day Care,No,Transferred
P100363,H010,Oncology,2025-09-28,2025-10-06,Day Care,Yes,Under Treatment
P100364,H084,Emergency,2025-02-06,2025-02-15,Inpatient,Yes,Recovered
P100365,H011,General Medicine,2025-06-28,2025-07-03,Emergency,Yes,Transferred
P100366,H097,Radiology,2026-01-21,2026-01-25,Emergency,No,Recovered
P100367,H029,General Medicine,2025-02-13,2025-02-20,Inpatient,No,Transferred
P100368,H062,Pediatrics,2025-11-04,2025-11-04,Day Care,Yes,Recovered
P100369,H019,General Medicine,2025-07-09,2025-07-12,Outpatient,No,Recovered
P100370,H051,Orthopedics,2025-04-12,2025-04-12,Emergency,No,Transferred
P100371,H020,Cardiology,2025-12-26,2026-01-02,Outpatient,No,Transferred
P100372,H078,Emergency,2025-03-04,2025-03-12,Emergency,No,Recovered
P100373,H091,Neurology,2026-04-27,2026-05-05,Day Care,Yes,Transferred
P100374,H029,Dermatology,2025-07-03,2025-07-09,Outpatient,No,Under Treatment
P100375,H069,Radiology,2025-05-25,2025-05-27,Outpatient,No,Recovered
P100376,H094,Pediatrics,2025-10-27,2025-10-27,Outpatient,No,Recovered
P100377,H050,Dermatology,2026-02-01,2026-02-03,Day Care,Yes,Transferred
P100378,H033,Pediatrics,2025-10-15,2025-10-18,Inpatient,No,Recovered
P100379,H003,ICU,2025-06-07,2025-06-12,Day Care,Yes,Recovered
P100380,H077,Emergency,2025-11-23,2025-11-30,Day Care,Yes,Under Treatment
P100381,H050,Radiology,2025-06-12,2025-06-22,Day Care,No,Under Treatment
P100382,H069,Cardiology,2026-02-09,2026-02-16,Outpatient,No,Transferred
P100383,H090,Radiology,2026-03-02,2026-03-03,Inpatient,No,Recovered
P100384,H059,General Medicine,2025-01-12,2025-01-18,Emergency,No,Recovered
P100385,H023,Oncology,2025-06-05,2025-06-12,Outpatient,Yes,Recovered
P100386,H010,Pediatrics,2026-03-30,2026-04-05,Emergency,Yes,Recovered
P100387,H020,Cardiology,2026-04-14,2026-04-21,Day Care,No,Transferred
P100388,H074,Oncology,2026-05-06,2026-05-12,Day Care,No,Under Treatment
P100389,H011,Emergency,2025-06-03,2025-06-06,Emergency,No,Transferred
P100390,H057,Oncology,2026-01-18,2026-01-20,Outpatient,No,Under Treatment
P100391,H090,Dermatology,2025-07-17,2025-07-23,Outpatient,No,Under Treatment
P100392,H055,Neurology,2025-04-04,2025-04-04,Emergency,No,Under Treatment
P100393,H064,Radiology,2026-02-01,2026-02-07,Day Care,No,Recovered
P100394,H033,Dermatology,2025-06-28,2025-06-28,Day Care,Yes,Transferred
P100395,H011,Dermatology,2026-04-26,2026-05-06,Inpatient,Yes,Transferred
P100396,H085,ICU,2025-08-08,2025-08-13,Outpatient,Yes,Transferred
P100397,H086,General Medicine,2025-03-05,2025-03-15,Outpatient,No,Recovered
P100398,H034,General Medicine,2025-01-06,2025-01-10,Day Care,No,Transferred
P100399,H078,Emergency,2026-04-07,2026-04-10,Outpatient,No,Under Treatment
P100400,H007,Orthopedics,2025-11-17,2025-11-24,Day Care,Yes,Under Treatment
P100401,H050,Emergency,2026-03-10,2026-03-20,Inpatient,No,Recovered
P100402,H030,ICU,2026-01-16,2026-01-16,Outpatient,No,Under Treatment
P100403,H041,Neurology,2025-06-03,2025-06-04,Outpatient,Yes,Recovered
P100404,H010,Dermatology,2025-01-13,2025-01-19,Day Care,No,Recovered
P100405,H054,General Medicine,2025-06-13,2025-06-15,Outpatient,No,Under Treatment
P100406,H040,Radiology,2025-08-01,2025-08-02,Inpatient,No,Transferred
P100407,H069,Pediatrics,2025-10-27,2025-11-06,Day Care,Yes,Under Treatment
P100408,H039,Cardiology,2025-01-02,2025-01-10,Inpatient,Yes,Recovered
P100409,H046,Orthopedics,2025-02-16,2025-02-18,Emergency,Yes,Under Treatment
P100410,H062,Oncology,2026-01-06,2026-01-12,Day Care,No,Under Treatment
P100411,H013,Dermatology,2025-09-30,2025-10-06,Day Care,No,Transferred
P100412,H026,Emergency,2025-09-22,2025-09-25,Day Care,Yes,Recovered
P100413,H016,Cardiology,2026-02-17,2026-02-24,Emergency,No,Transferred
P100414,H004,Emergency,2025-02-14,2025-02-14,Day Care,No,Transferred
P100415,H025,ICU,2025-05-07,2025-05-10,Day Care,No,Recovered
P100416,H035,Pediatrics,2025-02-16,2025-02-18,Day Care,No,Transferred
P100417,H073,General Medicine,2025-10-10,2025-10-10,Outpatient,No,Recovered
P100418,H008,Dermatology,2025-11-08,2025-11-18,Outpatient,No,Recovered
P100419,H047,Neurology,2025-03-21,2025-03-21,Day Care,No,Transferred
P100420,H040,Oncology,2025-09-13,2025-09-13,Inpatient,No,Transferred
P100421,H046,General Medicine,2025-08-24,2025-08-24,Inpatient,Yes,Under Treatment
P100422,H067,Cardiology,2025-10-15,2025-10-22,Inpatient,Yes,Transferred
P100423,H013,Neurology,2025-07-20,2025-07-23,Day Care,Yes,Recovered
P100424,H012,Cardiology,2025-09-29,2025-10-02,Inpatient,Yes,Transferred
P100425,H025,ICU,2026-01-21,2026-01-31,Outpatient,No,Under Treatment
P100426,H003,Cardiology,2026-02-17,2026-02-22,Day Care,Yes,Under Treatment
P100427,H069,Oncology,2025-04-09,2025-04-17,Emergency,Yes,Under Treatment
P100428,H050,Orthopedics,2026-03-21,2026-03-29,Emergency,Yes,Under Treatment
P100429,H034,Pediatrics,2025-08-13,2025-08-17,Day Care,Yes,Under Treatment
P100430,H047,Radiology,2025-10-24,2025-10-26,Outpatient,Yes,Under Treatment
P100431,H094,Neurology,2026-01-30,2026-02-07,Outpatient,No,Transferred
P100432,H054,General Medicine,2026-03-31,2026-04-05,Outpatient,Yes,Recovered
P100433,H042,Oncology,2025-03-06,2025-03-10,Inpatient,No,Recovered
P100434,H060,General Medicine,2025-07-25,2025-07-28,Inpatient,Yes,Transferred
P100435,H067,Oncology,2025-11-13,2025-11-21,Emergency,No,Under Treatment
P100436,H061,Dermatology,2025-07-16,2025-07-23,Outpatient,No,Under Treatment
P100437,H077,Dermatology,2025-07-05,2025-07-11,Inpatient,No,Under Treatment
P100438,H089,Dermatology,2025-12-04,2025-12-10,Day Care,No,Recovered
P100439,H016,Oncology,2026-03-14,2026-03-17,Emergency,No,Under Treatment
P100440,H049,Pediatrics,2026-03-20,2026-03-28,Inpatient,Yes,Recovered
P100441,H043,Neurology,2025-11-29,2025-11-30,Emergency,Yes,Under Treatment
P100442,H096,Oncology,2026-04-18,2026-04-22,Inpatient,Yes,Recovered
P100443,H019,Cardiology,2025-07-07,2025-07-15,Outpatient,No,Under Treatment
P100444,H042,Radiology,2026-01-31,2026-02-08,Inpatient,Yes,Transferred
P100445,H018,Oncology,2026-03-15,2026-03-17,Day Care,Yes,Under Treatment
P100446,H069,Orthopedics,2025-08-15,2025-08-21,Inpatient,No,Under Treatment
P100447,H089,Radiology,2025-01-19,2025-01-25,Outpatient,No,Recovered
P100448,H080,Neurology,2026-03-24,2026-04-03,Day Care,Yes,Transferred
P100449,H013,Neurology,2025-11-13,2025-11-21,Inpatient,No,Transferred
P100450,H090,Cardiology,2026-02-08,2026-02-14,Outpatient,Yes,Recovered
P100451,H018,Emergency,2025-08-09,2025-08-16,Outpatient,No,Under Treatment
P100452,H044,Pediatrics,2026-01-05,2026-01-05,Inpatient,No,Recovered
P100453,H016,Neurology,2025-02-15,2025-02-17,Inpatient,Yes,Transferred
P100454,H022,Orthopedics,2025-02-28,2025-03-06,Outpatient,Yes,Transferred
P100455,H038,Neurology,2025-11-13,2025-11-22,Outpatient,Yes,Under Treatment
P100456,H058,Emergency,2025-04-25,2025-04-29,Inpatient,No,Under Treatment
P100457,H051,Emergency,2025-06-13,2025-06-17,Day Care,Yes,Recovered
P100458,H018,Oncology,2026-02-04,2026-02-10,Outpatient,No,Recovered
P100459,H075,Dermatology,2026-03-23,2026-03-29,Day Care,Yes,Under Treatment
P100460,H003,Radiology,2025-05-22,2025-05-24,Day Care,No,Recovered
P100461,H027,General Medicine,2026-04-20,2026-04-30,Inpatient,Yes,Recovered
P100462,H068,Cardiology,2025-01-05,2025-01-07,Outpatient,No,Recovered
P100463,H081,Oncology,2025-01-11,2025-01-20,Outpatient,Yes,Transferred
P100464,H009,Radiology,2025-12-09,2025-12-12,Outpatient,No,Recovered
P100465,H021,Emergency,2025-10-29,2025-11-01,Outpatient,Yes,Under Treatment
P100466,H076,Pediatrics,2025-06-25,2025-07-05,Emergency,No,Transferred
P100467,H011,ICU,2025-03-22,2025-03-25,Emergency,No,Recovered
P100468,H045,Cardiology,2026-05-08,2026-05-14,Day Care,Yes,Recovered
P100469,H019,Orthopedics,2026-03-20,2026-03-30,Outpatient,No,Under Treatment
P100470,H096,Cardiology,2025-10-24,2025-10-24,Outpatient,Yes,Recovered
P100471,H040,Oncology,2025-06-09,2025-06-13,Outpatient,Yes,Under Treatment
P100472,H011,ICU,2025-12-13,2025-12-16,Outpatient,No,Under Treatment
P100473,H029,Emergency,2025-12-21,2025-12-23,Day Care,No,Recovered
P100474,H079,Cardiology,2025-03-02,2025-03-04,Inpatient,No,Under Treatment
P100475,H069,Dermatology,2025-04-24,2025-05-04,Day Care,No,Transferred
P100476,H077,Cardiology,2025-05-07,2025-05-17,Inpatient,Yes,Transferred
P100477,H060,Dermatology,2025-10-31,2025-11-01,Outpatient,No,Transferred
P100478,H072,Cardiology,2025-07-15,2025-07-25,Inpatient,No,Transferred
P100479,H051,Neurology,2025-03-16,2025-03-17,Day Care,No,Transferred
P100480,H018,Oncology,2025-09-06,2025-09-08,Outpatient,No,Recovered
P100481,H056,General Medicine,2025-10-07,2025-10-14,Day Care,Yes,Transferred
P100482,H100,ICU,2026-04-17,2026-04-27,Outpatient,No,Transferred
P100483,H071,Dermatology,2025-12-20,2025-12-27,Inpatient,No,Recovered
P100484,H094,Pediatrics,2025-11-28,2025-11-30,Inpatient,Yes,Under Treatment
P100485,H097,General Medicine,2025-11-11,2025-11-21,Outpatient,Yes,Transferred
P100486,H078,General Medicine,2025-03-11,2025-03-14,Day Care,No,Recovered
P100487,H092,Pediatrics,2025-03-10,2025-03-20,Inpatient,No,Transferred
P100488,H052,General Medicine,2025-01-12,2025-01-19,Outpatient,No,Recovered
P100489,H051,Radiology,2025-06-12,2025-06-18,Emergency,Yes,Under Treatment
P100490,H097,General Medicine,2026-04-22,2026-04-22,Emergency,Yes,Under Treatment
P100491,H005,Emergency,2025-07-23,2025-07-24,Inpatient,Yes,Transferred
P100492,H081,Oncology,2026-04-26,2026-05-06,Inpatient,No,Recovered
P100493,H001,Cardiology,2025-02-19,2025-02-28,Emergency,Yes,Recovered
P100494,H080,General Medicine,2026-01-17,2026-01-24,Outpatient,No,Transferred
P100495,H054,Orthopedics,2025-08-19,2025-08-20,Day Care,No,Transferred
P100496,H017,Cardiology,2025-07-04,2025-07-13,Outpatient,No,Transferred
P100497,H011,ICU,2026-03-08,2026-03-15,Outpatient,Yes,Under Treatment
P100498,H064,Pediatrics,2025-04-05,2025-04-09,Day Care,No,Recovered
P100499,H084,ICU,2025-10-04,2025-10-13,Inpatient,No,Under Treatment
P100500,H063,Pediatrics,2025-08-08,2025-08-13,Inpatient,No,Transferred
P100501,H088,ICU,2025-07-13,2025-07-16,Inpatient,No,Recovered
P100502,H027,Orthopedics,2025-11-26,2025-12-04,Emergency,No,Under Treatment
P100503,H079,Pediatrics,2025-02-23,2025-03-02,Outpatient,No,Recovered
P100504,H089,ICU,2025-03-10,2025-03-18,Outpatient,Yes,Under Treatment
P100505,H088,General Medicine,2025-03-24,2025-03-27,Inpatient,No,Recovered
P100506,H085,Cardiology,2025-12-06,2025-12-08,Emergency,Yes,Recovered
P100507,H002,Orthopedics,2026-02-02,2026-02-11,Inpatient,No,Recovered
P100508,H086,Oncology,2025-10-21,2025-10-29,Inpatient,No,Under Treatment
P100509,H023,ICU,2025-05-02,2025-05-06,Day Care,No,Under Treatment
P100510,H001,Dermatology,2025-10-27,2025-11-03,Emergency,Yes,Transferred
P100511,H010,Oncology,2025-02-04,2025-02-07,Inpatient,Yes,Recovered
P100512,H059,General Medicine,2025-10-01,2025-10-11,Inpatient,No,Under Treatment
P100513,H024,Oncology,2025-08-05,2025-08-11,Day Care,No,Recovered
P100514,H021,Emergency,2026-03-26,2026-03-29,Emergency,No,Transferred
P100515,H052,Neurology,2025-02-16,2025-02-23,Emergency,No,Under Treatment
P100516,H094,ICU,2026-04-18,2026-04-25,Inpatient,Yes,Transferred
P100517,H100,Cardiology,2025-05-31,2025-06-09,Emergency,No,Under Treatment
P100518,H082,Neurology,2025-07-06,2025-07-09,Day Care,Yes,Transferred
P100519,H043,Neurology,2025-12-18,2025-12-28,Outpatient,Yes,Recovered
P100520,H020,Neurology,2026-03-06,2026-03-16,Inpatient,No,Transferred
P100521,H006,Pediatrics,2026-02-27,2026-03-08,Inpatient,No,Transferred
P100522,H014,Cardiology,2025-01-30,2025-02-06,Outpatient,No,Recovered
P100523,H060,Oncology,2025-09-20,2025-09-30,Emergency,Yes,Transferred
P100524,H038,Cardiology,2025-11-25,2025-12-01,Emergency,Yes,Recovered
P100525,H044,General Medicine,2026-01-27,2026-01-31,Emergency,No,Recovered
P100526,H093,Orthopedics,2025-09-15,2025-09-17,Day Care,Yes,Under Treatment
P100527,H034,Orthopedics,2026-04-03,2026-04-11,Inpatient,Yes,Transferred
P100528,H056,Pediatrics,2026-02-20,2026-03-01,Day Care,Yes,Under Treatment
P100529,H035,General Medicine,2026-01-18,2026-01-21,Outpatient,No,Under Treatment
P100530,H042,Radiology,2025-06-03,2025-06-11,Emergency,Yes,Recovered
P100531,H027,Radiology,2025-06-30,2025-07-09,Outpatient,Yes,Transferred
P100532,H047,General Medicine,2025-04-06,2025-04-09,Inpatient,No,Recovered
P100533,H051,Dermatology,2025-05-10,2025-05-16,Day Care,No,Transferred
P100534,H072,Dermatology,2025-12-08,2025-12-10,Outpatient,No,Under Treatment
P100535,H059,Oncology,2025-09-23,2025-09-23,Day Care,Yes,Transferred
P100536,H061,Dermatology,2025-08-15,2025-08-20,Inpatient,Yes,Recovered
P100537,H042,Pediatrics,2025-08-03,2025-08-06,Day Care,No,Under Treatment
P100538,H055,Orthopedics,2025-02-23,2025-02-26,Day Care,Yes,Transferred
P100539,H019,Dermatology,2025-05-26,2025-06-04,Emergency,No,Transferred
P100540,H081,Orthopedics,2026-02-08,2026-02-15,Outpatient,No,Transferred
P100541,H042,Radiology,2025-07-19,2025-07-28,Day Care,No,Recovered
P100542,H014,Dermatology,2025-05-27,2025-06-04,Outpatient,Yes,Under Treatment
P100543,H029,Oncology,2026-01-21,2026-01-24,Day Care,Yes,Recovered
P100544,H040,Pediatrics,2025-09-10,2025-09-11,Emergency,No,Transferred
P100545,H085,Neurology,2025-10-22,2025-10-26,Emergency,No,Under Treatment
P100546,H047,Dermatology,2025-07-21,2025-07-22,Emergency,Yes,Under Treatment
P100547,H059,Radiology,2026-02-23,2026-02-27,Inpatient,No,Recovered
P100548,H019,Oncology,2025-05-10,2025-05-10,Emergency,Yes,Transferred
P100549,H018,Dermatology,2025-04-24,2025-04-26,Outpatient,No,Transferred
P100550,H076,Radiology,2025-04-08,2025-04-18,Inpatient,No,Transferred
P100551,H024,Neurology,2025-09-19,2025-09-25,Emergency,No,Under Treatment
P100552,H029,Orthopedics,2025-12-03,2025-12-09,Inpatient,No,Under Treatment
P100553,H010,Radiology,2026-02-20,2026-02-24,Outpatient,No,Transferred
P100554,H083,Orthopedics,2025-03-27,2025-04-03,Inpatient,Yes,Transferred
P100555,H041,Pediatrics,2026-03-16,2026-03-23,Inpatient,Yes,Under Treatment
P100556,H054,General Medicine,2025-09-28,2025-10-05,Outpatient,Yes,Under Treatment
P100557,H018,Dermatology,2025-08-02,2025-08-12,Outpatient,Yes,Transferred
P100558,H095,Oncology,2025-11-28,2025-12-01,Outpatient,No,Transferred
P100559,H007,Dermatology,2025-08-20,2025-08-26,Outpatient,Yes,Transferred
P100560,H011,Orthopedics,2026-01-18,2026-01-26,Outpatient,No,Recovered
P100561,H016,Cardiology,2026-01-10,2026-01-19,Day Care,No,Recovered
P100562,H048,Pediatrics,2025-01-24,2025-01-31,Day Care,No,Under Treatment
P100563,H068,Neurology,2026-05-08,2026-05-14,Outpatient,Yes,Transferred
P100564,H028,Orthopedics,2026-03-06,2026-03-14,Inpatient,Yes,Transferred
P100565,H063,Emergency,2025-02-27,2025-03-06,Day Care,No,Under Treatment
P100566,H022,Radiology,2025-10-02,2025-10-11,Emergency,Yes,Transferred
P100567,H070,General Medicine,2025-08-29,2025-08-31,Emergency,Yes,Transferred
P100568,H045,General Medicine,2026-02-05,2026-02-06,Emergency,Yes,Under Treatment
P100569,H049,ICU,2026-03-03,2026-03-03,Emergency,Yes,Under Treatment
P100570,H074,ICU,2025-04-20,2025-04-21,Day Care,No,Transferred
P100571,H007,ICU,2025-11-09,2025-11-19,Emergency,No,Transferred
P100572,H025,Pediatrics,2025-01-19,2025-01-26,Outpatient,Yes,Under Treatment
P100573,H082,Pediatrics,2025-06-26,2025-07-02,Outpatient,Yes,Recovered
P100574,H068,Neurology,2025-11-23,2025-11-30,Inpatient,Yes,Under Treatment
P100575,H024,Orthopedics,2026-04-25,2026-05-03,Inpatient,No,Recovered
P100576,H028,Emergency,2025-05-12,2025-05-21,Day Care,No,Transferred
P100577,H082,Dermatology,2026-02-10,2026-02-13,Outpatient,No,Transferred
P100578,H100,General Medicine,2025-04-29,2025-05-04,Emergency,No,Transferred
P100579,H075,Cardiology,2025-12-11,2025-12-19,Day Care,No,Under Treatment
P100580,H068,Neurology,2025-04-18,2025-04-26,Outpatient,Yes,Under Treatment
P100581,H089,Neurology,2026-03-21,2026-03-22,Day Care,No,Under Treatment
P100582,H051,Pediatrics,2025-08-20,2025-08-25,Outpatient,Yes,Transferred
P100583,H049,Oncology,2025-05-07,2025-05-15,Outpatient,Yes,Recovered
P100584,H058,Cardiology,2025-07-24,2025-08-03,Day Care,No,Transferred
P100585,H063,Emergency,2025-01-17,2025-01-25,Emergency,Yes,Under Treatment
P100586,H065,ICU,2026-04-10,2026-04-10,Day Care,No,Recovered
P100587,H082,Orthopedics,2025-04-19,2025-04-25,Inpatient,Yes,Under Treatment
P100588,H086,Pediatrics,2026-03-22,2026-03-28,Outpatient,No,Under Treatment
P100589,H032,Orthopedics,2026-01-16,2026-01-16,Inpatient,No,Transferred
P100590,H049,Neurology,2025-03-08,2025-03-09,Emergency,Yes,Under Treatment
P100591,H023,Orthopedics,2025-10-02,2025-10-12,Day Care,No,Recovered
P100592,H014,Dermatology,2025-05-14,2025-05-15,Emergency,Yes,Under Treatment
P100593,H054,ICU,2025-12-14,2025-12-15,Inpatient,No,Under Treatment
P100594,H065,Cardiology,2026-03-07,2026-03-09,Inpatient,Yes,Under Treatment
P100595,H028,Neurology,2025-06-15,2025-06-25,Outpatient,Yes,Under Treatment
P100596,H090,General Medicine,2025-01-07,2025-01-16,Day Care,Yes,Recovered
P100597,H040,Dermatology,2025-03-21,2025-03-21,Inpatient,No,Under Treatment
P100598,H030,ICU,2026-01-11,2026-01-20,Day Care,Yes,Recovered
P100599,H099,Dermatology,2025-09-24,2025-09-24,Day Care,No,Transferred
P100600,H019,Radiology,2026-03-28,2026-03-31,Inpatient,Yes,Transferred
P100601,H090,ICU,2025-10-10,2025-10-14,Emergency,No,Recovered
P100602,H024,Pediatrics,2026-03-03,2026-03-08,Emergency,Yes,Under Treatment
P100603,H047,Emergency,2025-08-10,2025-08-10,Day Care,No,Transferred
P100604,H065,Neurology,2026-01-21,2026-01-26,Emergency,Yes,Under Treatment
P100605,H067,ICU,2025-12-17,2025-12-19,Inpatient,No,Under Treatment
P100606,H061,Orthopedics,2025-11-21,2025-11-30,Day Care,Yes,Recovered
P100607,H075,Orthopedics,2025-04-27,2025-05-07,Emergency,No,Transferred
P100608,H014,General Medicine,2025-06-04,2025-06-08,Day Care,Yes,Under Treatment
P100609,H057,Emergency,2025-03-13,2025-03-20,Emergency,Yes,Recovered
P100610,H085,Radiology,2025-07-21,2025-07-31,Day Care,No,Under Treatment
P100611,H033,Cardiology,2026-04-27,2026-04-27,Inpatient,No,Transferred
P100612,H086,Oncology,2026-04-12,2026-04-18,Emergency,Yes,Transferred
P100613,H074,Oncology,2025-01-13,2025-01-20,Inpatient,Yes,Transferred
P100614,H007,General Medicine,2025-05-09,2025-05-19,Day Care,No,Transferred
P100615,H090,Orthopedics,2026-03-26,2026-03-26,Emergency,No,Recovered
P100616,H024,Pediatrics,2026-01-25,2026-02-01,Inpatient,Yes,Recovered
P100617,H082,General Medicine,2025-09-28,2025-09-29,Emergency,Yes,Transferred
P100618,H014,Cardiology,2026-04-08,2026-04-12,Emergency,Yes,Transferred
P100619,H008,Dermatology,2025-07-25,2025-07-25,Inpatient,No,Transferred
P100620,H008,Radiology,2025-12-21,2025-12-30,Day Care,No,Recovered
P100621,H021,Neurology,2025-08-22,2025-08-30,Inpatient,No,Transferred
P100622,H064,Radiology,2026-02-28,2026-03-04,Inpatient,Yes,Recovered
P100623,H091,Neurology,2025-07-24,2025-07-27,Day Care,No,Recovered
P100624,H055,Emergency,2026-04-20,2026-04-23,Day Care,Yes,Under Treatment
P100625,H076,Neurology,2026-05-15,2026-05-18,Emergency,No,Under Treatment
P100626,H097,Oncology,2025-07-06,2025-07-13,Outpatient,No,Recovered
P100627,H071,Radiology,2026-03-01,2026-03-09,Inpatient,No,Under Treatment
P100628,H015,Pediatrics,2026-03-14,2026-03-21,Day Care,Yes,Under Treatment
P100629,H031,General Medicine,2025-01-19,2025-01-21,Day Care,No,Recovered
P100630,H077,Pediatrics,2025-07-28,2025-07-29,Day Care,No,Under Treatment
P100631,H062,Neurology,2026-03-26,2026-04-01,Emergency,Yes,Under Treatment
P100632,H016,Pediatrics,2026-04-16,2026-04-22,Inpatient,No,Under Treatment
P100633,H087,Dermatology,2025-10-24,2025-10-25,Outpatient,Yes,Transferred
P100634,H026,Orthopedics,2025-03-17,2025-03-25,Inpatient,Yes,Under Treatment
P100635,H058,Dermatology,2026-02-17,2026-02-25,Inpatient,Yes,Recovered
P100636,H098,Pediatrics,2025-09-06,2025-09-08,Inpatient,No,Transferred
P100637,H032,General Medicine,2026-01-07,2026-01-13,Day Care,No,Transferred
P100638,H009,Dermatology,2025-08-09,2025-08-14,Outpatient,No,Transferred
P100639,H059,Cardiology,2025-05-05,2025-05-14,Outpatient,No,Transferred
P100640,H080,Dermatology,2025-02-13,2025-02-17,Outpatient,Yes,Under Treatment
P100641,H057,ICU,2026-02-24,2026-02-24,Emergency,Yes,Recovered
P100642,H071,Emergency,2025-04-19,2025-04-25,Inpatient,Yes,Transferred
P100643,H055,Radiology,2026-04-16,2026-04-17,Emergency,Yes,Recovered
P100644,H082,General Medicine,2025-12-13,2025-12-21,Outpatient,No,Recovered
P100645,H031,Orthopedics,2026-01-15,2026-01-17,Emergency,Yes,Recovered
P100646,H049,Cardiology,2025-06-06,2025-06-09,Day Care,No,Transferred
P100647,H048,Radiology,2025-11-27,2025-12-03,Day Care,Yes,Under Treatment
P100648,H039,Cardiology,2025-10-02,2025-10-03,Outpatient,No,Transferred
P100649,H065,Pediatrics,2025-12-29,2026-01-06,Outpatient,No,Transferred
P100650,H048,Dermatology,2025-06-05,2025-06-12,Outpatient,Yes,Transferred
P100651,H086,Cardiology,2025-02-12,2025-02-21,Outpatient,No,Under Treatment
P100652,H049,Radiology,2025-07-01,2025-07-10,Emergency,No,Under Treatment
P100653,H081,Oncology,2025-04-16,2025-04-19,Day Care,Yes,Under Treatment
P100654,H010,Dermatology,2025-04-13,2025-04-18,Inpatient,No,Recovered
P100655,H071,Radiology,2026-04-11,2026-04-12,Day Care,No,Recovered
P100656,H068,Neurology,2025-08-28,2025-08-28,Outpatient,No,Transferred
P100657,H009,Emergency,2025-06-17,2025-06-19,Emergency,Yes,Under Treatment
P100658,H014,Oncology,2025-10-25,2025-10-29,Emergency,Yes,Under Treatment
P100659,H091,General Medicine,2025-05-13,2025-05-18,Emergency,No,Recovered
P100660,H082,Radiology,2025-03-10,2025-03-14,Emergency,No,Transferred
P100661,H098,Emergency,2026-02-10,2026-02-19,Day Care,Yes,Under Treatment
P100662,H005,Neurology,2025-05-25,2025-06-02,Outpatient,Yes,Recovered
P100663,H062,Dermatology,2026-03-02,2026-03-04,Emergency,No,Under Treatment
P100664,H053,ICU,2025-01-05,2025-01-11,Day Care,Yes,Recovered
P100665,H011,Oncology,2025-06-26,2025-07-01,Day Care,No,Recovered
P100666,H011,ICU,2026-05-15,2026-05-15,Outpatient,No,Transferred
P100667,H048,General Medicine,2025-02-22,2025-03-02,Inpatient,Yes,Transferred
P100668,H052,Cardiology,2025-07-02,2025-07-08,Day Care,No,Under Treatment
P100669,H024,Neurology,2025-04-07,2025-04-13,Inpatient,Yes,Under Treatment
P100670,H035,Emergency,2025-10-04,2025-10-04,Inpatient,No,Recovered
P100671,H093,Dermatology,2025-11-05,2025-11-08,Day Care,Yes,Recovered
P100672,H055,Dermatology,2025-12-26,2025-12-27,Inpatient,No,Under Treatment
P100673,H068,Radiology,2025-03-28,2025-03-29,Inpatient,No,Recovered
P100674,H086,Cardiology,2025-12-19,2025-12-29,Inpatient,No,Transferred
P100675,H012,Oncology,2025-10-06,2025-10-06,Inpatient,No,Transferred
P100676,H024,Neurology,2025-06-17,2025-06-20,Emergency,No,Under Treatment
P100677,H005,Cardiology,2025-11-10,2025-11-13,Emergency,No,Recovered
P100678,H063,Cardiology,2026-04-06,2026-04-08,Inpatient,Yes,Under Treatment
P100679,H094,ICU,2026-04-26,2026-05-01,Emergency,Yes,Under Treatment
P100680,H014,General Medicine,2025-08-19,2025-08-27,Inpatient,Yes,Under Treatment
P100681,H042,Orthopedics,2025-10-29,2025-11-07,Emergency,Yes,Recovered
P100682,H017,ICU,2025-06-27,2025-07-07,Emergency,Yes,Under Treatment
P100683,H026,Pediatrics,2025-11-08,2025-11-10,Outpatient,Yes,Under Treatment
P100684,H011,Orthopedics,2025-12-13,2025-12-17,Outpatient,Yes,Recovered
P100685,H043,General Medicine,2025-12-03,2025-12-13,Outpatient,Yes,Under Treatment
P100686,H003,Emergency,2025-07-24,2025-08-03,Inpatient,Yes,Recovered
P100687,H018,Radiology,2026-04-03,2026-04-09,Inpatient,No,Under Treatment
P100688,H087,Radiology,2026-05-01,2026-05-11,Emergency,No,Transferred
P100689,H084,Emergency,2025-01-07,2025-01-16,Inpatient,Yes,Recovered
P100690,H095,Radiology,2026-04-11,2026-04-21,Inpatient,No,Transferred
P100691,H049,Radiology,2025-09-28,2025-10-02,Emergency,Yes,Recovered
P100692,H038,Emergency,2026-01-09,2026-01-12,Emergency,No,Under Treatment
P100693,H039,Emergency,2025-08-22,2025-08-22,Inpatient,Yes,Under Treatment
P100694,H098,Cardiology,2025-04-12,2025-04-15,Day Care,Yes,Recovered
P100695,H051,Emergency,2025-09-04,2025-09-09,Inpatient,No,Recovered
P100696,H041,Cardiology,2025-04-23,2025-04-26,Emergency,Yes,Recovered
P100697,H051,Emergency,2026-02-14,2026-02-24,Day Care,No,Transferred
P100698,H088,Radiology,2025-11-17,2025-11-20,Day Care,Yes,Transferred
P100699,H031,Cardiology,2025-05-06,2025-05-10,Outpatient,No,Recovered
P100700,H022,Radiology,2026-03-04,2026-03-07,Outpatient,Yes,Transferred
P100701,H079,Dermatology,2025-03-08,2025-03-15,Outpatient,No,Recovered
P100702,H017,Orthopedics,2025-11-06,2025-11-10,Inpatient,Yes,Under Treatment
P100703,H092,Radiology,2025-06-19,2025-06-20,Inpatient,Yes,Recovered
P100704,H073,Emergency,2025-11-06,2025-11-16,Emergency,Yes,Under Treatment
P100705,H100,Dermatology,2025-07-31,2025-08-05,Day Care,No,Under Treatment
P100706,H073,ICU,2025-11-20,2025-11-26,Emergency,No,Under Treatment
P100707,H087,General Medicine,2025-12-04,2025-12-05,Day Care,Yes,Recovered
P100708,H005,Emergency,2025-03-24,2025-04-02,Outpatient,No,Transferred
P100709,H023,Orthopedics,2025-02-24,2025-02-27,Emergency,Yes,Recovered
P100710,H017,Neurology,2026-01-30,2026-02-02,Outpatient,Yes,Recovered
P100711,H083,Cardiology,2025-05-29,2025-05-31,Emergency,No,Recovered
P100712,H025,Cardiology,2026-01-21,2026-01-23,Outpatient,Yes,Under Treatment
P100713,H044,General Medicine,2025-09-09,2025-09-19,Outpatient,Yes,Recovered
P100714,H004,Radiology,2025-07-02,2025-07-04,Inpatient,Yes,Under Treatment
P100715,H023,ICU,2025-07-02,2025-07-08,Outpatient,Yes,Under Treatment
P100716,H056,Cardiology,2025-08-11,2025-08-13,Outpatient,Yes,Transferred
P100717,H031,General Medicine,2025-09-03,2025-09-07,Emergency,Yes,Transferred
P100718,H032,Cardiology,2025-06-29,2025-07-02,Emergency,No,Recovered
P100719,H063,Oncology,2025-05-01,2025-05-01,Inpatient,No,Transferred
P100720,H098,Emergency,2026-04-22,2026-05-02,Outpatient,No,Recovered
P100721,H059,Emergency,2025-11-07,2025-11-14,Day Care,No,Transferred
P100722,H071,General Medicine,2025-02-15,2025-02-18,Inpatient,No,Recovered
P100723,H002,Emergency,2026-05-13,2026-05-20,Emergency,No,Under Treatment
P100724,H040,Neurology,2026-02-12,2026-02-16,Outpatient,Yes,Transferred
P100725,H004,Neurology,2025-05-01,2025-05-10,Day Care,No,Recovered
P100726,H079,ICU,2025-05-04,2025-05-07,Day Care,Yes,Under Treatment
P100727,H076,Pediatrics,2026-03-31,2026-04-02,Emergency,Yes,Under Treatment
P100728,H090,General Medicine,2026-01-26,2026-02-03,Emergency,No,Under Treatment
P100729,H029,General Medicine,2025-01-05,2025-01-07,Emergency,Yes,Recovered
P100730,H020,Cardiology,2025-01-26,2025-01-30,Inpatient,No,Transferred
P100731,H071,ICU,2025-12-30,2025-12-31,Emergency,No,Under Treatment
P100732,H052,Pediatrics,2025-10-04,2025-10-11,Inpatient,Yes,Recovered
P100733,H016,General Medicine,2025-08-26,2025-08-26,Outpatient,No,Under Treatment
P100734,H006,General Medicine,2026-02-05,2026-02-13,Emergency,Yes,Recovered
P100735,H086,ICU,2025-11-13,2025-11-17,Inpatient,Yes,Under Treatment
P100736,H009,Oncology,2025-10-22,2025-10-30,Inpatient,No,Under Treatment
P100737,H009,Emergency,2025-06-25,2025-07-05,Day Care,Yes,Under Treatment
P100738,H092,Oncology,2026-03-17,2026-03-19,Outpatient,No,Under Treatment
P100739,H037,Oncology,2026-01-30,2026-02-01,Day Care,No,Transferred
P100740,H053,Neurology,2025-07-06,2025-07-16,Day Care,No,Recovered
P100741,H030,ICU,2025-12-04,2025-12-09,Inpatient,No,Recovered
P100742,H060,Pediatrics,2026-05-02,2026-05-10,Emergency,No,Under Treatment
P100743,H088,Orthopedics,2025-08-28,2025-08-28,Emergency,No,Transferred
P100744,H049,Neurology,2025-08-19,2025-08-22,Emergency,Yes,Transferred
P100745,H008,Oncology,2025-12-28,2026-01-05,Emergency,No,Transferred
P100746,H094,Cardiology,2025-08-05,2025-08-12,Emergency,Yes,Under Treatment
P100747,H095,Neurology,2025-12-17,2025-12-19,Day Care,Yes,Recovered
P100748,H082,General Medicine,2025-08-22,2025-09-01,Inpatient,Yes,Under Treatment
P100749,H058,Neurology,2025-02-25,2025-02-25,Day Care,No,Under Treatment
P100750,H007,Orthopedics,2026-02-02,2026-02-05,Outpatient,No,Under Treatment
P100751,H097,General Medicine,2025-07-23,2025-08-01,Inpatient,Yes,Under Treatment
P100752,H069,Neurology,2025-05-26,2025-06-03,Emergency,No,Transferred
P100753,H088,ICU,2025-05-15,2025-05-16,Inpatient,Yes,Transferred
P100754,H092,Orthopedics,2026-05-09,2026-05-11,Day Care,Yes,Transferred
P100755,H099,Dermatology,2025-02-12,2025-02-15,Outpatient,Yes,Transferred
P100756,H092,Orthopedics,2026-01-15,2026-01-24,Emergency,Yes,Under Treatment
P100757,H010,General Medicine,2025-07-30,2025-08-05,Day Care,Yes,Recovered
P100758,H085,Dermatology,2025-07-28,2025-08-04,Emergency,No,Under Treatment
P100759,H059,Oncology,2025-12-29,2026-01-03,Emergency,No,Recovered
P100760,H058,General Medicine,2025-08-30,2025-09-09,Emergency,No,Under Treatment
P100761,H093,Radiology,2026-04-19,2026-04-20,Inpatient,No,Under Treatment
P100762,H017,Pediatrics,2026-01-02,2026-01-10,Inpatient,No,Recovered
P100763,H056,Emergency,2025-04-22,2025-04-29,Day Care,No,Transferred
P100764,H020,Oncology,2026-01-28,2026-02-04,Outpatient,Yes,Transferred
P100765,H096,General Medicine,2025-02-26,2025-03-01,Day Care,Yes,Transferred
P100766,H085,Dermatology,2025-04-24,2025-04-30,Emergency,Yes,Transferred
P100767,H089,Oncology,2025-03-10,2025-03-10,Outpatient,Yes,Under Treatment
P100768,H004,Radiology,2025-06-07,2025-06-17,Emergency,No,Recovered
P100769,H095,Pediatrics,2025-02-15,2025-02-25,Outpatient,Yes,Transferred
P100770,H044,Dermatology,2026-04-17,2026-04-18,Outpatient,Yes,Under Treatment
P100771,H010,Pediatrics,2025-12-05,2025-12-15,Inpatient,No,Recovered
P100772,H011,ICU,2025-09-24,2025-09-26,Emergency,No,Transferred
P100773,H095,Neurology,2025-05-09,2025-05-12,Emergency,Yes,Under Treatment
P100774,H019,ICU,2025-02-01,2025-02-01,Day Care,Yes,Recovered
P100775,H045,Neurology,2025-01-31,2025-02-03,Emergency,Yes,Transferred
P100776,H076,Pediatrics,2026-01-20,2026-01-29,Outpatient,Yes,Transferred
P100777,H075,Pediatrics,2025-03-19,2025-03-27,Outpatient,No,Recovered
P100778,H057,Cardiology,2025-08-03,2025-08-03,Day Care,No,Under Treatment
P100779,H094,Neurology,2025-05-21,2025-05-30,Day Care,No,Transferred
P100780,H019,Emergency,2025-07-22,2025-07-31,Inpatient,No,Under Treatment
P100781,H006,Emergency,2026-02-04,2026-02-06,Emergency,Yes,Recovered
P100782,H030,Pediatrics,2025-02-05,2025-02-12,Day Care,Yes,Under Treatment
P100783,H096,Neurology,2026-05-06,2026-05-16,Inpatient,No,Recovered
P100784,H005,ICU,2025-03-25,2025-03-29,Emergency,No,Recovered
P100785,H080,Cardiology,2025-02-18,2025-02-20,Day Care,Yes,Transferred
P100786,H022,Cardiology,2025-10-16,2025-10-26,Emergency,Yes,Recovered
P100787,H057,Cardiology,2025-11-26,2025-12-05,Emergency,Yes,Recovered
P100788,H045,Orthopedics,2025-03-01,2025-03-02,Day Care,Yes,Transferred
P100789,H067,Oncology,2026-01-05,2026-01-07,Emergency,No,Under Treatment
P100790,H012,ICU,2025-07-28,2025-07-31,Day Care,No,Transferred
P100791,H086,Oncology,2025-11-22,2025-12-02,Emergency,Yes,Transferred
P100792,H098,ICU,2025-07-12,2025-07-21,Day Care,Yes,Under Treatment
P100793,H054,Orthopedics,2025-09-23,2025-09-28,Outpatient,No,Under Treatment
P100794,H085,Radiology,2026-02-24,2026-02-28,Outpatient,Yes,Under Treatment
P100795,H061,Neurology,2026-02-19,2026-02-20,Outpatient,No,Recovered
P100796,H045,Pediatrics,2025-04-08,2025-04-09,Outpatient,Yes,Recovered
P100797,H012,Orthopedics,2025-12-18,2025-12-25,Inpatient,No,Under Treatment
P100798,H037,ICU,2025-06-08,2025-06-15,Outpatient,Yes,Transferred
P100799,H075,Radiology,2025-11-07,2025-11-08,Inpatient,Yes,Recovered
P100800,H094,Emergency,2025-04-26,2025-05-03,Inpatient,No,Recovered
P100801,H066,ICU,2026-01-02,2026-01-02,Outpatient,No,Transferred
P100802,H057,Cardiology,2026-02-04,2026-02-10,Emergency,No,Recovered
P100803,H077,Emergency,2026-01-24,2026-01-24,Emergency,No,Transferred
P100804,H055,Neurology,2025-05-29,2025-05-29,Day Care,Yes,Transferred
P100805,H003,Cardiology,2025-06-26,2025-06-30,Outpatient,No,Recovered
P100806,H045,Radiology,2025-05-24,2025-05-24,Emergency,Yes,Transferred
P100807,H040,Pediatrics,2025-06-02,2025-06-06,Inpatient,Yes,Under Treatment
P100808,H070,Orthopedics,2025-06-11,2025-06-19,Outpatient,Yes,Under Treatment
P100809,H045,ICU,2025-03-16,2025-03-22,Outpatient,No,Recovered
P100810,H032,General Medicine,2026-01-28,2026-01-28,Day Care,Yes,Transferred
P100811,H062,Dermatology,2025-11-04,2025-11-12,Inpatient,No,Recovered
P100812,H069,Neurology,2026-04-13,2026-04-13,Inpatient,No,Recovered
P100813,H014,Cardiology,2025-06-11,2025-06-20,Emergency,Yes,Transferred
P100814,H052,Neurology,2025-05-11,2025-05-11,Emergency,No,Under Treatment
P100815,H060,Neurology,2026-03-18,2026-03-28,Day Care,Yes,Transferred
P100816,H031,Emergency,2025-10-12,2025-10-14,Inpatient,Yes,Under Treatment
P100817,H024,Cardiology,2025-01-24,2025-02-02,Inpatient,Yes,Transferred
P100818,H078,General Medicine,2025-11-05,2025-11-07,Inpatient,No,Under Treatment
P100819,H045,Cardiology,2025-10-21,2025-10-29,Emergency,No,Under Treatment
P100820,H025,Dermatology,2025-09-24,2025-10-04,Outpatient,No,Transferred
P100821,H051,Dermatology,2025-01-06,2025-01-16,Day Care,Yes,Recovered
P100822,H079,Oncology,2025-01-19,2025-01-22,Outpatient,Yes,Recovered
P100823,H088,Emergency,2025-10-10,2025-10-20,Outpatient,Yes,Recovered
P100824,H048,Emergency,2025-08-23,2025-08-28,Emergency,No,Recovered
P100825,H060,Cardiology,2025-06-20,2025-06-29,Outpatient,No,Recovered
P100826,H084,Neurology,2026-05-02,2026-05-10,Day Care,Yes,Recovered
P100827,H053,Dermatology,2025-07-25,2025-07-30,Day Care,No,Transferred
P100828,H063,Radiology,2025-10-07,2025-10-15,Day Care,Yes,Recovered
P100829,H002,General Medicine,2025-11-17,2025-11-21,Outpatient,No,Recovered
P100830,H001,Cardiology,2025-07-20,2025-07-26,Outpatient,Yes,Under Treatment
P100831,H043,Oncology,2025-09-18,2025-09-27,Day Care,No,Transferred
P100832,H040,General Medicine,2026-04-28,2026-05-07,Outpatient,No,Transferred
P100833,H082,Cardiology,2025-08-09,2025-08-10,Day Care,No,Recovered
P100834,H001,Emergency,2025-09-26,2025-09-27,Emergency,Yes,Transferred
P100835,H027,General Medicine,2025-10-04,2025-10-04,Inpatient,No,Recovered
P100836,H009,ICU,2026-05-09,2026-05-09,Inpatient,No,Under Treatment
P100837,H069,Emergency,2025-07-09,2025-07-19,Outpatient,No,Under Treatment
P100838,H070,ICU,2025-12-01,2025-12-09,Emergency,Yes,Transferred
P100839,H043,Oncology,2025-02-05,2025-02-09,Inpatient,No,Under Treatment
P100840,H039,Emergency,2026-03-29,2026-04-05,Day Care,Yes,Recovered
P100841,H100,General Medicine,2026-01-17,2026-01-20,Outpatient,No,Transferred
P100842,H087,Dermatology,2025-09-19,2025-09-20,Day Care,No,Under Treatment
P100843,H086,Emergency,2025-11-27,2025-12-02,Outpatient,No,Under Treatment
P100844,H093,Oncology,2026-01-25,2026-02-03,Outpatient,No,Recovered
P100845,H034,Orthopedics,2025-06-17,2025-06-26,Inpatient,No,Under Treatment
P100846,H088,Cardiology,2025-02-05,2025-02-14,Outpatient,No,Under Treatment
P100847,H072,Dermatology,2025-09-18,2025-09-19,Emergency,Yes,Under Treatment
P100848,H024,Pediatrics,2026-02-22,2026-02-26,Emergency,No,Under Treatment
P100849,H040,Emergency,2025-06-09,2025-06-19,Outpatient,No,Under Treatment
P100850,H046,Neurology,2025-03-22,2025-03-24,Day Care,No,Recovered
P100851,H075,Emergency,2026-03-24,2026-04-03,Outpatient,Yes,Recovered
P100852,H056,Orthopedics,2025-10-03,2025-10-09,Emergency,Yes,Recovered
P100853,H088,Cardiology,2025-01-21,2025-01-28,Outpatient,No,Under Treatment
P100854,H005,Neurology,2025-04-14,2025-04-16,Emergency,No,Recovered
P100855,H083,Pediatrics,2025-05-27,2025-05-28,Emergency,Yes,Recovered
P100856,H036,Emergency,2026-02-12,2026-02-12,Outpatient,No,Under Treatment
P100857,H042,General Medicine,2025-09-25,2025-10-03,Emergency,No,Transferred
P100858,H027,Dermatology,2026-03-10,2026-03-13,Day Care,No,Recovered
P100859,H082,Oncology,2025-01-04,2025-01-12,Emergency,No,Recovered
P100860,H018,Oncology,2025-03-22,2025-03-27,Inpatient,No,Under Treatment
P100861,H098,Emergency,2026-03-08,2026-03-13,Outpatient,No,Under Treatment
P100862,H041,Oncology,2025-11-05,2025-11-06,Day Care,Yes,Recovered
P100863,H061,Cardiology,2025-05-07,2025-05-13,Day Care,Yes,Transferred
P100864,H025,Oncology,2025-04-23,2025-04-23,Inpatient,No,Under Treatment
P100865,H024,Radiology,2026-04-15,2026-04-22,Outpatient,No,Transferred
P100866,H092,General Medicine,2026-02-10,2026-02-11,Inpatient,No,Transferred
P100867,H070,Radiology,2025-10-01,2025-10-10,Inpatient,No,Recovered
P100868,H074,Neurology,2025-10-05,2025-10-09,Emergency,Yes,Under Treatment
P100869,H003,Cardiology,2026-03-12,2026-03-14,Emergency,No,Under Treatment
P100870,H059,General Medicine,2025-03-20,2025-03-25,Day Care,Yes,Recovered
P100871,H028,Cardiology,2025-04-02,2025-04-04,Inpatient,Yes,Transferred
P100872,H098,Emergency,2026-04-22,2026-05-02,Emergency,No,Recovered
P100873,H047,Emergency,2025-04-13,2025-04-23,Emergency,Yes,Recovered
P100874,H054,Pediatrics,2026-05-13,2026-05-23,Day Care,No,Under Treatment
P100875,H008,Oncology,2026-04-24,2026-04-24,Outpatient,Yes,Transferred
P100876,H009,Dermatology,2025-10-02,2025-10-08,Emergency,No,Recovered
P100877,H003,Orthopedics,2025-12-30,2025-12-31,Emergency,No,Transferred
P100878,H034,General Medicine,2026-04-03,2026-04-04,Outpatient,Yes,Recovered
P100879,H003,Oncology,2026-04-24,2026-04-25,Emergency,Yes,Under Treatment
P100880,H041,Cardiology,2025-02-10,2025-02-19,Inpatient,No,Transferred
P100881,H078,General Medicine,2025-12-31,2026-01-07,Emergency,Yes,Transferred
P100882,H060,Cardiology,2025-01-06,2025-01-12,Outpatient,Yes,Transferred
P100883,H006,Neurology,2026-04-25,2026-05-02,Day Care,No,Under Treatment
P100884,H010,Radiology,2025-12-18,2025-12-22,Inpatient,Yes,Recovered
P100885,H073,Emergency,2025-07-29,2025-07-29,Emergency,No,Transferred
P100886,H003,Radiology,2026-05-13,2026-05-23,Inpatient,No,Transferred
P100887,H007,ICU,2025-09-10,2025-09-19,Day Care,No,Recovered
P100888,H061,Emergency,2025-10-23,2025-10-31,Outpatient,Yes,Under Treatment
P100889,H013,Orthopedics,2026-01-10,2026-01-15,Outpatient,Yes,Recovered
P100890,H066,Dermatology,2025-10-02,2025-10-09,Inpatient,Yes,Transferred
P100891,H020,Pediatrics,2025-12-17,2025-12-21,Emergency,No,Recovered
P100892,H051,Dermatology,2026-04-28,2026-05-04,Inpatient,Yes,Transferred
P100893,H002,Emergency,2025-05-14,2025-05-14,Emergency,No,Under Treatment
P100894,H042,Emergency,2025-03-04,2025-03-09,Inpatient,Yes,Under Treatment
P100895,H059,Pediatrics,2025-05-04,2025-05-13,Outpatient,Yes,Under Treatment
P100896,H013,Oncology,2025-06-30,2025-07-04,Emergency,No,Under Treatment
P100897,H004,Oncology,2025-03-10,2025-03-10,Emergency,Yes,Under Treatment
P100898,H097,Radiology,2025-11-11,2025-11-16,Day Care,Yes,Transferred
P100899,H021,ICU,2025-02-01,2025-02-10,Outpatient,Yes,Under Treatment
P100900,H086,Emergency,2026-02-08,2026-02-08,Outpatient,Yes,Transferred
P100901,H099,General Medicine,2025-04-06,2025-04-08,Inpatient,No,Recovered
P100902,H066,Pediatrics,2025-06-22,2025-06-24,Inpatient,Yes,Transferred
P100903,H074,Radiology,2025-09-21,2025-09-26,Day Care,No,Recovered
P100904,H029,Orthopedics,2025-07-13,2025-07-19,Inpatient,Yes,Recovered
P100905,H071,Orthopedics,2025-02-27,2025-02-28,Day Care,Yes,Recovered
P100906,H098,ICU,2026-02-11,2026-02-11,Outpatient,No,Transferred
P100907,H009,Emergency,2025-01-25,2025-02-03,Day Care,Yes,Under Treatment
P100908,H039,Orthopedics,2026-02-05,2026-02-15,Day Care,No,Under Treatment
P100909,H079,Radiology,2026-01-26,2026-02-02,Inpatient,No,Recovered
P100910,H028,Pediatrics,2025-06-22,2025-06-28,Outpatient,Yes,Transferred
P100911,H046,ICU,2025-03-11,2025-03-18,Emergency,Yes,Recovered
P100912,H052,Dermatology,2026-04-18,2026-04-19,Emergency,No,Transferred
P100913,H073,Pediatrics,2025-02-28,2025-03-10,Inpatient,No,Transferred
P100914,H034,Dermatology,2025-01-26,2025-02-01,Emergency,No,Under Treatment
P100915,H064,General Medicine,2026-01-16,2026-01-18,Outpatient,No,Recovered
P100916,H084,Dermatology,2025-09-14,2025-09-22,Day Care,No,Transferred
P100917,H010,Neurology,2026-03-20,2026-03-28,Day Care,Yes,Recovered
P100918,H057,Pediatrics,2025-11-10,2025-11-18,Inpatient,Yes,Transferred
P100919,H012,General Medicine,2025-01-21,2025-01-23,Inpatient,Yes,Recovered
P100920,H048,ICU,2025-08-10,2025-08-17,Day Care,No,Recovered
P100921,H015,Oncology,2025-04-11,2025-04-16,Outpatient,No,Under Treatment
P100922,H036,Pediatrics,2026-05-12,2026-05-17,Inpatient,No,Transferred
P100923,H042,Pediatrics,2025-08-22,2025-08-30,Inpatient,No,Transferred
P100924,H080,Emergency,2025-11-15,2025-11-23,Day Care,No,Transferred
P100925,H088,Neurology,2026-03-18,2026-03-22,Outpatient,No,Under Treatment
P100926,H065,Cardiology,2025-09-12,2025-09-16,Outpatient,Yes,Recovered
P100927,H021,Cardiology,2026-02-04,2026-02-07,Day Care,Yes,Transferred
P100928,H002,Cardiology,2025-02-24,2025-02-28,Emergency,Yes,Recovered
P100929,H023,Emergency,2025-03-09,2025-03-18,Inpatient,No,Recovered
P100930,H082,Cardiology,2025-05-16,2025-05-17,Day Care,Yes,Under Treatment
P100931,H074,ICU,2025-04-23,2025-05-01,Emergency,Yes,Recovered
P100932,H062,Neurology,2025-12-20,2025-12-28,Emergency,No,Transferred
P100933,H002,Dermatology,2025-01-14,2025-01-17,Emergency,Yes,Under Treatment
P100934,H035,Dermatology,2025-01-27,2025-02-06,Outpatient,Yes,Recovered
P100935,H013,Emergency,2025-10-19,2025-10-22,Day Care,Yes,Transferred
P100936,H090,Radiology,2025-03-17,2025-03-17,Day Care,Yes,Recovered
P100937,H010,ICU,2026-03-05,2026-03-15,Day Care,No,Transferred
P100938,H088,Orthopedics,2026-04-23,2026-04-26,Day Care,No,Under Treatment
P100939,H017,Oncology,2025-04-30,2025-04-30,Inpatient,No,Recovered
P100940,H065,Cardiology,2025-04-07,2025-04-07,Outpatient,No,Under Treatment
P100941,H098,Pediatrics,2025-03-22,2025-03-28,Outpatient,No,Recovered
P100942,H094,ICU,2025-05-31,2025-06-07,Emergency,No,Recovered
P100943,H043,Oncology,2025-11-15,2025-11-23,Outpatient,Yes,Recovered
P100944,H078,Dermatology,2025-02-06,2025-02-14,Inpatient,Yes,Under Treatment
P100945,H081,Cardiology,2025-11-08,2025-11-09,Inpatient,No,Transferred
P100946,H090,Cardiology,2025-02-11,2025-02-20,Outpatient,No,Transferred
P100947,H083,Neurology,2025-08-22,2025-08-31,Emergency,No,Transferred
P100948,H067,ICU,2026-05-04,2026-05-14,Day Care,No,Transferred
P100949,H016,Orthopedics,2025-02-11,2025-02-18,Day Care,No,Under Treatment
P100950,H034,Pediatrics,2025-02-25,2025-03-02,Day Care,No,Transferred
P100951,H037,Emergency,2026-05-01,2026-05-08,Emergency,Yes,Transferred
P100952,H069,Neurology,2025-04-21,2025-04-23,Inpatient,Yes,Recovered
P100953,H024,Dermatology,2025-12-18,2025-12-23,Emergency,No,Under Treatment
P100954,H036,ICU,2025-08-18,2025-08-21,Emergency,Yes,Transferred
P100955,H034,Cardiology,2026-02-15,2026-02-22,Inpatient,No,Under Treatment
P100956,H074,Neurology,2025-04-12,2025-04-13,Inpatient,No,Transferred
P100957,H093,ICU,2025-03-15,2025-03-22,Emergency,Yes,Under Treatment
P100958,H034,ICU,2025-08-10,2025-08-14,Emergency,No,Recovered
P100959,H009,Orthopedics,2025-10-22,2025-10-22,Outpatient,Yes,Transferred
P100960,H041,Neurology,2025-03-20,2025-03-29,Emergency,No,Recovered
P100961,H074,Dermatology,2025-03-09,2025-03-15,Outpatient,Yes,Transferred
P100962,H005,Cardiology,2025-11-03,2025-11-08,Inpatient,Yes,Recovered
P100963,H088,Dermatology,2026-03-19,2026-03-20,Outpatient,Yes,Recovered
P100964,H057,Oncology,2025-02-20,2025-02-25,Emergency,Yes,Transferred
P100965,H090,Neurology,2025-02-14,2025-02-22,Day Care,No,Recovered
P100966,H021,Emergency,2025-03-03,2025-03-11,Emergency,Yes,Recovered
P100967,H090,Emergency,2025-03-29,2025-04-07,Day Care,No,Transferred
P100968,H004,Emergency,2025-05-30,2025-05-30,Day Care,Yes,Under Treatment
P100969,H069,Neurology,2025-05-18,2025-05-26,Emergency,No,Recovered
P100970,H052,Orthopedics,2025-11-23,2025-11-30,Emergency,Yes,Under Treatment
P100971,H060,Emergency,2025-03-01,2025-03-08,Emergency,Yes,Under Treatment
P100972,H062,Oncology,2025-05-29,2025-05-31,Emergency,No,Under Treatment
P100973,H041,Neurology,2025-10-30,2025-11-01,Day Care,Yes,Transferred
P100974,H089,ICU,2025-12-18,2025-12-26,Day Care,Yes,Transferred
P100975,H090,Pediatrics,2025-03-24,2025-04-03,Inpatient,Yes,Recovered
P100976,H080,Neurology,2025-07-20,2025-07-21,Inpatient,Yes,Under Treatment
P100977,H011,Neurology,2026-04-06,2026-04-07,Inpatient,No,Recovered
P100978,H039,Cardiology,2025-05-29,2025-06-05,Day Care,Yes,Transferred
P100979,H039,General Medicine,2025-01-26,2025-01-31,Outpatient,Yes,Under Treatment
P100980,H088,Radiology,2026-01-08,2026-01-08,Outpatient,Yes,Transferred
P100981,H031,Dermatology,2026-03-12,2026-03-19,Inpatient,Yes,Transferred
P100982,H087,Emergency,2026-05-10,2026-05-11,Day Care,Yes,Under Treatment
P100983,H041,General Medicine,2026-04-29,2026-04-30,Inpatient,No,Transferred
P100984,H015,Dermatology,2025-07-22,2025-08-01,Day Care,No,Transferred
P100985,H096,Pediatrics,2025-02-03,2025-02-13,Day Care,No,Recovered
P100986,H052,Pediatrics,2025-10-08,2025-10-13,Emergency,No,Transferred
P100987,H086,Orthopedics,2025-05-27,2025-06-01,Inpatient,No,Under Treatment
P100988,H079,General Medicine,2025-09-19,2025-09-25,Emergency,No,Recovered
P100989,H065,Oncology,2025-10-14,2025-10-18,Emergency,Yes,Recovered
P100990,H054,ICU,2026-03-29,2026-03-31,Day Care,No,Transferred
P100991,H057,Emergency,2026-05-01,2026-05-02,Emergency,No,Recovered
P100992,H041,Pediatrics,2025-02-17,2025-02-24,Outpatient,Yes,Recovered
P100993,H011,Orthopedics,2025-07-14,2025-07-22,Inpatient,No,Under Treatment
P100994,H048,Cardiology,2026-03-10,2026-03-16,Outpatient,No,Transferred
P100995,H068,ICU,2025-08-02,2025-08-11,Day Care,No,Recovered
P100996,H001,Pediatrics,2025-07-08,2025-07-18,Day Care,Yes,Transferred
P100997,H090,Emergency,2025-06-04,2025-06-06,Emergency,Yes,Recovered
P100998,H047,Dermatology,2025-04-05,2025-04-13,Day Care,Yes,Recovered
P100999,H043,Orthopedics,2025-06-28,2025-06-29,Outpatient,No,Recovered
P101000,H061,Orthopedics,2025-06-17,2025-06-25,Day Care,Yes,Under Treatment
P101001,H024,Neurology,2025-02-03,2025-02-13,Emergency,Yes,Under Treatment
P101002,H071,Pediatrics,2026-05-10,2026-05-18,Day Care,No,Recovered
P101003,H053,Neurology,2025-06-27,2025-07-07,Emergency,No,Recovered
P101004,H022,Neurology,2026-01-29,2026-02-04,Outpatient,No,Transferred
P101005,H059,Emergency,2025-05-04,2025-05-06,Inpatient,Yes,Transferred
P101006,H013,Neurology,2026-03-20,2026-03-30,Outpatient,No,Under Treatment
P101007,H079,ICU,2026-04-24,2026-04-26,Day Care,No,Under Treatment
P101008,H002,Orthopedics,2026-03-19,2026-03-22,Outpatient,No,Recovered
P101009,H031,ICU,2026-03-19,2026-03-27,Emergency,No,Under Treatment
P101010,H056,Emergency,2026-02-15,2026-02-23,Outpatient,No,Transferred
P101011,H008,Radiology,2025-05-28,2025-06-06,Inpatient,No,Under Treatment
P101012,H079,General Medicine,2026-03-12,2026-03-13,Emergency,No,Transferred
P101013,H056,Neurology,2025-04-10,2025-04-19,Day Care,Yes,Under Treatment
P101014,H040,Radiology,2025-11-27,2025-12-02,Inpatient,Yes,Transferred
P101015,H024,Pediatrics,2026-02-10,2026-02-12,Emergency,No,Transferred
P101016,H048,General Medicine,2026-04-30,2026-05-09,Outpatient,Yes,Recovered
P101017,H044,Radiology,2025-02-17,2025-02-24,Day Care,No,Recovered
P101018,H065,Pediatrics,2025-10-30,2025-11-08,Emergency,Yes,Under Treatment
P101019,H095,Pediatrics,2026-01-15,2026-01-22,Day Care,Yes,Transferred
P101020,H079,Radiology,2025-03-20,2025-03-28,Inpatient,Yes,Transferred
P101021,H059,Neurology,2025-06-02,2025-06-02,Inpatient,No,Transferred
P101022,H033,Cardiology,2025-09-28,2025-10-05,Inpatient,No,Recovered
P101023,H056,Neurology,2025-09-18,2025-09-26,Emergency,No,Under Treatment
P101024,H044,Orthopedics,2025-05-19,2025-05-24,Outpatient,Yes,Transferred
P101025,H038,Orthopedics,2025-11-29,2025-11-29,Inpatient,Yes,Under Treatment
P101026,H067,Cardiology,2025-09-26,2025-09-28,Emergency,No,Under Treatment
P101027,H072,ICU,2025-03-10,2025-03-11,Inpatient,Yes,Recovered
P101028,H089,ICU,2025-10-23,2025-10-27,Day Care,Yes,Recovered
P101029,H032,General Medicine,2025-02-24,2025-03-03,Emergency,Yes,Transferred
P101030,H054,Dermatology,2026-04-10,2026-04-10,Inpatient,No,Transferred
P101031,H004,Oncology,2025-11-15,2025-11-25,Inpatient,No,Recovered
P101032,H026,Radiology,2025-02-01,2025-02-11,Inpatient,Yes,Transferred
P101033,H030,Dermatology,2026-01-28,2026-02-06,Day Care,No,Recovered
P101034,H034,Emergency,2025-07-28,2025-08-01,Day Care,Yes,Under Treatment
P101035,H049,Dermatology,2025-01-29,2025-02-03,Emergency,No,Recovered
P101036,H010,Dermatology,2025-01-21,2025-01-30,Outpatient,No,Transferred
P101037,H016,Orthopedics,2026-05-09,2026-05-14,Emergency,Yes,Transferred
P101038,H064,Oncology,2026-02-19,2026-02-19,Outpatient,Yes,Transferred
P101039,H032,ICU,2026-04-08,2026-04-12,Day Care,Yes,Recovered
P101040,H096,Radiology,2025-10-25,2025-11-01,Emergency,Yes,Under Treatment
P101041,H061,Oncology,2025-09-22,2025-09-27,Day Care,No,Transferred
P101042,H097,Dermatology,2025-12-20,2025-12-22,Emergency,No,Under Treatment
P101043,H030,Emergency,2025-05-10,2025-05-18,Day Care,No,Transferred
P101044,H053,General Medicine,2025-01-31,2025-01-31,Outpatient,Yes,Recovered
P101045,H086,Dermatology,2025-08-15,2025-08-21,Emergency,No,Transferred
P101046,H026,Neurology,2025-12-29,2026-01-05,Emergency,No,Under Treatment
P101047,H054,Orthopedics,2025-12-18,2025-12-28,Day Care,No,Recovered
P101048,H028,Emergency,2025-06-03,2025-06-13,Inpatient,Yes,Under Treatment
P101049,H089,Emergency,2025-05-28,2025-05-31,Day Care,Yes,Recovered
P101050,H060,ICU,2025-04-06,2025-04-12,Day Care,No,Transferred
P101051,H046,Emergency,2026-04-27,2026-05-06,Inpatient,No,Under Treatment
P101052,H078,Neurology,2025-04-07,2025-04-16,Emergency,No,Under Treatment
P101053,H078,Emergency,2025-05-01,2025-05-03,Day Care,No,Transferred
P101054,H012,Oncology,2026-05-07,2026-05-10,Emergency,Yes,Recovered
P101055,H059,Orthopedics,2026-01-31,2026-02-02,Emergency,Yes,Recovered
P101056,H042,Radiology,2025-06-06,2025-06-14,Inpatient,No,Recovered
P101057,H023,Pediatrics,2025-08-10,2025-08-20,Inpatient,No,Recovered
P101058,H078,General Medicine,2025-02-25,2025-03-07,Inpatient,No,Transferred
P101059,H035,Orthopedics,2025-01-18,2025-01-24,Inpatient,Yes,Under Treatment
P101060,H081,Oncology,2025-01-28,2025-01-28,Day Care,No,Under Treatment
P101061,H099,Emergency,2025-06-23,2025-06-23,Day Care,Yes,Transferred
P101062,H059,Orthopedics,2026-04-27,2026-04-30,Outpatient,Yes,Transferred
P101063,H045,Neurology,2025-02-27,2025-03-02,Emergency,No,Transferred
P101064,H058,Dermatology,2025-08-03,2025-08-11,Inpatient,Yes,Recovered
P101065,H024,Cardiology,2025-03-12,2025-03-14,Emergency,Yes,Recovered
P101066,H063,Emergency,2025-12-14,2025-12-16,Inpatient,No,Under Treatment
P101067,H089,ICU,2026-01-24,2026-01-28,Outpatient,Yes,Recovered
P101068,H034,Oncology,2025-09-08,2025-09-12,Inpatient,Yes,Under Treatment
P101069,H037,Cardiology,2025-06-03,2025-06-06,Day Care,Yes,Transferred
P101070,H009,Neurology,2025-10-26,2025-10-31,Day Care,Yes,Transferred
P101071,H007,Oncology,2025-12-24,2025-12-27,Emergency,Yes,Transferred
P101072,H011,Emergency,2025-01-19,2025-01-19,Emergency,No,Recovered
P101073,H030,Dermatology,2025-07-11,2025-07-14,Outpatient,No,Under Treatment
P101074,H015,General Medicine,2025-03-29,2025-04-01,Outpatient,Yes,Transferred
P101075,H063,Neurology,2025-08-03,2025-08-05,Day Care,Yes,Under Treatment
P101076,H060,ICU,2025-06-07,2025-06-15,Inpatient,No,Transferred
P101077,H017,Emergency,2025-04-23,2025-04-28,Outpatient,Yes,Transferred
P101078,H052,Cardiology,2025-03-14,2025-03-17,Outpatient,No,Transferred
P101079,H040,Oncology,2026-05-02,2026-05-10,Day Care,Yes,Transferred
P101080,H011,General Medicine,2025-06-29,2025-07-04,Inpatient,Yes,Transferred
P101081,H007,Emergency,2025-12-26,2025-12-31,Day Care,No,Under Treatment
P101082,H094,Cardiology,2025-10-14,2025-10-21,Emergency,Yes,Transferred
P101083,H066,Oncology,2026-04-03,2026-04-10,Outpatient,Yes,Transferred
P101084,H077,Emergency,2025-10-20,2025-10-24,Emergency,No,Recovered
P101085,H004,Orthopedics,2025-01-27,2025-01-30,Emergency,Yes,Recovered
P101086,H008,Pediatrics,2025-10-04,2025-10-05,Inpatient,No,Transferred
P101087,H068,Neurology,2025-05-05,2025-05-13,Outpatient,Yes,Recovered
P101088,H028,General Medicine,2025-08-09,2025-08-12,Emergency,Yes,Recovered
P101089,H042,Orthopedics,2026-01-17,2026-01-21,Outpatient,No,Under Treatment
P101090,H015,Cardiology,2026-04-11,2026-04-15,Inpatient,No,Transferred
P101091,H024,General Medicine,2026-04-16,2026-04-21,Inpatient,Yes,Recovered
P101092,H084,Cardiology,2026-04-25,2026-04-26,Day Care,No,Recovered
P101093,H095,Pediatrics,2025-01-14,2025-01-17,Day Care,No,Recovered
P101094,H015,Neurology,2025-09-28,2025-10-06,Inpatient,No,Under Treatment
P101095,H005,Pediatrics,2025-05-06,2025-05-14,Inpatient,Yes,Transferred
P101096,H083,General Medicine,2025-03-17,2025-03-18,Inpatient,Yes,Recovered
P101097,H049,Orthopedics,2026-02-21,2026-02-25,Emergency,Yes,Under Treatment
P101098,H041,Cardiology,2025-02-05,2025-02-15,Day Care,No,Under Treatment
P101099,H038,Neurology,2025-06-24,2025-06-24,Emergency,No,Under Treatment
P101100,H043,Oncology,2025-09-27,2025-09-28,Inpatient,Yes,Transferred
P101101,H029,Neurology,2025-06-23,2025-06-26,Outpatient,Yes,Recovered
P101102,H034,Dermatology,2025-04-29,2025-05-08,Outpatient,Yes,Recovered
P101103,H027,ICU,2025-12-27,2026-01-05,Day Care,Yes,Transferred
P101104,H092,Radiology,2026-02-27,2026-03-01,Day Care,Yes,Under Treatment
P101105,H035,Radiology,2025-02-23,2025-03-04,Outpatient,Yes,Transferred
P101106,H041,Orthopedics,2025-08-16,2025-08-26,Day Care,Yes,Recovered
P101107,H070,Radiology,2025-12-26,2025-12-28,Emergency,Yes,Recovered
P101108,H051,Pediatrics,2025-09-26,2025-09-26,Inpatient,Yes,Under Treatment
P101109,H046,Pediatrics,2025-01-05,2025-01-11,Emergency,No,Under Treatment
P101110,H059,Oncology,2025-07-07,2025-07-08,Day Care,Yes,Transferred
P101111,H096,Radiology,2026-04-14,2026-04-19,Outpatient,Yes,Under Treatment
P101112,H015,Orthopedics,2025-04-15,2025-04-25,Day Care,No,Under Treatment
P101113,H043,Oncology,2025-05-30,2025-06-03,Inpatient,No,Under Treatment
P101114,H026,Cardiology,2025-01-16,2025-01-17,Emergency,Yes,Recovered
P101115,H072,Orthopedics,2025-05-11,2025-05-11,Outpatient,Yes,Under Treatment
P101116,H022,Orthopedics,2026-05-07,2026-05-17,Outpatient,No,Recovered
P101117,H050,Pediatrics,2026-05-09,2026-05-13,Emergency,No,Transferred
P101118,H026,Cardiology,2025-10-31,2025-11-10,Inpatient,No,Transferred
P101119,H074,ICU,2025-10-09,2025-10-09,Emergency,No,Recovered
P101120,H051,Oncology,2026-03-06,2026-03-10,Emergency,No,Transferred
P101121,H009,ICU,2025-08-26,2025-08-27,Day Care,Yes,Under Treatment
P101122,H030,Cardiology,2025-01-07,2025-01-09,Outpatient,No,Under Treatment
P101123,H085,Orthopedics,2026-04-12,2026-04-20,Emergency,No,Transferred
P101124,H042,Cardiology,2025-09-01,2025-09-05,Outpatient,Yes,Under Treatment
P101125,H003,Emergency,2025-12-31,2026-01-07,Emergency,No,Recovered
P101126,H007,Cardiology,2025-02-03,2025-02-03,Emergency,No,Under Treatment
P101127,H074,Radiology,2025-08-31,2025-09-09,Inpatient,Yes,Under Treatment
P101128,H056,Pediatrics,2026-04-08,2026-04-17,Day Care,No,Transferred
P101129,H018,Orthopedics,2026-03-04,2026-03-05,Day Care,No,Under Treatment
P101130,H067,Dermatology,2026-02-12,2026-02-14,Day Care,No,Under Treatment
P101131,H059,Dermatology,2025-04-30,2025-05-04,Emergency,No,Recovered
P101132,H047,Radiology,2025-03-06,2025-03-08,Outpatient,Yes,Transferred
P101133,H017,Oncology,2025-01-18,2025-01-23,Day Care,No,Under Treatment
P101134,H009,ICU,2025-08-23,2025-08-28,Inpatient,Yes,Recovered
P101135,H010,ICU,2025-06-07,2025-06-11,Day Care,No,Recovered
P101136,H023,Pediatrics,2025-07-10,2025-07-17,Outpatient,No,Under Treatment
P101137,H073,General Medicine,2025-05-18,2025-05-26,Inpatient,Yes,Recovered
P101138,H001,Emergency,2025-03-28,2025-04-05,Day Care,Yes,Transferred
P101139,H067,Dermatology,2026-03-16,2026-03-22,Inpatient,No,Under Treatment
P101140,H093,Emergency,2026-02-13,2026-02-15,Outpatient,No,Under Treatment
P101141,H008,Dermatology,2025-12-27,2025-12-28,Emergency,No,Transferred
P101142,H030,Orthopedics,2025-04-02,2025-04-04,Outpatient,Yes,Under Treatment
P101143,H018,Oncology,2026-03-29,2026-03-29,Inpatient,No,Transferred
P101144,H037,Orthopedics,2025-07-21,2025-07-30,Outpatient,Yes,Recovered
P101145,H079,Dermatology,2026-02-27,2026-03-09,Inpatient,Yes,Transferred
P101146,H020,Emergency,2025-06-09,2025-06-17,Outpatient,Yes,Under Treatment
P101147,H054,Neurology,2025-12-27,2026-01-04,Emergency,No,Transferred
P101148,H090,Radiology,2025-03-15,2025-03-22,Emergency,No,Recovered
P101149,H003,Orthopedics,2025-12-29,2026-01-01,Emergency,No,Transferred
P101150,H090,Radiology,2025-02-10,2025-02-14,Day Care,No,Recovered
P101151,H027,Dermatology,2026-01-07,2026-01-07,Outpatient,Yes,Recovered
P101152,H096,Radiology,2025-01-21,2025-01-22,Outpatient,Yes,Transferred
P101153,H034,Cardiology,2026-04-11,2026-04-14,Inpatient,No,Under Treatment
P101154,H037,Radiology,2026-02-13,2026-02-17,Outpatient,No,Recovered
P101155,H069,General Medicine,2025-02-26,2025-03-03,Day Care,No,Under Treatment
P101156,H098,ICU,2026-05-15,2026-05-16,Emergency,Yes,Recovered
P101157,H013,General Medicine,2025-07-25,2025-07-29,Emergency,Yes,Recovered
P101158,H074,Pediatrics,2025-03-01,2025-03-06,Inpatient,No,Transferred
P101159,H098,Emergency,2025-09-19,2025-09-25,Inpatient,Yes,Under Treatment
P101160,H045,Pediatrics,2026-04-16,2026-04-16,Outpatient,Yes,Recovered
P101161,H019,ICU,2025-04-24,2025-04-29,Emergency,No,Under Treatment
P101162,H078,ICU,2025-04-11,2025-04-20,Day Care,Yes,Recovered
P101163,H099,ICU,2026-02-22,2026-02-28,Inpatient,Yes,Under Treatment
P101164,H054,Pediatrics,2026-03-12,2026-03-14,Inpatient,Yes,Recovered
P101165,H047,Dermatology,2025-09-09,2025-09-12,Day Care,No,Recovered
P101166,H058,Neurology,2025-01-22,2025-01-28,Inpatient,Yes,Under Treatment
P101167,H097,Neurology,2025-12-27,2025-12-30,Inpatient,Yes,Recovered
P101168,H021,Emergency,2025-12-08,2025-12-10,Outpatient,No,Under Treatment
P101169,H040,Emergency,2025-04-12,2025-04-19,Emergency,No,Recovered
P101170,H056,ICU,2025-07-24,2025-07-24,Outpatient,No,Transferred
P101171,H091,Pediatrics,2026-03-28,2026-03-29,Outpatient,Yes,Transferred
P101172,H029,General Medicine,2025-03-26,2025-03-30,Emergency,No,Recovered
P101173,H022,Emergency,2026-04-13,2026-04-22,Day Care,Yes,Transferred
P101174,H089,General Medicine,2026-02-23,2026-02-27,Outpatient,No,Under Treatment
P101175,H095,Cardiology,2025-11-02,2025-11-11,Day Care,Yes,Transferred
P101176,H075,Emergency,2025-10-25,2025-10-26,Inpatient,No,Recovered
P101177,H046,Cardiology,2026-01-15,2026-01-22,Inpatient,Yes,Under Treatment
P101178,H010,Oncology,2026-01-23,2026-01-28,Outpatient,No,Under Treatment
P101179,H091,General Medicine,2025-07-05,2025-07-15,Inpatient,No,Under Treatment
P101180,H026,Orthopedics,2025-02-01,2025-02-10,Outpatient,Yes,Under Treatment
P101181,H048,Emergency,2025-05-20,2025-05-22,Emergency,No,Recovered
P101182,H091,Neurology,2025-06-13,2025-06-15,Inpatient,Yes,Under Treatment
P101183,H054,Pediatrics,2026-03-05,2026-03-13,Day Care,Yes,Under Treatment
P101184,H041,Radiology,2025-12-03,2025-12-10,Outpatient,Yes,Transferred
P101185,H052,Dermatology,2025-11-30,2025-12-06,Emergency,Yes,Under Treatment
P101186,H076,Oncology,2025-04-13,2025-04-21,Day Care,Yes,Recovered
P101187,H024,Oncology,2025-07-13,2025-07-22,Outpatient,Yes,Recovered
P101188,H041,Pediatrics,2025-08-17,2025-08-23,Emergency,Yes,Under Treatment
P101189,H037,Dermatology,2025-05-20,2025-05-24,Outpatient,Yes,Under Treatment
P101190,H012,General Medicine,2026-04-02,2026-04-05,Outpatient,No,Transferred
P101191,H011,Orthopedics,2025-07-12,2025-07-18,Inpatient,No,Under Treatment
P101192,H069,Orthopedics,2026-03-08,2026-03-15,Outpatient,No,Recovered
P101193,H015,Emergency,2025-08-11,2025-08-20,Inpatient,No,Transferred
P101194,H003,Orthopedics,2025-03-08,2025-03-17,Day Care,Yes,Recovered
P101195,H053,ICU,2026-03-09,2026-03-09,Inpatient,Yes,Transferred
P101196,H008,Pediatrics,2025-12-07,2025-12-07,Outpatient,No,Recovered
P101197,H062,Oncology,2025-01-03,2025-01-13,Day Care,Yes,Recovered
P101198,H064,Radiology,2025-09-03,2025-09-12,Outpatient,No,Transferred
P101199,H003,Pediatrics,2025-08-27,2025-08-27,Emergency,Yes,Recovered
P101200,H085,General Medicine,2026-04-29,2026-05-05,Day Care,No,Transferred
P101201,H096,General Medicine,2025-08-03,2025-08-06,Emergency,No,Recovered
P101202,H002,Neurology,2026-02-12,2026-02-14,Outpatient,No,Under Treatment
P101203,H039,Neurology,2025-06-16,2025-06-19,Emergency,No,Recovered
P101204,H016,General Medicine,2025-08-30,2025-08-30,Emergency,Yes,Under Treatment
P101205,H071,Orthopedics,2026-04-09,2026-04-11,Inpatient,No,Recovered
P101206,H093,ICU,2026-04-11,2026-04-20,Outpatient,Yes,Recovered
P101207,H036,Cardiology,2025-12-28,2026-01-05,Emergency,Yes,Under Treatment
P101208,H064,Pediatrics,2025-10-21,2025-10-24,Outpatient,No,Recovered
P101209,H053,Orthopedics,2026-03-27,2026-03-30,Outpatient,No,Under Treatment
P101210,H097,Orthopedics,2025-09-19,2025-09-26,Emergency,No,Recovered
P101211,H018,Dermatology,2025-02-27,2025-03-02,Outpatient,Yes,Recovered
P101212,H062,Oncology,2026-03-15,2026-03-15,Outpatient,Yes,Recovered
P101213,H073,Neurology,2026-04-20,2026-04-26,Emergency,Yes,Transferred
P101214,H034,Emergency,2026-04-09,2026-04-19,Emergency,No,Under Treatment
P101215,H009,Orthopedics,2025-11-11,2025-11-20,Day Care,No,Under Treatment
P101216,H031,Neurology,2025-09-22,2025-10-02,Inpatient,No,Under Treatment
P101217,H032,Cardiology,2025-11-11,2025-11-18,Day Care,Yes,Under Treatment
P101218,H038,Oncology,2025-04-13,2025-04-18,Inpatient,No,Transferred
P101219,H030,Neurology,2025-10-08,2025-10-16,Emergency,Yes,Transferred
P101220,H059,ICU,2025-05-03,2025-05-06,Emergency,No,Under Treatment
P101221,H006,Dermatology,2026-04-28,2026-05-03,Outpatient,Yes,Recovered
P101222,H083,Pediatrics,2025-12-14,2025-12-24,Outpatient,Yes,Under Treatment
P101223,H042,Cardiology,2025-07-21,2025-07-30,Emergency,No,Recovered
P101224,H028,General Medicine,2025-11-14,2025-11-14,Outpatient,No,Transferred
P101225,H064,Neurology,2025-12-06,2025-12-08,Day Care,Yes,Transferred
P101226,H049,Pediatrics,2026-01-21,2026-01-25,Emergency,No,Transferred
P101227,H071,Oncology,2025-09-21,2025-09-30,Outpatient,No,Under Treatment
P101228,H065,ICU,2026-01-02,2026-01-07,Inpatient,Yes,Transferred
P101229,H099,Cardiology,2026-01-14,2026-01-15,Inpatient,Yes,Transferred
P101230,H008,Oncology,2026-05-02,2026-05-05,Day Care,Yes,Under Treatment
P101231,H084,ICU,2025-06-22,2025-06-26,Emergency,No,Under Treatment
P101232,H044,Neurology,2025-06-21,2025-06-25,Inpatient,No,Recovered
P101233,H029,General Medicine,2025-08-03,2025-08-04,Emergency,No,Recovered
P101234,H078,Pediatrics,2025-03-05,2025-03-08,Outpatient,Yes,Transferred
P101235,H099,General Medicine,2025-02-02,2025-02-06,Inpatient,Yes,Under Treatment
P101236,H002,Neurology,2025-12-10,2025-12-11,Inpatient,No,Recovered
P101237,H085,Pediatrics,2026-01-08,2026-01-12,Outpatient,Yes,Transferred
P101238,H040,ICU,2025-09-16,2025-09-16,Inpatient,Yes,Under Treatment
P101239,H094,Oncology,2025-12-25,2025-12-28,Emergency,No,Recovered
P101240,H075,Radiology,2026-02-05,2026-02-07,Day Care,Yes,Transferred
P101241,H091,Pediatrics,2025-07-02,2025-07-07,Day Care,No,Under Treatment
P101242,H021,Pediatrics,2025-09-10,2025-09-16,Outpatient,No,Under Treatment
P101243,H033,ICU,2025-10-29,2025-11-05,Outpatient,Yes,Recovered
P101244,H048,Cardiology,2025-03-03,2025-03-13,Inpatient,No,Recovered
P101245,H003,Orthopedics,2025-08-08,2025-08-16,Emergency,No,Transferred
P101246,H059,Radiology,2025-08-10,2025-08-11,Outpatient,Yes,Recovered
P101247,H075,Radiology,2025-07-25,2025-07-28,Day Care,No,Transferred
P101248,H045,ICU,2025-12-06,2025-12-13,Emergency,Yes,Recovered
P101249,H088,Dermatology,2025-04-07,2025-04-13,Day Care,No,Recovered
P101250,H012,Oncology,2025-03-26,2025-03-31,Outpatient,No,Recovered
P101251,H018,Dermatology,2026-02-25,2026-02-28,Day Care,Yes,Under Treatment
P101252,H084,Neurology,2025-10-02,2025-10-09,Outpatient,No,Transferred
P101253,H078,Emergency,2025-11-17,2025-11-24,Outpatient,No,Transferred
P101254,H013,Emergency,2025-02-09,2025-02-14,Day Care,Yes,Recovered
P101255,H061,Neurology,2026-05-15,2026-05-18,Emergency,No,Under Treatment
P101256,H060,General Medicine,2025-06-22,2025-06-26,Inpatient,No,Under Treatment
P101257,H034,ICU,2025-05-07,2025-05-16,Outpatient,No,Recovered
P101258,H014,Orthopedics,2026-05-02,2026-05-05,Day Care,No,Transferred
P101259,H089,Orthopedics,2025-11-28,2025-12-06,Emergency,Yes,Transferred
P101260,H074,Oncology,2025-08-22,2025-08-24,Inpatient,No,Transferred
P101261,H059,Pediatrics,2025-01-03,2025-01-08,Emergency,Yes,Recovered
P101262,H061,ICU,2025-01-07,2025-01-08,Day Care,Yes,Transferred
P101263,H047,Radiology,2026-01-18,2026-01-18,Emergency,No,Under Treatment
P101264,H058,Neurology,2026-04-14,2026-04-16,Outpatient,No,Under Treatment
P101265,H096,Orthopedics,2025-10-12,2025-10-19,Outpatient,No,Transferred
P101266,H052,General Medicine,2025-07-03,2025-07-09,Emergency,Yes,Under Treatment
P101267,H053,ICU,2025-04-19,2025-04-28,Inpatient,No,Transferred
P101268,H061,Neurology,2025-09-12,2025-09-19,Emergency,Yes,Transferred
P101269,H068,Oncology,2025-09-07,2025-09-11,Emergency,No,Recovered
P101270,H089,ICU,2026-03-10,2026-03-11,Day Care,Yes,Recovered
P101271,H072,Cardiology,2025-05-11,2025-05-15,Outpatient,No,Under Treatment
P101272,H069,Emergency,2026-03-18,2026-03-23,Inpatient,Yes,Recovered
P101273,H054,Radiology,2025-01-18,2025-01-25,Day Care,Yes,Recovered
P101274,H092,Pediatrics,2026-01-24,2026-01-29,Outpatient,Yes,Recovered
P101275,H084,Radiology,2025-11-22,2025-11-25,Emergency,Yes,Transferred
P101276,H020,Radiology,2025-05-22,2025-06-01,Outpatient,Yes,Recovered
P101277,H069,Neurology,2025-05-06,2025-05-09,Inpatient,No,Recovered
P101278,H068,Cardiology,2025-03-03,2025-03-11,Inpatient,No,Under Treatment
P101279,H046,Emergency,2025-08-21,2025-08-25,Inpatient,Yes,Under Treatment
P101280,H054,Cardiology,2025-01-13,2025-01-15,Day Care,No,Transferred
P101281,H044,General Medicine,2025-07-17,2025-07-18,Emergency,Yes,Recovered
P101282,H050,Orthopedics,2026-03-19,2026-03-23,Day Care,Yes,Under Treatment
P101283,H004,Orthopedics,2026-01-20,2026-01-28,Outpatient,No,Recovered
P101284,H100,Oncology,2025-06-28,2025-07-03,Outpatient,Yes,Recovered
P101285,H041,Emergency,2026-02-19,2026-02-27,Emergency,Yes,Recovered
P101286,H002,Orthopedics,2026-05-04,2026-05-09,Inpatient,No,Transferred
P101287,H100,Neurology,2025-07-20,2025-07-21,Emergency,No,Transferred
P101288,H059,Orthopedics,2025-04-08,2025-04-17,Inpatient,No,Transferred
P101289,H014,General Medicine,2025-07-07,2025-07-17,Inpatient,No,Recovered
P101290,H097,Neurology,2025-04-17,2025-04-25,Outpatient,No,Recovered
P101291,H034,Oncology,2025-05-07,2025-05-12,Emergency,No,Transferred
P101292,H048,General Medicine,2025-05-22,2025-05-30,Emergency,No,Under Treatment
P101293,H094,Radiology,2025-07-29,2025-07-31,Inpatient,No,Under Treatment
P101294,H030,Pediatrics,2026-02-04,2026-02-12,Day Care,No,Recovered
P101295,H059,Cardiology,2026-04-14,2026-04-24,Outpatient,Yes,Under Treatment
P101296,H077,Radiology,2025-07-20,2025-07-21,Day Care,No,Recovered
P101297,H018,Oncology,2025-06-05,2025-06-06,Day Care,Yes,Under Treatment
P101298,H024,ICU,2025-07-05,2025-07-06,Emergency,No,Under Treatment
P101299,H066,ICU,2025-01-12,2025-01-13,Outpatient,Yes,Under Treatment
P101300,H012,Cardiology,2026-04-22,2026-04-23,Inpatient,Yes,Transferred
P101301,H032,Dermatology,2025-12-15,2025-12-15,Inpatient,Yes,Under Treatment
P101302,H075,Cardiology,2025-08-18,2025-08-21,Emergency,Yes,Transferred
P101303,H001,Emergency,2025-11-04,2025-11-04,Day Care,Yes,Transferred
P101304,H085,Radiology,2026-03-04,2026-03-05,Day Care,Yes,Under Treatment
P101305,H063,Cardiology,2025-04-08,2025-04-12,Emergency,Yes,Under Treatment
P101306,H048,General Medicine,2026-04-30,2026-05-10,Outpatient,Yes,Recovered
P101307,H033,Pediatrics,2026-04-10,2026-04-16,Emergency,Yes,Under Treatment
P101308,H081,Radiology,2025-05-29,2025-05-31,Outpatient,No,Transferred
P101309,H063,Dermatology,2026-01-08,2026-01-16,Outpatient,Yes,Transferred
P101310,H083,Orthopedics,2025-02-23,2025-02-27,Emergency,Yes,Under Treatment
P101311,H021,Emergency,2025-05-03,2025-05-05,Inpatient,Yes,Under Treatment
P101312,H005,Neurology,2026-03-09,2026-03-18,Outpatient,No,Under Treatment
P101313,H066,Orthopedics,2025-03-11,2025-03-17,Day Care,Yes,Recovered
P101314,H044,Oncology,2025-02-21,2025-02-22,Emergency,Yes,Transferred
P101315,H013,Pediatrics,2025-09-09,2025-09-14,Day Care,Yes,Under Treatment
P101316,H058,General Medicine,2025-10-06,2025-10-08,Outpatient,No,Transferred
P101317,H027,Neurology,2026-04-19,2026-04-27,Emergency,No,Transferred
P101318,H091,Oncology,2025-11-04,2025-11-04,Emergency,Yes,Transferred
P101319,H051,Emergency,2026-05-01,2026-05-05,Day Care,Yes,Transferred
P101320,H071,General Medicine,2025-01-30,2025-01-31,Day Care,No,Recovered
P101321,H008,General Medicine,2026-01-13,2026-01-19,Day Care,No,Transferred
P101322,H006,Oncology,2025-07-05,2025-07-05,Inpatient,Yes,Recovered
P101323,H048,Oncology,2026-01-06,2026-01-10,Inpatient,No,Recovered
P101324,H061,Radiology,2025-02-26,2025-03-02,Outpatient,Yes,Under Treatment
P101325,H003,ICU,2025-06-07,2025-06-10,Emergency,Yes,Recovered
P101326,H057,Neurology,2025-09-17,2025-09-20,Emergency,No,Under Treatment
P101327,H075,Dermatology,2025-03-18,2025-03-20,Inpatient,Yes,Under Treatment
P101328,H070,Cardiology,2025-08-14,2025-08-21,Emergency,No,Under Treatment
P101329,H081,Dermatology,2025-02-13,2025-02-23,Outpatient,Yes,Recovered
P101330,H100,Radiology,2025-08-11,2025-08-20,Day Care,Yes,Recovered
P101331,H069,Emergency,2025-05-14,2025-05-21,Day Care,Yes,Transferred
P101332,H036,Oncology,2026-02-07,2026-02-08,Day Care,Yes,Transferred
P101333,H084,Cardiology,2025-02-04,2025-02-12,Day Care,Yes,Transferred
P101334,H002,Emergency,2025-06-17,2025-06-17,Inpatient,No,Under Treatment
P101335,H100,Oncology,2025-02-05,2025-02-06,Emergency,Yes,Under Treatment
P101336,H060,Oncology,2025-08-20,2025-08-20,Outpatient,No,Under Treatment
P101337,H060,Cardiology,2025-01-18,2025-01-26,Outpatient,No,Recovered
P101338,H062,Pediatrics,2025-12-11,2025-12-17,Emergency,No,Recovered
P101339,H018,ICU,2025-01-23,2025-02-02,Day Care,No,Transferred
P101340,H056,Orthopedics,2025-02-17,2025-02-26,Outpatient,Yes,Under Treatment
P101341,H088,ICU,2025-10-20,2025-10-23,Inpatient,Yes,Transferred
P101342,H065,Pediatrics,2025-10-17,2025-10-24,Inpatient,No,Recovered
P101343,H076,Dermatology,2025-03-07,2025-03-12,Day Care,No,Recovered
P101344,H014,Radiology,2025-02-09,2025-02-13,Emergency,Yes,Recovered
P101345,H037,Orthopedics,2025-10-02,2025-10-09,Emergency,No,Transferred
P101346,H026,Neurology,2026-01-10,2026-01-11,Inpatient,Yes,Transferred
P101347,H050,Oncology,2025-01-02,2025-01-04,Day Care,Yes,Under Treatment
P101348,H017,Oncology,2025-02-08,2025-02-13,Emergency,Yes,Under Treatment
P101349,H066,ICU,2025-07-25,2025-08-03,Inpatient,Yes,Recovered
P101350,H076,Emergency,2025-06-02,2025-06-10,Inpatient,Yes,Recovered
P101351,H032,Emergency,2025-06-09,2025-06-19,Emergency,Yes,Under Treatment
P101352,H025,Neurology,2025-11-22,2025-11-29,Emergency,Yes,Recovered
P101353,H012,Oncology,2025-07-05,2025-07-14,Inpatient,Yes,Transferred
P101354,H095,Radiology,2026-02-02,2026-02-11,Inpatient,Yes,Transferred
P101355,H087,Radiology,2025-12-07,2025-12-15,Emergency,Yes,Transferred
P101356,H078,Orthopedics,2025-10-04,2025-10-04,Day Care,Yes,Under Treatment
P101357,H049,General Medicine,2025-03-10,2025-03-14,Inpatient,No,Under Treatment
P101358,H024,Dermatology,2025-09-10,2025-09-11,Outpatient,Yes,Recovered
P101359,H088,ICU,2026-01-16,2026-01-24,Outpatient,No,Recovered
P101360,H069,Pediatrics,2026-02-14,2026-02-17,Emergency,Yes,Recovered
P101361,H094,Neurology,2026-05-14,2026-05-16,Inpatient,Yes,Under Treatment
P101362,H068,Orthopedics,2025-10-28,2025-10-29,Emergency,No,Transferred
P101363,H060,Cardiology,2025-11-27,2025-12-07,Emergency,No,Recovered
P101364,H027,Orthopedics,2025-02-17,2025-02-19,Emergency,No,Under Treatment
P101365,H038,Emergency,2025-03-14,2025-03-18,Emergency,Yes,Under Treatment
P101366,H079,Orthopedics,2025-03-31,2025-03-31,Day Care,Yes,Recovered
P101367,H043,Cardiology,2026-03-06,2026-03-14,Emergency,Yes,Under Treatment
P101368,H070,Neurology,2025-07-27,2025-08-06,Day Care,Yes,Recovered
P101369,H098,Emergency,2025-07-25,2025-08-03,Outpatient,No,Recovered
P101370,H095,Cardiology,2025-08-26,2025-08-29,Emergency,Yes,Transferred
P101371,H028,Pediatrics,2025-11-18,2025-11-21,Emergency,No,Transferred
P101372,H076,Pediatrics,2025-02-06,2025-02-11,Emergency,Yes,Under Treatment
P101373,H039,Oncology,2025-02-18,2025-02-25,Emergency,No,Transferred
P101374,H053,Emergency,2026-02-11,2026-02-18,Inpatient,Yes,Under Treatment
P101375,H063,Neurology,2026-01-03,2026-01-08,Inpatient,Yes,Recovered
P101376,H001,Oncology,2025-04-07,2025-04-11,Inpatient,No,Recovered
P101377,H023,Dermatology,2026-05-01,2026-05-10,Outpatient,No,Recovered
P101378,H088,Emergency,2026-01-27,2026-02-02,Inpatient,Yes,Transferred
P101379,H057,Dermatology,2025-08-27,2025-09-03,Day Care,No,Recovered
P101380,H026,Radiology,2025-09-29,2025-10-07,Emergency,Yes,Transferred
P101381,H073,Cardiology,2025-11-25,2025-12-05,Emergency,No,Transferred
P101382,H045,Orthopedics,2025-04-11,2025-04-11,Outpatient,Yes,Under Treatment
P101383,H089,ICU,2025-11-20,2025-11-20,Inpatient,Yes,Recovered
P101384,H022,Dermatology,2025-01-03,2025-01-03,Inpatient,Yes,Under Treatment
P101385,H021,Pediatrics,2025-11-11,2025-11-14,Emergency,Yes,Under Treatment
P101386,H046,General Medicine,2026-04-11,2026-04-13,Outpatient,Yes,Recovered
P101387,H011,ICU,2025-02-08,2025-02-09,Inpatient,Yes,Under Treatment
P101388,H078,General Medicine,2025-10-17,2025-10-22,Inpatient,No,Transferred
P101389,H048,Dermatology,2026-02-08,2026-02-11,Emergency,No,Recovered
P101390,H091,Pediatrics,2026-03-20,2026-03-20,Inpatient,Yes,Transferred
P101391,H087,ICU,2025-03-08,2025-03-18,Day Care,Yes,Transferred
P101392,H069,Dermatology,2025-03-21,2025-03-22,Day Care,No,Transferred
P101393,H063,Cardiology,2026-04-20,2026-04-27,Emergency,No,Recovered
P101394,H018,Pediatrics,2025-11-07,2025-11-16,Emergency,No,Transferred
P101395,H030,Dermatology,2025-03-03,2025-03-09,Inpatient,Yes,Transferred
P101396,H051,Dermatology,2025-05-28,2025-05-29,Day Care,No,Under Treatment
P101397,H072,Radiology,2025-01-14,2025-01-15,Emergency,Yes,Under Treatment
P101398,H045,Cardiology,2026-01-23,2026-01-29,Outpatient,No,Transferred
P101399,H015,Oncology,2025-08-16,2025-08-24,Emergency,Yes,Recovered
P101400,H036,Pediatrics,2025-06-10,2025-06-16,Day Care,No,Under Treatment
P101401,H075,General Medicine,2026-04-25,2026-05-05,Inpatient,No,Recovered
P101402,H018,Pediatrics,2026-01-23,2026-01-26,Outpatient,No,Recovered
P101403,H069,ICU,2025-02-15,2025-02-16,Outpatient,No,Transferred
P101404,H066,Neurology,2025-07-16,2025-07-18,Day Care,No,Recovered
P101405,H004,ICU,2025-08-07,2025-08-17,Day Care,Yes,Transferred
P101406,H089,Dermatology,2025-10-16,2025-10-25,Outpatient,Yes,Under Treatment
P101407,H009,Dermatology,2025-08-25,2025-08-29,Day Care,No,Transferred
P101408,H027,General Medicine,2025-03-17,2025-03-22,Day Care,Yes,Recovered
P101409,H099,General Medicine,2025-08-16,2025-08-26,Day Care,Yes,Under Treatment
P101410,H080,Radiology,2026-01-01,2026-01-07,Inpatient,Yes,Under Treatment
P101411,H073,Neurology,2025-01-12,2025-01-14,Inpatient,No,Under Treatment
P101412,H040,Cardiology,2025-03-31,2025-04-08,Outpatient,No,Transferred
P101413,H083,Cardiology,2025-01-22,2025-02-01,Outpatient,Yes,Under Treatment
P101414,H003,General Medicine,2025-06-11,2025-06-18,Outpatient,No,Under Treatment
P101415,H035,Orthopedics,2025-04-05,2025-04-05,Day Care,No,Recovered
P101416,H007,Radiology,2025-09-13,2025-09-17,Day Care,Yes,Recovered
P101417,H046,Oncology,2026-04-03,2026-04-06,Day Care,Yes,Recovered
P101418,H089,Oncology,2025-10-29,2025-10-29,Day Care,Yes,Transferred
P101419,H032,Orthopedics,2025-12-02,2025-12-10,Emergency,No,Transferred
P101420,H097,Radiology,2025-10-29,2025-11-05,Emergency,No,Under Treatment
P101421,H001,General Medicine,2025-07-04,2025-07-06,Outpatient,No,Recovered
P101422,H077,General Medicine,2025-03-06,2025-03-13,Outpatient,No,Recovered
P101423,H049,ICU,2025-09-02,2025-09-08,Outpatient,No,Transferred
P101424,H019,General Medicine,2025-04-02,2025-04-06,Inpatient,No,Under Treatment
P101425,H094,Oncology,2025-09-17,2025-09-17,Emergency,Yes,Under Treatment
P101426,H069,Radiology,2025-09-19,2025-09-29,Outpatient,No,Under Treatment
P101427,H068,Oncology,2026-03-31,2026-04-07,Outpatient,No,Recovered
P101428,H078,ICU,2025-05-28,2025-05-29,Emergency,No,Recovered
P101429,H061,Oncology,2025-03-29,2025-04-04,Day Care,No,Recovered
P101430,H069,Dermatology,2025-03-12,2025-03-17,Day Care,No,Transferred
P101431,H043,ICU,2026-04-09,2026-04-10,Emergency,No,Transferred
P101432,H078,Dermatology,2025-09-16,2025-09-19,Inpatient,No,Recovered
P101433,H008,Dermatology,2026-04-19,2026-04-28,Emergency,Yes,Recovered
P101434,H014,General Medicine,2025-10-23,2025-10-26,Inpatient,No,Under Treatment
P101435,H032,Cardiology,2025-06-17,2025-06-27,Day Care,No,Transferred
P101436,H070,Emergency,2026-02-21,2026-02-24,Inpatient,No,Transferred
P101437,H014,Dermatology,2025-02-23,2025-03-02,Emergency,Yes,Transferred
P101438,H011,General Medicine,2026-03-16,2026-03-26,Day Care,No,Under Treatment
P101439,H043,Oncology,2025-07-13,2025-07-23,Day Care,Yes,Transferred
P101440,H084,ICU,2026-03-20,2026-03-22,Emergency,Yes,Under Treatment
P101441,H059,ICU,2025-09-22,2025-09-28,Inpatient,Yes,Under Treatment
P101442,H100,Dermatology,2025-04-28,2025-05-02,Day Care,No,Under Treatment
P101443,H086,Dermatology,2025-07-06,2025-07-06,Inpatient,No,Transferred
P101444,H009,General Medicine,2026-03-09,2026-03-14,Inpatient,Yes,Under Treatment
P101445,H097,Oncology,2025-01-19,2025-01-22,Inpatient,No,Under Treatment
P101446,H092,Dermatology,2025-09-23,2025-09-27,Outpatient,No,Recovered
P101447,H036,General Medicine,2025-07-24,2025-07-25,Emergency,No,Transferred
P101448,H070,General Medicine,2026-05-08,2026-05-15,Outpatient,No,Recovered
P101449,H081,Pediatrics,2025-10-11,2025-10-17,Outpatient,No,Recovered
P101450,H026,Radiology,2025-01-09,2025-01-16,Day Care,Yes,Recovered
P101451,H085,Emergency,2026-02-25,2026-02-25,Inpatient,No,Recovered
P101452,H015,General Medicine,2025-03-18,2025-03-24,Inpatient,No,Under Treatment
P101453,H006,Oncology,2025-09-28,2025-09-30,Inpatient,No,Under Treatment
P101454,H057,Oncology,2025-05-20,2025-05-30,Day Care,No,Recovered
P101455,H100,ICU,2026-03-26,2026-04-02,Emergency,Yes,Recovered
P101456,H045,Cardiology,2025-11-28,2025-11-28,Inpatient,Yes,Recovered
P101457,H009,General Medicine,2025-12-01,2025-12-03,Day Care,Yes,Under Treatment
P101458,H052,Orthopedics,2025-02-01,2025-02-02,Inpatient,Yes,Transferred
P101459,H069,General Medicine,2025-09-03,2025-09-03,Inpatient,Yes,Transferred
P101460,H021,Emergency,2025-03-18,2025-03-24,Day Care,Yes,Under Treatment
P101461,H036,ICU,2025-07-25,2025-07-29,Emergency,Yes,Under Treatment
P101462,H081,Pediatrics,2026-02-01,2026-02-01,Day Care,No,Recovered
P101463,H083,ICU,2026-03-10,2026-03-19,Outpatient,Yes,Recovered
P101464,H022,Neurology,2026-05-06,2026-05-09,Emergency,Yes,Recovered
P101465,H061,Oncology,2026-04-07,2026-04-11,Outpatient,No,Under Treatment
P101466,H028,Orthopedics,2025-07-07,2025-07-13,Inpatient,Yes,Under Treatment
P101467,H061,Cardiology,2025-03-05,2025-03-10,Day Care,No,Transferred
P101468,H040,Neurology,2025-11-24,2025-11-30,Day Care,Yes,Recovered
P101469,H037,ICU,2026-01-08,2026-01-17,Emergency,No,Transferred
P101470,H083,Neurology,2025-08-07,2025-08-17,Outpatient,No,Under Treatment
P101471,H013,Radiology,2025-12-13,2025-12-18,Day Care,Yes,Under Treatment
P101472,H082,Oncology,2025-10-01,2025-10-02,Emergency,Yes,Transferred
P101473,H043,Cardiology,2026-04-16,2026-04-17,Emergency,No,Transferred
P101474,H002,Cardiology,2025-05-25,2025-06-04,Inpatient,Yes,Transferred
P101475,H025,Emergency,2025-08-23,2025-08-28,Inpatient,Yes,Under Treatment
P101476,H022,General Medicine,2025-11-17,2025-11-23,Inpatient,Yes,Recovered
P101477,H098,General Medicine,2025-09-22,2025-09-25,Emergency,No,Transferred
P101478,H005,Neurology,2025-08-04,2025-08-04,Inpatient,No,Recovered
P101479,H085,Dermatology,2025-11-14,2025-11-19,Emergency,Yes,Transferred
P101480,H089,Emergency,2025-06-16,2025-06-18,Emergency,Yes,Transferred
P101481,H002,Dermatology,2025-06-03,2025-06-05,Inpatient,No,Transferred
P101482,H080,Dermatology,2025-10-28,2025-11-02,Emergency,No,Recovered
P101483,H071,Cardiology,2026-01-10,2026-01-19,Emergency,Yes,Under Treatment
P101484,H085,General Medicine,2025-03-13,2025-03-14,Emergency,No,Under Treatment
P101485,H099,Oncology,2025-04-07,2025-04-07,Outpatient,No,Transferred
P101486,H018,ICU,2025-02-28,2025-03-08,Outpatient,Yes,Under Treatment
P101487,H081,Dermatology,2025-06-21,2025-06-24,Emergency,Yes,Recovered
P101488,H023,Oncology,2025-04-26,2025-05-05,Day Care,No,Under Treatment
P101489,H029,ICU,2025-05-31,2025-06-04,Day Care,Yes,Transferred
P101490,H044,ICU,2025-05-29,2025-06-03,Outpatient,Yes,Recovered
P101491,H031,Pediatrics,2025-01-16,2025-01-25,Inpatient,No,Recovered
P101492,H100,General Medicine,2025-12-22,2025-12-31,Emergency,No,Transferred
P101493,H028,General Medicine,2025-03-15,2025-03-21,Day Care,Yes,Under Treatment
P101494,H021,Radiology,2025-06-30,2025-07-09,Day Care,No,Under Treatment
P101495,H006,Radiology,2025-10-22,2025-10-30,Inpatient,Yes,Transferred
P101496,H016,Emergency,2025-02-25,2025-03-01,Day Care,Yes,Under Treatment
P101497,H080,Emergency,2025-04-15,2025-04-25,Day Care,Yes,Transferred
P101498,H046,General Medicine,2025-09-06,2025-09-08,Outpatient,No,Recovered
P101499,H084,Oncology,2025-03-18,2025-03-26,Emergency,No,Under Treatment
P101500,H076,General Medicine,2025-02-07,2025-02-08,Emergency,No,Transferred
P101501,H047,General Medicine,2026-01-04,2026-01-11,Outpatient,No,Under Treatment
P101502,H068,Cardiology,2025-07-07,2025-07-07,Day Care,No,Transferred
P101503,H013,Neurology,2025-06-20,2025-06-22,Emergency,No,Recovered
P101504,H068,Radiology,2026-01-18,2026-01-19,Inpatient,Yes,Recovered
P101505,H098,Emergency,2025-01-01,2025-01-01,Outpatient,No,Under Treatment
P101506,H018,Radiology,2025-06-16,2025-06-17,Day Care,Yes,Under Treatment
P101507,H051,Emergency,2025-03-07,2025-03-11,Emergency,No,Under Treatment
P101508,H065,Emergency,2025-08-06,2025-08-06,Inpatient,Yes,Under Treatment
P101509,H065,Pediatrics,2026-01-04,2026-01-14,Emergency,No,Under Treatment
P101510,H070,Orthopedics,2026-02-17,2026-02-25,Inpatient,No,Transferred
P101511,H081,Neurology,2025-08-27,2025-08-29,Day Care,Yes,Recovered
P101512,H072,Dermatology,2025-03-01,2025-03-04,Day Care,Yes,Recovered
P101513,H063,Orthopedics,2025-12-17,2025-12-25,Outpatient,No,Recovered
P101514,H056,Dermatology,2025-07-14,2025-07-20,Emergency,No,Under Treatment
P101515,H064,Dermatology,2025-05-28,2025-06-06,Outpatient,Yes,Transferred
P101516,H025,Emergency,2026-04-21,2026-04-23,Outpatient,Yes,Transferred
P101517,H023,Pediatrics,2025-12-29,2026-01-06,Inpatient,No,Recovered
P101518,H059,Pediatrics,2025-04-22,2025-04-27,Emergency,No,Under Treatment
P101519,H028,Orthopedics,2025-09-15,2025-09-22,Emergency,Yes,Transferred
P101520,H018,Cardiology,2026-05-10,2026-05-15,Inpatient,Yes,Transferred
P101521,H008,Dermatology,2026-03-02,2026-03-02,Emergency,Yes,Under Treatment
P101522,H081,Emergency,2025-12-30,2026-01-03,Emergency,Yes,Recovered
P101523,H058,Emergency,2025-07-10,2025-07-10,Outpatient,No,Under Treatment
P101524,H023,ICU,2025-12-24,2026-01-03,Outpatient,No,Recovered
P101525,H061,ICU,2025-02-12,2025-02-17,Emergency,Yes,Under Treatment
P101526,H070,Orthopedics,2026-03-30,2026-04-01,Day Care,Yes,Recovered
P101527,H019,Neurology,2026-03-18,2026-03-21,Day Care,Yes,Recovered
P101528,H078,Dermatology,2025-10-18,2025-10-20,Outpatient,Yes,Recovered
P101529,H076,General Medicine,2026-01-01,2026-01-08,Emergency,No,Transferred
P101530,H013,Orthopedics,2025-03-16,2025-03-23,Day Care,Yes,Transferred
P101531,H069,Oncology,2025-08-08,2025-08-08,Day Care,No,Transferred
P101532,H037,Orthopedics,2026-01-26,2026-01-26,Day Care,Yes,Transferred
P101533,H063,Neurology,2025-04-29,2025-05-09,Emergency,Yes,Under Treatment
P101534,H031,Emergency,2025-02-15,2025-02-17,Emergency,Yes,Recovered
P101535,H066,Oncology,2026-01-12,2026-01-22,Inpatient,No,Transferred
P101536,H017,Emergency,2025-02-08,2025-02-09,Outpatient,No,Recovered
P101537,H046,Radiology,2025-05-19,2025-05-27,Emergency,No,Transferred
P101538,H091,Radiology,2025-06-06,2025-06-12,Emergency,No,Recovered
P101539,H047,Radiology,2025-06-10,2025-06-20,Inpatient,No,Recovered
P101540,H033,Orthopedics,2025-06-22,2025-06-26,Outpatient,No,Under Treatment
P101541,H002,General Medicine,2025-07-06,2025-07-07,Inpatient,No,Transferred
P101542,H074,Pediatrics,2025-08-19,2025-08-24,Inpatient,No,Transferred
P101543,H048,Emergency,2025-05-12,2025-05-14,Emergency,No,Under Treatment
P101544,H020,Orthopedics,2026-01-25,2026-02-02,Inpatient,Yes,Under Treatment
P101545,H020,Oncology,2025-01-02,2025-01-04,Day Care,No,Under Treatment
P101546,H004,ICU,2025-08-22,2025-08-31,Day Care,No,Under Treatment
P101547,H026,Emergency,2026-01-24,2026-01-29,Outpatient,Yes,Recovered
P101548,H067,General Medicine,2025-11-06,2025-11-13,Day Care,Yes,Recovered
P101549,H007,Dermatology,2025-08-17,2025-08-23,Outpatient,Yes,Recovered
P101550,H067,Oncology,2025-08-06,2025-08-16,Emergency,Yes,Transferred
P101551,H090,General Medicine,2025-02-09,2025-02-17,Emergency,No,Under Treatment
P101552,H014,Radiology,2025-03-23,2025-03-24,Emergency,No,Under Treatment
P101553,H069,Orthopedics,2025-11-22,2025-11-25,Emergency,No,Recovered
P101554,H086,ICU,2025-02-22,2025-02-22,Outpatient,No,Transferred
P101555,H055,Radiology,2025-05-01,2025-05-01,Inpatient,No,Under Treatment
P101556,H085,Cardiology,2025-09-28,2025-09-29,Outpatient,No,Recovered
P101557,H064,Pediatrics,2025-08-09,2025-08-09,Inpatient,Yes,Recovered
P101558,H012,ICU,2025-08-11,2025-08-17,Outpatient,Yes,Under Treatment
P101559,H009,Cardiology,2026-01-11,2026-01-19,Emergency,No,Transferred
P101560,H059,Dermatology,2025-11-28,2025-12-01,Outpatient,Yes,Recovered
P101561,H033,Cardiology,2025-02-23,2025-02-27,Day Care,No,Transferred
P101562,H075,Oncology,2025-05-22,2025-05-30,Emergency,No,Recovered
P101563,H043,Dermatology,2025-02-24,2025-02-24,Inpatient,No,Transferred
P101564,H022,Dermatology,2026-04-21,2026-04-28,Inpatient,No,Under Treatment
P101565,H026,Cardiology,2025-05-21,2025-05-24,Inpatient,Yes,Recovered
P101566,H065,Radiology,2026-03-26,2026-03-31,Inpatient,Yes,Recovered
P101567,H082,Cardiology,2026-01-11,2026-01-17,Inpatient,No,Recovered
P101568,H044,ICU,2025-12-07,2025-12-16,Day Care,Yes,Transferred
P101569,H062,Radiology,2025-03-22,2025-03-23,Day Care,No,Transferred
P101570,H008,Neurology,2026-02-18,2026-02-24,Outpatient,No,Under Treatment
P101571,H044,Emergency,2026-05-07,2026-05-11,Emergency,No,Transferred
P101572,H079,Radiology,2025-03-13,2025-03-21,Inpatient,Yes,Transferred
P101573,H020,ICU,2025-10-22,2025-10-27,Day Care,Yes,Transferred
P101574,H093,General Medicine,2025-11-03,2025-11-11,Outpatient,No,Under Treatment
P101575,H041,Cardiology,2025-02-24,2025-02-28,Inpatient,Yes,Recovered
P101576,H064,Cardiology,2026-01-20,2026-01-30,Outpatient,No,Transferred
P101577,H092,Oncology,2025-06-30,2025-07-07,Day Care,Yes,Under Treatment
P101578,H081,Cardiology,2025-07-04,2025-07-06,Day Care,Yes,Recovered
P101579,H088,Radiology,2026-02-22,2026-02-27,Emergency,Yes,Transferred
P101580,H040,Radiology,2025-09-04,2025-09-12,Inpatient,Yes,Transferred
P101581,H023,Oncology,2026-02-23,2026-03-05,Inpatient,No,Transferred
P101582,H069,Oncology,2025-10-17,2025-10-26,Outpatient,No,Under Treatment
P101583,H067,Emergency,2025-10-20,2025-10-27,Emergency,No,Under Treatment
P101584,H015,Oncology,2026-04-06,2026-04-12,Emergency,Yes,Transferred
P101585,H039,Pediatrics,2025-06-30,2025-06-30,Outpatient,Yes,Under Treatment
P101586,H026,Neurology,2025-03-18,2025-03-22,Inpatient,No,Recovered
P101587,H063,Pediatrics,2025-03-07,2025-03-17,Emergency,Yes,Transferred
P101588,H077,Oncology,2025-06-14,2025-06-18,Emergency,Yes,Transferred
P101589,H028,Radiology,2025-12-26,2025-12-28,Inpatient,No,Recovered
P101590,H056,General Medicine,2026-02-17,2026-02-26,Outpatient,No,Recovered
P101591,H035,Neurology,2025-09-26,2025-10-01,Inpatient,No,Under Treatment
P101592,H076,Cardiology,2025-01-06,2025-01-12,Inpatient,No,Transferred
P101593,H002,General Medicine,2025-12-29,2026-01-05,Day Care,Yes,Transferred
P101594,H004,General Medicine,2025-03-07,2025-03-15,Outpatient,Yes,Under Treatment
P101595,H007,Cardiology,2025-12-11,2025-12-20,Outpatient,No,Recovered
P101596,H030,General Medicine,2025-06-14,2025-06-16,Outpatient,No,Transferred
P101597,H004,Orthopedics,2026-01-01,2026-01-07,Day Care,Yes,Recovered
P101598,H070,Orthopedics,2025-06-30,2025-07-07,Inpatient,No,Transferred
P101599,H063,Emergency,2026-01-06,2026-01-07,Day Care,No,Recovered
P101600,H052,Emergency,2025-11-08,2025-11-15,Day Care,Yes,Recovered
P101601,H051,Neurology,2026-02-21,2026-03-01,Emergency,Yes,Under Treatment
P101602,H093,Oncology,2025-10-02,2025-10-04,Outpatient,Yes,Recovered
P101603,H053,Dermatology,2025-02-07,2025-02-16,Emergency,No,Recovered
P101604,H061,General Medicine,2026-05-01,2026-05-04,Inpatient,Yes,Under Treatment
P101605,H025,Cardiology,2025-11-19,2025-11-24,Day Care,No,Transferred
P101606,H011,ICU,2025-10-11,2025-10-20,Day Care,No,Transferred
P101607,H067,Orthopedics,2025-12-03,2025-12-11,Day Care,No,Under Treatment
P101608,H069,Emergency,2026-04-14,2026-04-24,Outpatient,Yes,Under Treatment
P101609,H084,Emergency,2025-12-10,2025-12-19,Inpatient,Yes,Recovered
P101610,H042,Radiology,2025-05-03,2025-05-13,Outpatient,Yes,Under Treatment
P101611,H027,Oncology,2026-04-15,2026-04-16,Day Care,Yes,Recovered
P101612,H065,Radiology,2025-10-29,2025-11-02,Day Care,Yes,Recovered
P101613,H009,Cardiology,2025-10-31,2025-11-08,Outpatient,Yes,Transferred
P101614,H067,Neurology,2025-07-28,2025-07-29,Inpatient,Yes,Recovered
P101615,H055,Orthopedics,2025-10-13,2025-10-21,Emergency,No,Under Treatment
P101616,H008,Neurology,2025-07-10,2025-07-18,Day Care,No,Recovered
P101617,H073,Oncology,2025-06-28,2025-06-30,Day Care,Yes,Under Treatment
P101618,H002,Orthopedics,2025-12-10,2025-12-16,Day Care,Yes,Recovered
P101619,H018,Radiology,2026-01-04,2026-01-07,Day Care,No,Transferred
P101620,H023,Dermatology,2025-01-11,2025-01-20,Inpatient,Yes,Transferred
P101621,H037,Neurology,2026-03-05,2026-03-07,Outpatient,Yes,Under Treatment
P101622,H057,ICU,2025-12-08,2025-12-14,Day Care,Yes,Transferred
P101623,H006,General Medicine,2025-03-31,2025-04-02,Inpatient,No,Transferred
P101624,H085,Emergency,2025-01-12,2025-01-13,Outpatient,No,Under Treatment
P101625,H087,Cardiology,2026-03-11,2026-03-18,Emergency,Yes,Transferred
P101626,H013,General Medicine,2025-04-20,2025-04-30,Outpatient,No,Transferred
P101627,H060,Orthopedics,2025-01-16,2025-01-23,Inpatient,Yes,Recovered
P101628,H035,Radiology,2025-04-25,2025-04-29,Outpatient,No,Recovered
P101629,H023,Cardiology,2025-09-22,2025-10-01,Emergency,Yes,Under Treatment
P101630,H004,Neurology,2025-07-04,2025-07-05,Day Care,No,Under Treatment
P101631,H070,Dermatology,2025-09-16,2025-09-22,Outpatient,Yes,Recovered
P101632,H053,General Medicine,2026-04-30,2026-05-06,Day Care,Yes,Transferred
P101633,H036,Emergency,2025-11-17,2025-11-25,Emergency,Yes,Transferred
P101634,H021,Emergency,2025-07-03,2025-07-12,Outpatient,Yes,Recovered
P101635,H074,Cardiology,2025-02-05,2025-02-11,Day Care,No,Recovered
P101636,H047,Neurology,2025-08-26,2025-08-30,Day Care,No,Recovered
P101637,H032,Pediatrics,2025-04-18,2025-04-28,Day Care,No,Under Treatment
P101638,H054,Pediatrics,2025-08-13,2025-08-22,Emergency,No,Transferred
P101639,H084,Cardiology,2025-04-22,2025-04-25,Emergency,Yes,Transferred
P101640,H050,General Medicine,2026-02-03,2026-02-03,Inpatient,No,Under Treatment
P101641,H018,Radiology,2026-02-12,2026-02-18,Emergency,Yes,Under Treatment
P101642,H051,Cardiology,2025-05-07,2025-05-07,Day Care,No,Under Treatment
P101643,H065,ICU,2025-07-29,2025-08-07,Outpatient,No,Recovered
P101644,H017,Orthopedics,2025-10-29,2025-11-07,Inpatient,No,Under Treatment
P101645,H082,ICU,2025-12-21,2025-12-28,Day Care,Yes,Under Treatment
P101646,H033,Emergency,2026-03-22,2026-03-25,Day Care,Yes,Recovered
P101647,H032,Oncology,2025-04-23,2025-04-23,Day Care,Yes,Under Treatment
P101648,H029,Radiology,2026-01-02,2026-01-12,Day Care,Yes,Transferred
P101649,H016,Dermatology,2025-09-16,2025-09-23,Inpatient,Yes,Under Treatment
P101650,H060,Neurology,2025-07-30,2025-08-05,Outpatient,No,Under Treatment
P101651,H012,Cardiology,2025-06-18,2025-06-23,Day Care,No,Under Treatment
P101652,H022,Pediatrics,2025-03-07,2025-03-14,Emergency,Yes,Recovered
P101653,H082,Radiology,2026-03-26,2026-04-03,Emergency,Yes,Under Treatment
P101654,H060,Neurology,2026-01-26,2026-02-02,Inpatient,Yes,Transferred
P101655,H044,Oncology,2026-02-20,2026-02-24,Day Care,No,Under Treatment
P101656,H098,Neurology,2025-05-15,2025-05-18,Day Care,No,Under Treatment
P101657,H074,Emergency,2026-03-08,2026-03-14,Inpatient,No,Transferred
P101658,H077,Cardiology,2026-03-28,2026-04-05,Day Care,Yes,Recovered
P101659,H020,ICU,2025-02-25,2025-03-05,Outpatient,Yes,Transferred
P101660,H006,Orthopedics,2026-01-20,2026-01-25,Outpatient,Yes,Transferred
P101661,H038,Neurology,2026-03-12,2026-03-13,Inpatient,Yes,Recovered
P101662,H005,Neurology,2025-04-25,2025-05-04,Outpatient,Yes,Transferred
P101663,H004,Dermatology,2026-04-22,2026-04-24,Outpatient,Yes,Transferred
P101664,H001,Dermatology,2026-01-10,2026-01-19,Day Care,Yes,Transferred
P101665,H032,Emergency,2025-03-18,2025-03-27,Outpatient,Yes,Under Treatment
P101666,H007,Cardiology,2025-03-20,2025-03-23,Outpatient,No,Recovered
P101667,H016,Orthopedics,2025-05-18,2025-05-18,Inpatient,No,Recovered
P101668,H017,Pediatrics,2025-02-18,2025-02-25,Emergency,No,Recovered
P101669,H003,Oncology,2025-05-18,2025-05-27,Outpatient,No,Transferred
P101670,H089,Oncology,2025-11-08,2025-11-08,Outpatient,Yes,Under Treatment
P101671,H023,Radiology,2025-07-25,2025-08-03,Inpatient,No,Transferred
P101672,H006,General Medicine,2025-04-06,2025-04-06,Outpatient,No,Under Treatment
P101673,H080,Orthopedics,2025-08-23,2025-08-31,Outpatient,No,Recovered
P101674,H095,ICU,2025-04-20,2025-04-29,Outpatient,No,Transferred
P101675,H041,Emergency,2025-08-16,2025-08-20,Inpatient,Yes,Under Treatment
P101676,H024,Oncology,2025-10-05,2025-10-09,Inpatient,No,Transferred
P101677,H038,Emergency,2025-03-15,2025-03-25,Inpatient,No,Transferred
P101678,H080,Emergency,2025-03-02,2025-03-04,Emergency,Yes,Under Treatment
P101679,H023,Radiology,2025-11-08,2025-11-08,Day Care,No,Transferred
P101680,H044,Radiology,2025-05-02,2025-05-06,Emergency,No,Recovered
P101681,H028,Orthopedics,2025-04-30,2025-05-06,Day Care,Yes,Transferred
P101682,H024,ICU,2025-04-04,2025-04-07,Inpatient,Yes,Under Treatment
P101683,H086,Radiology,2025-04-22,2025-05-02,Outpatient,No,Under Treatment
P101684,H039,ICU,2025-03-16,2025-03-16,Emergency,No,Recovered
P101685,H036,Orthopedics,2025-12-02,2025-12-02,Emergency,Yes,Transferred
P101686,H088,Radiology,2025-04-14,2025-04-22,Inpatient,No,Transferred
P101687,H093,Neurology,2025-05-08,2025-05-09,Day Care,No,Recovered
P101688,H085,Dermatology,2025-06-23,2025-06-27,Inpatient,Yes,Recovered
P101689,H018,Cardiology,2025-12-28,2025-12-30,Day Care,No,Under Treatment
P101690,H072,Oncology,2025-10-27,2025-11-01,Inpatient,Yes,Transferred
P101691,H095,Cardiology,2026-03-09,2026-03-14,Day Care,Yes,Under Treatment
P101692,H021,Radiology,2025-04-08,2025-04-18,Inpatient,Yes,Under Treatment
P101693,H024,Cardiology,2025-01-28,2025-01-28,Inpatient,Yes,Under Treatment
P101694,H002,Neurology,2025-02-26,2025-02-26,Inpatient,Yes,Under Treatment
P101695,H023,General Medicine,2026-03-30,2026-04-01,Inpatient,Yes,Recovered
P101696,H070,General Medicine,2025-09-04,2025-09-12,Inpatient,No,Recovered
P101697,H038,Neurology,2025-08-27,2025-09-04,Outpatient,No,Transferred
P101698,H037,Cardiology,2026-02-13,2026-02-14,Day Care,Yes,Under Treatment
P101699,H037,Orthopedics,2025-11-01,2025-11-06,Emergency,No,Recovered
P101700,H066,Radiology,2025-01-26,2025-02-04,Day Care,Yes,Transferred
P101701,H085,Pediatrics,2025-03-23,2025-03-25,Inpatient,No,Under Treatment
P101702,H085,Emergency,2026-04-30,2026-05-02,Outpatient,No,Recovered
P101703,H090,ICU,2026-04-24,2026-05-02,Day Care,No,Transferred
P101704,H033,Dermatology,2025-07-27,2025-07-30,Outpatient,No,Recovered
P101705,H038,Oncology,2025-07-27,2025-07-27,Emergency,No,Recovered
P101706,H077,Pediatrics,2025-09-19,2025-09-23,Outpatient,Yes,Recovered
P101707,H079,Cardiology,2025-01-08,2025-01-09,Emergency,Yes,Recovered
P101708,H006,Neurology,2025-08-11,2025-08-21,Inpatient,No,Under Treatment
P101709,H004,Oncology,2025-08-24,2025-09-03,Inpatient,No,Under Treatment
P101710,H032,Cardiology,2025-03-24,2025-03-28,Inpatient,Yes,Transferred
P101711,H005,General Medicine,2025-12-28,2025-12-28,Emergency,No,Recovered
P101712,H027,Emergency,2026-02-01,2026-02-06,Day Care,No,Recovered
P101713,H046,Neurology,2026-05-06,2026-05-14,Inpatient,Yes,Transferred
P101714,H023,General Medicine,2025-11-24,2025-12-02,Inpatient,No,Recovered
P101715,H085,Pediatrics,2025-08-15,2025-08-18,Inpatient,No,Recovered
P101716,H060,Dermatology,2026-04-11,2026-04-21,Inpatient,No,Under Treatment
P101717,H043,Radiology,2025-03-18,2025-03-26,Day Care,No,Under Treatment
P101718,H039,Neurology,2025-09-25,2025-09-26,Day Care,Yes,Under Treatment
P101719,H072,Orthopedics,2025-07-18,2025-07-19,Outpatient,No,Recovered
P101720,H034,Emergency,2025-11-21,2025-11-25,Inpatient,Yes,Transferred
P101721,H086,Emergency,2025-12-26,2026-01-04,Emergency,Yes,Recovered
P101722,H076,ICU,2026-03-26,2026-03-30,Emergency,Yes,Transferred
P101723,H094,ICU,2025-05-18,2025-05-28,Day Care,Yes,Under Treatment
P101724,H018,Neurology,2025-10-11,2025-10-13,Day Care,Yes,Recovered
P101725,H098,Oncology,2026-02-02,2026-02-04,Day Care,No,Recovered
P101726,H006,General Medicine,2026-04-21,2026-04-25,Emergency,No,Transferred
P101727,H005,Radiology,2026-05-12,2026-05-19,Day Care,Yes,Under Treatment
P101728,H053,Radiology,2026-04-27,2026-05-01,Outpatient,Yes,Recovered
P101729,H092,Dermatology,2025-11-26,2025-12-04,Emergency,Yes,Transferred
P101730,H098,General Medicine,2025-09-20,2025-09-20,Emergency,No,Under Treatment
P101731,H021,ICU,2025-03-27,2025-04-01,Emergency,Yes,Recovered
P101732,H091,Neurology,2026-02-06,2026-02-11,Outpatient,No,Recovered
P101733,H009,Emergency,2025-02-07,2025-02-10,Emergency,Yes,Recovered
P101734,H039,General Medicine,2025-06-20,2025-06-30,Day Care,No,Recovered
P101735,H058,Pediatrics,2025-05-01,2025-05-02,Outpatient,No,Recovered
P101736,H011,Dermatology,2026-04-27,2026-05-04,Outpatient,Yes,Transferred
P101737,H047,Radiology,2025-04-03,2025-04-09,Emergency,No,Recovered
P101738,H042,General Medicine,2025-12-03,2025-12-09,Day Care,Yes,Recovered
P101739,H073,Pediatrics,2026-05-13,2026-05-19,Inpatient,Yes,Transferred
P101740,H001,General Medicine,2025-02-28,2025-02-28,Day Care,No,Under Treatment
P101741,H044,Orthopedics,2025-07-01,2025-07-05,Day Care,Yes,Under Treatment
P101742,H098,ICU,2025-01-22,2025-01-30,Emergency,No,Recovered
P101743,H012,Cardiology,2026-03-17,2026-03-27,Inpatient,Yes,Recovered
P101744,H052,Neurology,2025-06-27,2025-07-01,Day Care,Yes,Recovered
P101745,H041,Radiology,2025-10-03,2025-10-10,Inpatient,Yes,Under Treatment
P101746,H060,Neurology,2025-04-16,2025-04-17,Inpatient,No,Under Treatment
P101747,H018,Radiology,2025-02-09,2025-02-09,Inpatient,Yes,Transferred
P101748,H050,Oncology,2026-04-15,2026-04-15,Day Care,Yes,Recovered
P101749,H072,Radiology,2025-11-14,2025-11-22,Inpatient,No,Under Treatment
P101750,H035,ICU,2025-08-08,2025-08-08,Day Care,No,Transferred
P101751,H084,Dermatology,2025-10-18,2025-10-19,Emergency,Yes,Transferred
P101752,H024,Radiology,2025-12-21,2025-12-26,Inpatient,Yes,Recovered
P101753,H049,Neurology,2025-06-22,2025-06-25,Day Care,No,Transferred
P101754,H100,Emergency,2026-01-27,2026-01-28,Day Care,Yes,Recovered
P101755,H002,Cardiology,2026-03-06,2026-03-09,Inpatient,Yes,Transferred
P101756,H087,ICU,2026-02-02,2026-02-12,Outpatient,Yes,Under Treatment
P101757,H097,Orthopedics,2025-04-14,2025-04-19,Inpatient,No,Under Treatment
P101758,H069,General Medicine,2025-12-18,2025-12-26,Outpatient,Yes,Recovered
P101759,H038,Dermatology,2025-07-27,2025-07-30,Day Care,No,Transferred
P101760,H070,Pediatrics,2026-04-12,2026-04-16,Emergency,Yes,Under Treatment
P101761,H100,Orthopedics,2025-02-27,2025-03-08,Inpatient,No,Recovered
P101762,H049,Orthopedics,2026-03-22,2026-03-24,Inpatient,No,Under Treatment
P101763,H075,Pediatrics,2025-03-06,2025-03-12,Inpatient,Yes,Recovered
P101764,H002,Cardiology,2026-01-22,2026-01-25,Inpatient,Yes,Under Treatment
P101765,H015,ICU,2025-06-08,2025-06-10,Emergency,No,Under Treatment
P101766,H020,General Medicine,2025-05-07,2025-05-16,Inpatient,Yes,Recovered
P101767,H015,Cardiology,2025-06-21,2025-06-30,Day Care,Yes,Recovered
P101768,H024,Pediatrics,2025-12-12,2025-12-16,Outpatient,Yes,Transferred
P101769,H001,Orthopedics,2025-06-13,2025-06-19,Day Care,Yes,Recovered
P101770,H090,Orthopedics,2025-11-02,2025-11-03,Day Care,Yes,Recovered
P101771,H032,Orthopedics,2025-01-27,2025-02-05,Emergency,No,Transferred
P101772,H001,Dermatology,2025-04-10,2025-04-14,Outpatient,No,Under Treatment
P101773,H066,General Medicine,2025-08-02,2025-08-11,Inpatient,No,Under Treatment
P101774,H008,Emergency,2025-01-15,2025-01-21,Day Care,No,Transferred
P101775,H088,Dermatology,2025-04-12,2025-04-12,Inpatient,Yes,Recovered
P101776,H066,Radiology,2025-06-13,2025-06-23,Emergency,No,Transferred
P101777,H050,Neurology,2025-04-30,2025-05-04,Outpatient,Yes,Recovered
P101778,H025,Pediatrics,2026-03-09,2026-03-13,Outpatient,Yes,Under Treatment
P101779,H033,Radiology,2025-02-16,2025-02-20,Outpatient,No,Recovered
P101780,H094,Cardiology,2025-06-27,2025-06-28,Outpatient,No,Transferred
P101781,H013,Pediatrics,2025-10-19,2025-10-20,Day Care,Yes,Under Treatment
P101782,H094,Neurology,2025-02-10,2025-02-12,Emergency,Yes,Transferred
P101783,H053,Neurology,2026-05-09,2026-05-18,Day Care,Yes,Recovered
P101784,H099,Orthopedics,2025-11-22,2025-11-28,Day Care,Yes,Transferred
P101785,H012,Emergency,2025-08-28,2025-09-04,Outpatient,No,Transferred
P101786,H086,Dermatology,2025-01-03,2025-01-08,Emergency,No,Under Treatment
P101787,H002,General Medicine,2025-05-25,2025-06-04,Outpatient,Yes,Recovered
P101788,H028,Pediatrics,2025-06-08,2025-06-14,Emergency,Yes,Recovered
P101789,H058,Pediatrics,2026-04-25,2026-05-04,Outpatient,Yes,Under Treatment
P101790,H061,Oncology,2025-09-15,2025-09-16,Outpatient,No,Under Treatment
P101791,H065,General Medicine,2025-12-30,2026-01-08,Inpatient,Yes,Under Treatment
P101792,H023,Orthopedics,2025-07-27,2025-08-05,Emergency,Yes,Under Treatment
P101793,H007,Oncology,2025-03-28,2025-04-06,Emergency,No,Recovered
P101794,H004,ICU,2025-03-30,2025-03-30,Outpatient,Yes,Transferred
P101795,H095,ICU,2026-03-28,2026-04-04,Inpatient,Yes,Under Treatment
P101796,H064,ICU,2026-01-03,2026-01-06,Outpatient,No,Under Treatment
P101797,H003,General Medicine,2026-01-31,2026-01-31,Inpatient,Yes,Transferred
P101798,H008,Pediatrics,2026-02-23,2026-03-04,Emergency,No,Transferred
P101799,H092,Orthopedics,2025-03-03,2025-03-07,Outpatient,No,Transferred
P101800,H095,General Medicine,2025-04-03,2025-04-10,Inpatient,Yes,Transferred
P101801,H041,Radiology,2026-02-07,2026-02-13,Outpatient,Yes,Under Treatment
P101802,H055,Orthopedics,2025-07-02,2025-07-10,Emergency,No,Under Treatment
P101803,H003,Radiology,2025-12-17,2025-12-19,Inpatient,No,Transferred
P101804,H077,Dermatology,2025-12-22,2025-12-31,Emergency,Yes,Transferred
P101805,H029,Cardiology,2025-05-15,2025-05-19,Outpatient,Yes,Under Treatment
P101806,H079,Radiology,2025-06-03,2025-06-03,Day Care,Yes,Under Treatment
P101807,H080,ICU,2025-11-14,2025-11-14,Day Care,Yes,Recovered
P101808,H080,Radiology,2026-04-23,2026-04-27,Inpatient,No,Recovered
P101809,H031,Dermatology,2026-05-01,2026-05-08,Outpatient,No,Recovered
P101810,H100,Cardiology,2026-02-04,2026-02-13,Inpatient,Yes,Under Treatment
P101811,H027,Neurology,2025-09-24,2025-09-30,Outpatient,No,Under Treatment
P101812,H009,Pediatrics,2025-12-20,2025-12-26,Outpatient,No,Transferred
P101813,H093,Oncology,2025-04-29,2025-05-08,Inpatient,Yes,Recovered
P101814,H075,Neurology,2025-09-14,2025-09-14,Day Care,Yes,Under Treatment
P101815,H021,Neurology,2025-09-23,2025-10-02,Emergency,Yes,Transferred
P101816,H083,Neurology,2025-11-11,2025-11-18,Outpatient,No,Under Treatment
P101817,H051,Cardiology,2025-08-20,2025-08-30,Inpatient,No,Under Treatment
P101818,H063,ICU,2025-05-29,2025-06-03,Inpatient,No,Under Treatment
P101819,H094,ICU,2026-04-23,2026-04-29,Day Care,Yes,Transferred
P101820,H100,Radiology,2025-09-12,2025-09-21,Inpatient,Yes,Recovered
P101821,H081,Emergency,2025-10-14,2025-10-22,Emergency,No,Under Treatment
P101822,H070,Radiology,2026-04-23,2026-04-24,Inpatient,Yes,Under Treatment
P101823,H024,Neurology,2025-03-02,2025-03-09,Inpatient,No,Under Treatment
P101824,H038,Oncology,2025-07-12,2025-07-21,Day Care,Yes,Transferred
P101825,H086,Radiology,2025-10-24,2025-10-31,Outpatient,Yes,Transferred
P101826,H077,Pediatrics,2025-09-26,2025-09-27,Outpatient,Yes,Under Treatment
P101827,H048,Orthopedics,2025-10-29,2025-11-08,Emergency,No,Under Treatment
P101828,H008,Cardiology,2025-06-28,2025-07-02,Emergency,Yes,Recovered
P101829,H040,Orthopedics,2026-03-28,2026-03-29,Emergency,Yes,Recovered
P101830,H089,Oncology,2026-01-18,2026-01-24,Emergency,Yes,Under Treatment
P101831,H076,Dermatology,2026-01-31,2026-02-09,Emergency,Yes,Recovered
P101832,H051,Pediatrics,2025-01-24,2025-01-26,Inpatient,No,Under Treatment
P101833,H063,General Medicine,2025-11-23,2025-11-26,Outpatient,Yes,Transferred
P101834,H021,Neurology,2025-01-10,2025-01-10,Outpatient,No,Under Treatment
P101835,H079,Pediatrics,2025-09-01,2025-09-03,Inpatient,No,Transferred
P101836,H013,ICU,2025-12-07,2025-12-09,Inpatient,Yes,Transferred
P101837,H090,Orthopedics,2025-04-20,2025-04-20,Inpatient,No,Recovered
P101838,H091,Oncology,2025-01-09,2025-01-16,Day Care,Yes,Recovered
P101839,H036,Orthopedics,2025-01-26,2025-01-30,Emergency,Yes,Transferred
P101840,H051,General Medicine,2025-12-18,2025-12-20,Inpatient,No,Recovered
P101841,H062,Dermatology,2025-10-19,2025-10-28,Emergency,No,Under Treatment
P101842,H008,Neurology,2026-01-01,2026-01-09,Outpatient,No,Transferred
P101843,H024,Dermatology,2025-04-27,2025-05-07,Day Care,No,Transferred
P101844,H008,General Medicine,2025-12-02,2025-12-08,Emergency,No,Under Treatment
P101845,H005,Cardiology,2026-02-11,2026-02-13,Outpatient,No,Under Treatment
P101846,H063,Cardiology,2025-04-25,2025-04-29,Outpatient,No,Under Treatment
P101847,H048,Emergency,2025-05-19,2025-05-20,Day Care,No,Recovered
P101848,H062,Dermatology,2026-03-31,2026-04-08,Day Care,No,Transferred
P101849,H077,Dermatology,2025-05-05,2025-05-11,Inpatient,No,Recovered
P101850,H006,Dermatology,2026-03-10,2026-03-18,Emergency,No,Under Treatment
P101851,H032,Pediatrics,2025-09-09,2025-09-16,Day Care,No,Recovered
P101852,H045,Pediatrics,2026-01-22,2026-01-28,Outpatient,Yes,Transferred
P101853,H088,Pediatrics,2026-04-23,2026-04-24,Inpatient,Yes,Recovered
P101854,H071,Cardiology,2025-04-02,2025-04-11,Inpatient,No,Recovered
P101855,H074,Pediatrics,2026-05-07,2026-05-09,Inpatient,No,Transferred
P101856,H065,Cardiology,2025-02-04,2025-02-09,Emergency,No,Recovered
P101857,H008,ICU,2025-07-17,2025-07-22,Outpatient,Yes,Transferred
P101858,H011,Dermatology,2025-03-12,2025-03-18,Inpatient,No,Transferred
P101859,H005,Cardiology,2025-10-20,2025-10-26,Day Care,Yes,Under Treatment
P101860,H031,Emergency,2026-04-01,2026-04-09,Inpatient,No,Under Treatment
P101861,H059,Emergency,2026-02-01,2026-02-04,Outpatient,No,Under Treatment
P101862,H088,Dermatology,2025-11-23,2025-12-02,Inpatient,No,Recovered
P101863,H026,ICU,2026-05-12,2026-05-14,Inpatient,No,Recovered
P101864,H025,Oncology,2025-11-02,2025-11-11,Outpatient,No,Recovered
P101865,H091,Cardiology,2025-01-13,2025-01-15,Outpatient,No,Transferred
P101866,H003,Pediatrics,2025-04-24,2025-04-25,Outpatient,No,Transferred
P101867,H100,ICU,2025-02-02,2025-02-08,Outpatient,Yes,Recovered
P101868,H065,Dermatology,2026-05-15,2026-05-24,Day Care,Yes,Recovered
P101869,H048,Radiology,2025-06-14,2025-06-18,Inpatient,Yes,Recovered
P101870,H097,General Medicine,2025-01-08,2025-01-17,Inpatient,No,Transferred
P101871,H088,Cardiology,2026-01-06,2026-01-14,Inpatient,Yes,Recovered
P101872,H066,Neurology,2025-06-03,2025-06-10,Inpatient,No,Recovered
P101873,H071,Pediatrics,2026-05-13,2026-05-13,Inpatient,Yes,Transferred
P101874,H081,Pediatrics,2025-01-15,2025-01-25,Outpatient,Yes,Transferred
P101875,H079,Oncology,2026-03-06,2026-03-15,Inpatient,Yes,Transferred
P101876,H006,ICU,2025-06-10,2025-06-13,Inpatient,No,Recovered
P101877,H094,Radiology,2025-08-17,2025-08-18,Day Care,No,Under Treatment
P101878,H026,Cardiology,2025-02-26,2025-03-05,Day Care,No,Recovered
P101879,H052,Cardiology,2025-11-10,2025-11-20,Emergency,Yes,Under Treatment
P101880,H062,Pediatrics,2025-07-09,2025-07-12,Day Care,No,Under Treatment
P101881,H052,Dermatology,2026-02-28,2026-03-06,Outpatient,No,Under Treatment
P101882,H008,Oncology,2025-11-06,2025-11-08,Inpatient,No,Recovered
P101883,H058,Dermatology,2025-11-19,2025-11-24,Outpatient,Yes,Recovered
P101884,H029,ICU,2025-01-27,2025-01-27,Outpatient,No,Transferred
P101885,H051,Cardiology,2025-01-18,2025-01-20,Emergency,No,Recovered
P101886,H027,General Medicine,2026-03-23,2026-03-27,Day Care,Yes,Recovered
P101887,H054,General Medicine,2025-11-29,2025-12-08,Day Care,Yes,Recovered
P101888,H060,Emergency,2025-08-09,2025-08-16,Outpatient,Yes,Under Treatment
P101889,H011,Cardiology,2026-04-22,2026-05-02,Inpatient,Yes,Under Treatment
P101890,H038,ICU,2026-03-04,2026-03-13,Day Care,No,Under Treatment
P101891,H014,Emergency,2025-01-16,2025-01-17,Outpatient,Yes,Transferred
P101892,H029,Cardiology,2026-03-05,2026-03-13,Inpatient,No,Recovered
P101893,H037,General Medicine,2025-02-28,2025-03-01,Inpatient,No,Recovered
P101894,H018,Radiology,2026-01-27,2026-01-29,Emergency,No,Transferred
P101895,H100,Orthopedics,2025-08-10,2025-08-11,Emergency,No,Recovered
P101896,H050,Neurology,2025-12-25,2025-12-27,Day Care,Yes,Transferred
P101897,H072,ICU,2026-02-14,2026-02-22,Outpatient,No,Recovered
P101898,H039,General Medicine,2026-03-22,2026-03-24,Outpatient,Yes,Under Treatment
P101899,H043,Radiology,2025-07-14,2025-07-16,Outpatient,No,Recovered
P101900,H031,Dermatology,2025-02-12,2025-02-18,Inpatient,Yes,Under Treatment
P101901,H044,Cardiology,2025-03-15,2025-03-19,Emergency,No,Recovered
P101902,H044,Oncology,2025-09-21,2025-09-28,Inpatient,Yes,Transferred
P101903,H090,Emergency,2025-06-29,2025-07-06,Outpatient,Yes,Recovered
P101904,H045,Pediatrics,2025-02-17,2025-02-20,Day Care,Yes,Under Treatment
P101905,H023,Dermatology,2025-02-19,2025-02-21,Day Care,Yes,Transferred
P101906,H037,Emergency,2025-02-26,2025-03-08,Day Care,No,Under Treatment
P101907,H071,Cardiology,2025-01-31,2025-02-06,Emergency,Yes,Under Treatment
P101908,H010,Oncology,2025-01-18,2025-01-20,Inpatient,Yes,Recovered
P101909,H019,Neurology,2026-01-23,2026-01-25,Emergency,No,Transferred
P101910,H099,Orthopedics,2025-05-02,2025-05-10,Day Care,No,Under Treatment
P101911,H037,General Medicine,2025-10-20,2025-10-23,Day Care,Yes,Under Treatment
P101912,H017,Orthopedics,2025-06-22,2025-06-22,Inpatient,Yes,Transferred
P101913,H085,Radiology,2025-12-28,2026-01-07,Inpatient,Yes,Transferred
P101914,H090,Pediatrics,2025-04-03,2025-04-04,Emergency,Yes,Transferred
P101915,H097,Radiology,2025-01-12,2025-01-21,Emergency,Yes,Recovered
P101916,H008,Pediatrics,2025-07-26,2025-07-26,Emergency,Yes,Transferred
P101917,H016,Neurology,2025-01-13,2025-01-23,Emergency,No,Under Treatment
P101918,H063,Oncology,2025-12-09,2025-12-10,Emergency,No,Recovered
P101919,H038,Cardiology,2025-06-27,2025-06-27,Inpatient,Yes,Transferred
P101920,H065,Neurology,2026-03-02,2026-03-11,Emergency,No,Transferred
P101921,H041,Pediatrics,2025-12-26,2025-12-31,Outpatient,Yes,Transferred
P101922,H048,General Medicine,2025-11-05,2025-11-12,Outpatient,No,Transferred
P101923,H001,ICU,2026-02-24,2026-03-01,Outpatient,No,Recovered
P101924,H013,Cardiology,2025-09-23,2025-09-30,Inpatient,No,Transferred
P101925,H002,Dermatology,2025-10-16,2025-10-18,Outpatient,Yes,Transferred
P101926,H053,Oncology,2025-03-27,2025-04-05,Day Care,Yes,Transferred
P101927,H093,Pediatrics,2025-10-11,2025-10-14,Emergency,No,Transferred
P101928,H092,Dermatology,2025-10-31,2025-11-05,Day Care,Yes,Transferred
P101929,H027,Pediatrics,2025-09-23,2025-09-28,Emergency,Yes,Recovered
P101930,H020,Emergency,2025-12-17,2025-12-17,Day Care,Yes,Under Treatment
P101931,H049,Radiology,2026-02-01,2026-02-09,Outpatient,No,Transferred
P101932,H011,Dermatology,2025-09-17,2025-09-19,Emergency,Yes,Transferred
P101933,H006,Oncology,2025-03-07,2025-03-07,Emergency,Yes,Transferred
P101934,H015,Cardiology,2026-04-13,2026-04-15,Outpatient,Yes,Recovered
P101935,H085,Emergency,2025-01-27,2025-01-28,Inpatient,Yes,Recovered
P101936,H050,Emergency,2025-05-07,2025-05-16,Day Care,No,Under Treatment
P101937,H053,Oncology,2025-08-02,2025-08-10,Day Care,No,Recovered
P101938,H036,General Medicine,2025-03-05,2025-03-10,Outpatient,Yes,Recovered
P101939,H022,Neurology,2025-11-04,2025-11-04,Emergency,Yes,Under Treatment
P101940,H099,Oncology,2025-01-17,2025-01-22,Day Care,Yes,Transferred
P101941,H098,Emergency,2025-07-31,2025-08-04,Emergency,No,Under Treatment
P101942,H097,Oncology,2026-01-21,2026-01-30,Emergency,No,Recovered
P101943,H083,Neurology,2026-01-02,2026-01-03,Inpatient,No,Transferred
P101944,H002,Dermatology,2025-11-09,2025-11-19,Inpatient,No,Recovered
P101945,H082,Cardiology,2025-04-28,2025-04-30,Day Care,Yes,Transferred
P101946,H013,General Medicine,2025-08-25,2025-08-26,Inpatient,No,Recovered
P101947,H087,Pediatrics,2025-05-22,2025-05-28,Emergency,No,Recovered
P101948,H069,Dermatology,2025-10-14,2025-10-23,Outpatient,Yes,Under Treatment
P101949,H040,Cardiology,2025-02-03,2025-02-07,Emergency,No,Under Treatment
P101950,H006,ICU,2025-11-21,2025-11-28,Outpatient,No,Under Treatment
P101951,H008,ICU,2026-05-02,2026-05-06,Inpatient,No,Recovered
P101952,H014,General Medicine,2025-11-05,2025-11-07,Day Care,No,Recovered
P101953,H098,Cardiology,2025-07-31,2025-08-10,Outpatient,Yes,Transferred
P101954,H025,Dermatology,2025-12-02,2025-12-02,Inpatient,No,Recovered
P101955,H091,Oncology,2026-05-09,2026-05-16,Emergency,Yes,Transferred
P101956,H079,General Medicine,2025-12-30,2026-01-08,Inpatient,Yes,Under Treatment
P101957,H081,Emergency,2026-04-23,2026-04-23,Outpatient,Yes,Transferred
P101958,H046,General Medicine,2025-02-23,2025-02-26,Inpatient,Yes,Recovered
P101959,H012,Radiology,2025-01-12,2025-01-21,Emergency,No,Under Treatment
P101960,H042,Radiology,2025-02-05,2025-02-13,Inpatient,Yes,Transferred
P101961,H015,Cardiology,2025-04-05,2025-04-14,Inpatient,No,Recovered
P101962,H050,Dermatology,2025-02-20,2025-02-28,Emergency,Yes,Transferred
P101963,H010,Cardiology,2025-08-01,2025-08-08,Inpatient,No,Transferred
P101964,H076,Oncology,2025-09-04,2025-09-04,Outpatient,No,Under Treatment
P101965,H068,Dermatology,2025-03-04,2025-03-06,Day Care,Yes,Transferred
P101966,H062,Emergency,2026-05-04,2026-05-06,Day Care,No,Under Treatment
P101967,H083,Radiology,2025-10-01,2025-10-02,Inpatient,No,Under Treatment
P101968,H017,General Medicine,2025-10-31,2025-11-04,Inpatient,No,Under Treatment
P101969,H089,General Medicine,2026-02-15,2026-02-21,Outpatient,Yes,Under Treatment
P101970,H046,ICU,2025-03-06,2025-03-16,Emergency,No,Transferred
P101971,H049,Radiology,2025-10-04,2025-10-11,Inpatient,No,Under Treatment
P101972,H039,Neurology,2026-04-12,2026-04-13,Day Care,No,Under Treatment
P101973,H012,Neurology,2026-04-12,2026-04-17,Outpatient,No,Recovered
P101974,H082,ICU,2025-03-16,2025-03-20,Outpatient,No,Under Treatment
P101975,H099,Dermatology,2025-07-30,2025-08-09,Day Care,No,Transferred
P101976,H067,Oncology,2025-11-12,2025-11-21,Inpatient,Yes,Transferred
P101977,H072,Orthopedics,2025-09-15,2025-09-16,Day Care,Yes,Transferred
P101978,H015,Emergency,2025-09-11,2025-09-20,Day Care,No,Under Treatment
P101979,H006,Pediatrics,2026-04-13,2026-04-22,Day Care,Yes,Recovered
P101980,H071,Emergency,2025-06-06,2025-06-07,Inpatient,Yes,Recovered
P101981,H013,Neurology,2025-07-09,2025-07-14,Day Care,No,Recovered
P101982,H009,General Medicine,2025-04-24,2025-04-24,Day Care,No,Under Treatment
P101983,H003,General Medicine,2025-04-03,2025-04-07,Emergency,No,Recovered
P101984,H088,Dermatology,2025-05-29,2025-06-01,Outpatient,Yes,Recovered
P101985,H026,Cardiology,2025-03-19,2025-03-21,Outpatient,Yes,Under Treatment
P101986,H045,Pediatrics,2025-01-27,2025-01-30,Emergency,No,Recovered
P101987,H030,Emergency,2026-01-27,2026-02-04,Emergency,No,Transferred
P101988,H021,Radiology,2025-10-10,2025-10-11,Outpatient,Yes,Under Treatment
P101989,H050,ICU,2025-11-24,2025-12-01,Outpatient,No,Recovered
P101990,H042,Pediatrics,2025-10-18,2025-10-24,Inpatient,No,Transferred
P101991,H008,Radiology,2025-12-27,2026-01-02,Day Care,No,Transferred
P101992,H012,Orthopedics,2025-05-20,2025-05-23,Emergency,No,Under Treatment
P101993,H072,Emergency,2025-05-15,2025-05-23,Emergency,No,Under Treatment
P101994,H059,ICU,2025-02-24,2025-03-06,Emergency,No,Under Treatment
P101995,H067,Cardiology,2025-01-13,2025-01-18,Outpatient,Yes,Transferred
P101996,H083,Dermatology,2025-08-30,2025-09-09,Outpatient,No,Recovered
P101997,H056,Emergency,2026-05-12,2026-05-12,Inpatient,No,Under Treatment
P101998,H067,Orthopedics,2026-02-24,2026-02-25,Inpatient,No,Under Treatment
P101999,H023,Radiology,2025-10-11,2025-10-14,Outpatient,Yes,Under Treatment
P102000,H043,Dermatology,2026-01-05,2026-01-11,Outpatient,No,Transferred
P102001,H015,Neurology,2025-08-07,2025-08-08,Inpatient,No,Transferred
P102002,H012,ICU,2025-12-01,2025-12-02,Outpatient,Yes,Recovered
P102003,H022,Oncology,2025-03-20,2025-03-29,Outpatient,No,Transferred
P102004,H066,General Medicine,2025-04-28,2025-05-02,Day Care,Yes,Transferred
P102005,H020,Cardiology,2026-01-05,2026-01-09,Outpatient,No,Recovered
P102006,H049,Radiology,2025-12-15,2025-12-24,Inpatient,Yes,Under Treatment
P102007,H065,ICU,2025-02-16,2025-02-21,Day Care,No,Recovered
P102008,H079,Pediatrics,2026-03-03,2026-03-11,Day Care,Yes,Under Treatment
P102009,H068,Orthopedics,2025-11-01,2025-11-10,Inpatient,No,Under Treatment
P102010,H001,Radiology,2026-04-01,2026-04-07,Day Care,Yes,Transferred
P102011,H033,ICU,2025-12-27,2026-01-04,Inpatient,No,Recovered
P102012,H067,Radiology,2025-01-27,2025-01-27,Inpatient,Yes,Transferred
P102013,H041,Neurology,2025-03-17,2025-03-19,Inpatient,Yes,Transferred
P102014,H026,ICU,2025-08-17,2025-08-23,Inpatient,Yes,Transferred
P102015,H040,Radiology,2025-04-04,2025-04-14,Emergency,No,Transferred
P102016,H070,Pediatrics,2025-04-01,2025-04-02,Outpatient,Yes,Under Treatment
P102017,H078,General Medicine,2025-06-12,2025-06-15,Emergency,No,Recovered
P102018,H034,Emergency,2025-01-19,2025-01-20,Emergency,Yes,Transferred
P102019,H060,Emergency,2025-07-24,2025-07-27,Outpatient,No,Recovered
P102020,H046,Emergency,2025-02-16,2025-02-16,Emergency,Yes,Recovered
P102021,H070,Cardiology,2025-05-30,2025-06-04,Outpatient,Yes,Recovered
P102022,H099,Cardiology,2025-03-29,2025-04-03,Inpatient,No,Transferred
P102023,H048,Pediatrics,2025-12-25,2026-01-01,Day Care,Yes,Transferred
P102024,H014,Emergency,2025-06-26,2025-07-05,Emergency,Yes,Under Treatment
P102025,H065,Pediatrics,2026-05-16,2026-05-22,Inpatient,No,Recovered
P102026,H066,Pediatrics,2025-08-31,2025-09-01,Outpatient,No,Recovered
P102027,H079,Dermatology,2025-03-19,2025-03-26,Outpatient,No,Recovered
P102028,H078,General Medicine,2025-12-27,2026-01-03,Outpatient,Yes,Recovered
P102029,H028,Cardiology,2025-08-05,2025-08-10,Emergency,No,Transferred
P102030,H009,Emergency,2025-07-02,2025-07-07,Outpatient,Yes,Recovered
P102031,H090,Orthopedics,2026-04-12,2026-04-14,Day Care,No,Recovered
P102032,H085,Radiology,2025-08-22,2025-09-01,Inpatient,Yes,Recovered
P102033,H023,General Medicine,2025-01-24,2025-02-01,Emergency,No,Under Treatment
P102034,H009,Radiology,2025-04-04,2025-04-14,Emergency,Yes,Recovered
P102035,H091,Neurology,2025-02-17,2025-02-26,Day Care,Yes,Transferred
P102036,H039,Cardiology,2025-07-08,2025-07-10,Emergency,No,Transferred
P102037,H003,Oncology,2025-01-13,2025-01-23,Emergency,No,Transferred
P102038,H027,Orthopedics,2026-03-26,2026-04-04,Inpatient,Yes,Under Treatment
P102039,H071,Dermatology,2025-06-22,2025-06-22,Inpatient,No,Transferred
P102040,H088,Orthopedics,2025-09-13,2025-09-18,Inpatient,No,Under Treatment
P102041,H032,Oncology,2025-03-29,2025-03-31,Outpatient,Yes,Transferred
P102042,H002,ICU,2025-05-06,2025-05-14,Day Care,No,Recovered
P102043,H012,Orthopedics,2025-04-11,2025-04-16,Emergency,No,Recovered
P102044,H008,Dermatology,2025-05-16,2025-05-17,Emergency,No,Transferred
P102045,H056,Orthopedics,2026-02-01,2026-02-01,Emergency,Yes,Transferred
P102046,H044,Radiology,2025-11-22,2025-12-01,Day Care,Yes,Transferred
P102047,H025,Neurology,2026-02-13,2026-02-16,Outpatient,Yes,Recovered
P102048,H083,General Medicine,2025-01-18,2025-01-26,Outpatient,Yes,Under Treatment
P102049,H005,Radiology,2025-05-21,2025-05-24,Emergency,No,Recovered
P102050,H078,Cardiology,2025-04-30,2025-05-02,Inpatient,No,Transferred
P102051,H016,ICU,2026-03-27,2026-04-01,Day Care,No,Recovered
P102052,H095,Emergency,2025-08-13,2025-08-19,Inpatient,Yes,Transferred
P102053,H018,Radiology,2025-08-28,2025-09-07,Day Care,No,Under Treatment
P102054,H043,Dermatology,2026-05-16,2026-05-23,Outpatient,Yes,Transferred
P102055,H054,Cardiology,2025-07-08,2025-07-18,Day Care,Yes,Transferred
P102056,H003,Orthopedics,2025-12-21,2025-12-22,Inpatient,Yes,Transferred
P102057,H002,ICU,2025-09-19,2025-09-29,Outpatient,No,Under Treatment
P102058,H067,Orthopedics,2025-06-18,2025-06-19,Day Care,Yes,Under Treatment
P102059,H019,Pediatrics,2026-04-16,2026-04-26,Emergency,No,Under Treatment
P102060,H019,Oncology,2026-03-29,2026-04-05,Emergency,No,Under Treatment
P102061,H088,Emergency,2026-05-08,2026-05-12,Emergency,Yes,Recovered
P102062,H097,Orthopedics,2025-03-24,2025-04-01,Outpatient,No,Recovered
P102063,H010,Emergency,2025-01-05,2025-01-07,Day Care,Yes,Recovered
P102064,H017,Cardiology,2025-06-04,2025-06-08,Emergency,Yes,Under Treatment
P102065,H004,Cardiology,2025-05-20,2025-05-25,Outpatient,No,Transferred
P102066,H036,Oncology,2026-02-21,2026-02-23,Outpatient,No,Under Treatment
P102067,H078,Orthopedics,2025-09-14,2025-09-15,Day Care,Yes,Transferred
P102068,H023,Pediatrics,2026-01-31,2026-02-03,Outpatient,No,Transferred
P102069,H058,Orthopedics,2025-12-16,2025-12-16,Emergency,No,Transferred
P102070,H031,Radiology,2025-07-16,2025-07-18,Outpatient,No,Under Treatment
P102071,H048,Dermatology,2025-11-06,2025-11-10,Emergency,Yes,Under Treatment
P102072,H064,ICU,2025-10-23,2025-10-29,Emergency,No,Under Treatment
P102073,H071,Radiology,2025-08-11,2025-08-21,Emergency,Yes,Recovered
P102074,H004,Cardiology,2025-09-17,2025-09-27,Day Care,Yes,Recovered
P102075,H055,Orthopedics,2025-04-23,2025-04-28,Inpatient,No,Under Treatment
P102076,H028,Neurology,2025-09-16,2025-09-18,Emergency,No,Transferred
P102077,H087,Pediatrics,2025-10-25,2025-10-30,Day Care,No,Under Treatment
P102078,H085,ICU,2025-07-25,2025-07-31,Inpatient,Yes,Under Treatment
P102079,H004,Radiology,2025-08-07,2025-08-17,Outpatient,No,Under Treatment
P102080,H041,Neurology,2026-04-08,2026-04-11,Inpatient,No,Recovered
P102081,H097,Orthopedics,2025-08-24,2025-08-27,Emergency,No,Transferred
P102082,H077,Pediatrics,2025-11-16,2025-11-20,Inpatient,No,Under Treatment
P102083,H039,Orthopedics,2025-08-12,2025-08-17,Emergency,No,Recovered
P102084,H057,Cardiology,2025-07-08,2025-07-15,Emergency,No,Under Treatment
P102085,H038,Neurology,2025-06-19,2025-06-27,Day Care,No,Transferred
P102086,H077,Neurology,2025-06-24,2025-07-04,Inpatient,Yes,Recovered
P102087,H021,Dermatology,2025-06-18,2025-06-19,Emergency,No,Transferred
P102088,H066,Neurology,2025-02-08,2025-02-14,Emergency,No,Recovered
P102089,H090,General Medicine,2025-11-08,2025-11-09,Emergency,Yes,Under Treatment
P102090,H057,Oncology,2025-11-06,2025-11-15,Inpatient,No,Transferred
P102091,H036,General Medicine,2026-01-22,2026-01-22,Inpatient,No,Under Treatment
P102092,H065,Oncology,2026-04-25,2026-05-04,Inpatient,Yes,Under Treatment
P102093,H020,Oncology,2026-02-24,2026-03-03,Outpatient,Yes,Transferred
P102094,H074,Cardiology,2026-01-11,2026-01-20,Outpatient,No,Recovered
P102095,H100,Radiology,2025-05-18,2025-05-27,Day Care,No,Transferred
P102096,H042,Orthopedics,2025-03-26,2025-04-03,Inpatient,No,Transferred
P102097,H010,ICU,2025-07-27,2025-07-29,Emergency,Yes,Under Treatment
P102098,H063,Orthopedics,2025-10-31,2025-11-09,Emergency,Yes,Recovered
P102099,H035,Emergency,2025-01-18,2025-01-19,Day Care,Yes,Transferred
P102100,H018,Oncology,2026-03-16,2026-03-19,Day Care,No,Under Treatment
P102101,H077,Radiology,2025-12-20,2025-12-22,Emergency,No,Under Treatment
P102102,H067,ICU,2025-09-18,2025-09-23,Day Care,No,Recovered
P102103,H048,Cardiology,2025-12-04,2025-12-09,Day Care,No,Under Treatment
P102104,H098,Dermatology,2025-08-30,2025-09-04,Outpatient,Yes,Under Treatment
P102105,H087,Neurology,2025-09-30,2025-10-08,Inpatient,No,Recovered
P102106,H045,Pediatrics,2025-09-14,2025-09-18,Day Care,No,Recovered
P102107,H075,Neurology,2025-12-26,2026-01-03,Outpatient,No,Under Treatment
P102108,H007,ICU,2025-10-07,2025-10-10,Inpatient,No,Transferred
P102109,H070,Orthopedics,2025-12-14,2025-12-14,Emergency,No,Recovered
P102110,H052,Cardiology,2025-03-14,2025-03-18,Emergency,Yes,Under Treatment
P102111,H016,Neurology,2025-09-05,2025-09-08,Emergency,No,Recovered
P102112,H094,Radiology,2025-05-15,2025-05-18,Day Care,No,Under Treatment
P102113,H047,Cardiology,2025-08-15,2025-08-15,Inpatient,Yes,Under Treatment
P102114,H039,Orthopedics,2026-02-13,2026-02-15,Outpatient,No,Under Treatment
P102115,H041,Cardiology,2025-05-22,2025-05-26,Inpatient,No,Transferred
P102116,H093,Neurology,2026-05-07,2026-05-07,Day Care,Yes,Recovered
P102117,H066,Cardiology,2025-03-20,2025-03-20,Inpatient,Yes,Recovered
P102118,H033,Neurology,2025-03-15,2025-03-20,Day Care,Yes,Transferred
P102119,H077,Oncology,2025-01-01,2025-01-03,Outpatient,No,Recovered
P102120,H080,Orthopedics,2026-05-02,2026-05-12,Inpatient,Yes,Recovered
P102121,H079,General Medicine,2025-09-15,2025-09-20,Emergency,Yes,Transferred
P102122,H011,Radiology,2025-03-13,2025-03-21,Outpatient,No,Recovered
P102123,H017,Oncology,2026-04-28,2026-04-29,Outpatient,No,Under Treatment
P102124,H017,Radiology,2025-10-25,2025-11-01,Day Care,Yes,Transferred
P102125,H006,Orthopedics,2025-08-19,2025-08-20,Outpatient,Yes,Recovered
P102126,H002,Cardiology,2025-09-21,2025-10-01,Emergency,No,Recovered
P102127,H044,Pediatrics,2025-01-20,2025-01-20,Outpatient,No,Under Treatment
P102128,H015,General Medicine,2025-09-18,2025-09-28,Outpatient,No,Under Treatment
P102129,H041,Radiology,2025-07-16,2025-07-20,Emergency,No,Under Treatment
P102130,H085,Dermatology,2026-04-16,2026-04-23,Outpatient,No,Under Treatment
P102131,H097,Dermatology,2025-11-20,2025-11-21,Inpatient,No,Under Treatment
P102132,H100,Neurology,2025-07-30,2025-08-09,Emergency,No,Transferred
P102133,H051,Emergency,2025-04-05,2025-04-11,Day Care,Yes,Under Treatment
P102134,H091,Neurology,2025-09-20,2025-09-28,Outpatient,No,Under Treatment
P102135,H083,Radiology,2025-07-15,2025-07-23,Outpatient,No,Transferred
P102136,H067,Pediatrics,2025-09-17,2025-09-22,Inpatient,No,Transferred
P102137,H024,Oncology,2025-04-25,2025-04-30,Day Care,No,Transferred
P102138,H089,General Medicine,2026-01-24,2026-01-28,Emergency,Yes,Transferred
P102139,H004,ICU,2025-05-17,2025-05-18,Day Care,Yes,Recovered
P102140,H016,Pediatrics,2025-04-02,2025-04-03,Emergency,No,Recovered
P102141,H084,Emergency,2026-02-14,2026-02-22,Inpatient,Yes,Recovered
P102142,H058,Cardiology,2026-04-20,2026-04-25,Emergency,No,Transferred
P102143,H002,Orthopedics,2025-09-06,2025-09-10,Inpatient,Yes,Transferred
P102144,H029,Orthopedics,2025-01-04,2025-01-09,Outpatient,Yes,Under Treatment
P102145,H096,Radiology,2025-11-09,2025-11-09,Emergency,Yes,Transferred
P102146,H087,Oncology,2025-02-19,2025-03-01,Outpatient,No,Under Treatment
P102147,H060,Oncology,2025-04-10,2025-04-14,Emergency,Yes,Under Treatment
P102148,H042,Orthopedics,2025-11-08,2025-11-13,Inpatient,Yes,Under Treatment
P102149,H088,Neurology,2026-04-22,2026-04-24,Inpatient,Yes,Recovered
P102150,H095,Orthopedics,2026-01-16,2026-01-23,Day Care,No,Transferred
P102151,H099,Dermatology,2026-02-20,2026-02-26,Emergency,Yes,Recovered
P102152,H095,Neurology,2025-09-01,2025-09-08,Inpatient,Yes,Recovered
P102153,H065,Neurology,2026-03-20,2026-03-20,Emergency,Yes,Under Treatment
P102154,H003,Emergency,2025-01-28,2025-02-03,Emergency,Yes,Transferred
P102155,H064,Cardiology,2025-03-26,2025-03-27,Emergency,Yes,Under Treatment
P102156,H098,Dermatology,2025-01-29,2025-02-05,Outpatient,No,Recovered
P102157,H013,Cardiology,2025-08-25,2025-09-01,Outpatient,No,Under Treatment
P102158,H002,Orthopedics,2025-03-04,2025-03-04,Emergency,Yes,Recovered
P102159,H082,Oncology,2025-12-19,2025-12-19,Emergency,Yes,Under Treatment
P102160,H082,Orthopedics,2026-03-01,2026-03-10,Inpatient,Yes,Transferred
P102161,H025,Dermatology,2026-02-04,2026-02-08,Inpatient,Yes,Under Treatment
P102162,H099,Radiology,2025-03-15,2025-03-22,Emergency,Yes,Under Treatment
P102163,H025,Emergency,2026-02-13,2026-02-14,Day Care,No,Transferred
P102164,H009,Emergency,2025-08-10,2025-08-13,Inpatient,Yes,Transferred
P102165,H076,Oncology,2025-11-28,2025-12-07,Emergency,No,Transferred
P102166,H077,Neurology,2026-01-12,2026-01-19,Inpatient,No,Transferred
P102167,H064,Oncology,2025-05-01,2025-05-05,Inpatient,No,Recovered
P102168,H048,Emergency,2025-02-26,2025-03-04,Emergency,Yes,Under Treatment
P102169,H023,Emergency,2025-08-19,2025-08-22,Outpatient,Yes,Under Treatment
P102170,H035,ICU,2026-01-01,2026-01-08,Emergency,Yes,Under Treatment
P102171,H017,Dermatology,2026-04-26,2026-05-04,Day Care,Yes,Under Treatment
P102172,H085,Emergency,2025-09-01,2025-09-08,Inpatient,No,Transferred
P102173,H020,ICU,2026-02-05,2026-02-08,Inpatient,No,Under Treatment
P102174,H004,Orthopedics,2025-09-10,2025-09-17,Day Care,Yes,Recovered
P102175,H081,Radiology,2025-12-08,2025-12-16,Day Care,Yes,Under Treatment
P102176,H100,Radiology,2025-09-18,2025-09-20,Day Care,No,Recovered
P102177,H007,Emergency,2025-02-10,2025-02-12,Outpatient,No,Transferred
P102178,H066,Emergency,2025-08-11,2025-08-17,Outpatient,No,Recovered
P102179,H080,Oncology,2025-09-09,2025-09-10,Outpatient,Yes,Recovered
P102180,H076,ICU,2025-04-12,2025-04-12,Outpatient,Yes,Transferred
P102181,H044,Dermatology,2025-06-28,2025-06-30,Outpatient,Yes,Under Treatment
P102182,H081,Emergency,2026-04-26,2026-04-27,Emergency,Yes,Recovered
P102183,H046,Neurology,2025-10-06,2025-10-11,Inpatient,No,Under Treatment
P102184,H062,Orthopedics,2025-03-25,2025-04-02,Inpatient,Yes,Under Treatment
P102185,H072,Dermatology,2025-02-27,2025-03-07,Day Care,Yes,Under Treatment
P102186,H077,General Medicine,2025-06-20,2025-06-20,Inpatient,Yes,Recovered
P102187,H068,General Medicine,2026-03-04,2026-03-14,Inpatient,Yes,Under Treatment
P102188,H029,Orthopedics,2026-04-03,2026-04-03,Outpatient,No,Recovered
P102189,H073,Oncology,2025-01-15,2025-01-18,Outpatient,No,Transferred
P102190,H073,Oncology,2026-03-18,2026-03-19,Outpatient,No,Under Treatment
P102191,H001,Radiology,2025-03-09,2025-03-17,Inpatient,No,Under Treatment
P102192,H032,Pediatrics,2026-03-05,2026-03-09,Day Care,No,Under Treatment
P102193,H001,Dermatology,2025-02-27,2025-02-27,Outpatient,Yes,Recovered
P102194,H074,Emergency,2025-08-15,2025-08-24,Inpatient,No,Transferred
P102195,H052,Cardiology,2025-01-03,2025-01-10,Inpatient,No,Under Treatment
P102196,H022,Emergency,2025-06-19,2025-06-28,Outpatient,Yes,Recovered
P102197,H063,Emergency,2026-05-01,2026-05-11,Inpatient,No,Under Treatment
P102198,H097,Dermatology,2025-09-08,2025-09-16,Inpatient,No,Transferred
P102199,H099,Cardiology,2025-02-24,2025-02-28,Emergency,Yes,Recovered
P102200,H013,Neurology,2026-04-06,2026-04-07,Day Care,No,Recovered
P102201,H045,Neurology,2025-03-12,2025-03-22,Inpatient,Yes,Transferred
P102202,H041,Emergency,2026-04-29,2026-05-04,Outpatient,No,Under Treatment
P102203,H038,Orthopedics,2026-01-17,2026-01-20,Day Care,No,Under Treatment
P102204,H027,Radiology,2025-06-28,2025-07-03,Emergency,Yes,Recovered
P102205,H082,General Medicine,2025-04-02,2025-04-08,Emergency,Yes,Transferred
P102206,H073,Neurology,2025-05-18,2025-05-26,Emergency,No,Recovered
P102207,H065,Dermatology,2025-05-31,2025-06-06,Emergency,No,Transferred
P102208,H094,Radiology,2025-04-25,2025-05-04,Outpatient,Yes,Recovered
P102209,H055,Neurology,2026-05-13,2026-05-15,Day Care,Yes,Transferred
P102210,H024,Oncology,2025-03-08,2025-03-16,Inpatient,Yes,Transferred
P102211,H003,Radiology,2025-03-03,2025-03-09,Outpatient,Yes,Recovered
P102212,H100,Neurology,2026-04-04,2026-04-11,Inpatient,Yes,Transferred
P102213,H049,Radiology,2026-05-16,2026-05-21,Outpatient,Yes,Recovered
P102214,H041,Radiology,2025-01-30,2025-02-04,Emergency,No,Under Treatment
P102215,H005,Neurology,2025-05-21,2025-05-24,Inpatient,Yes,Transferred
P102216,H092,Oncology,2025-08-20,2025-08-30,Inpatient,Yes,Transferred
P102217,H099,Pediatrics,2025-01-05,2025-01-09,Outpatient,Yes,Recovered
P102218,H033,Orthopedics,2025-01-14,2025-01-14,Emergency,No,Recovered
P102219,H005,General Medicine,2026-02-15,2026-02-19,Outpatient,No,Under Treatment
P102220,H089,Oncology,2025-08-31,2025-09-06,Emergency,Yes,Transferred
P102221,H032,Emergency,2025-12-31,2026-01-03,Inpatient,Yes,Recovered
P102222,H046,Oncology,2026-02-27,2026-03-01,Inpatient,Yes,Under Treatment
P102223,H060,Pediatrics,2025-02-12,2025-02-16,Inpatient,No,Transferred
P102224,H013,Oncology,2026-04-17,2026-04-27,Outpatient,No,Transferred
P102225,H020,Dermatology,2025-02-05,2025-02-11,Inpatient,No,Under Treatment
P102226,H029,Pediatrics,2025-10-22,2025-10-28,Inpatient,No,Transferred
P102227,H051,Pediatrics,2025-10-08,2025-10-15,Outpatient,Yes,Transferred
P102228,H085,Dermatology,2026-03-15,2026-03-20,Outpatient,Yes,Transferred
P102229,H044,Radiology,2025-01-10,2025-01-14,Day Care,No,Under Treatment
P102230,H087,Emergency,2026-03-29,2026-04-08,Day Care,Yes,Transferred
P102231,H027,Cardiology,2025-04-09,2025-04-16,Day Care,Yes,Under Treatment
P102232,H015,Radiology,2026-05-14,2026-05-18,Inpatient,No,Transferred
P102233,H033,Emergency,2025-02-22,2025-02-24,Inpatient,Yes,Transferred
P102234,H020,ICU,2025-10-16,2025-10-22,Day Care,Yes,Transferred
P102235,H086,Radiology,2025-06-12,2025-06-15,Inpatient,No,Under Treatment
P102236,H038,Neurology,2026-05-14,2026-05-20,Emergency,No,Under Treatment
P102237,H044,Oncology,2025-01-12,2025-01-21,Inpatient,No,Transferred
P102238,H094,ICU,2025-05-22,2025-05-23,Emergency,No,Under Treatment
P102239,H055,Neurology,2025-12-06,2025-12-10,Outpatient,Yes,Recovered
P102240,H036,Orthopedics,2025-12-25,2026-01-02,Outpatient,Yes,Under Treatment
P102241,H057,General Medicine,2025-09-15,2025-09-21,Outpatient,Yes,Recovered
P102242,H087,ICU,2026-03-12,2026-03-15,Emergency,Yes,Recovered
P102243,H016,Emergency,2026-04-07,2026-04-17,Outpatient,No,Under Treatment
P102244,H064,Dermatology,2025-12-04,2025-12-11,Outpatient,Yes,Transferred
P102245,H073,General Medicine,2025-11-22,2025-12-01,Day Care,Yes,Under Treatment
P102246,H074,Emergency,2026-03-21,2026-03-30,Emergency,No,Transferred
P102247,H070,ICU,2025-11-14,2025-11-22,Outpatient,No,Transferred
P102248,H031,Orthopedics,2026-01-13,2026-01-21,Inpatient,Yes,Under Treatment
P102249,H033,Cardiology,2025-11-13,2025-11-17,Emergency,Yes,Transferred
P102250,H059,Dermatology,2025-01-12,2025-01-13,Day Care,Yes,Transferred
P102251,H098,Pediatrics,2026-02-23,2026-03-03,Emergency,No,Recovered
P102252,H048,Emergency,2025-12-17,2025-12-23,Outpatient,Yes,Transferred
P102253,H086,Cardiology,2025-08-15,2025-08-21,Outpatient,No,Recovered
P102254,H057,Pediatrics,2026-04-29,2026-04-29,Day Care,No,Under Treatment
P102255,H056,Pediatrics,2025-07-31,2025-08-05,Outpatient,Yes,Transferred
P102256,H062,Orthopedics,2025-05-28,2025-06-05,Emergency,No,Under Treatment
P102257,H051,ICU,2026-05-07,2026-05-11,Day Care,No,Recovered
P102258,H077,General Medicine,2026-04-11,2026-04-20,Day Care,Yes,Recovered
P102259,H095,Radiology,2026-04-19,2026-04-19,Inpatient,No,Transferred
P102260,H053,Oncology,2025-01-31,2025-02-05,Outpatient,Yes,Under Treatment
P102261,H053,Neurology,2026-03-02,2026-03-04,Emergency,No,Recovered
P102262,H026,Cardiology,2025-06-19,2025-06-21,Inpatient,No,Transferred
P102263,H091,Cardiology,2026-05-04,2026-05-13,Inpatient,Yes,Under Treatment
P102264,H098,Radiology,2026-01-14,2026-01-14,Day Care,No,Under Treatment
P102265,H030,ICU,2025-06-01,2025-06-09,Inpatient,Yes,Recovered
P102266,H092,Neurology,2026-03-11,2026-03-12,Emergency,Yes,Under Treatment
P102267,H012,ICU,2025-06-10,2025-06-18,Inpatient,No,Transferred
P102268,H025,General Medicine,2025-04-21,2025-04-24,Day Care,Yes,Transferred
P102269,H079,General Medicine,2025-04-10,2025-04-15,Day Care,Yes,Recovered
P102270,H061,Radiology,2025-01-25,2025-01-28,Day Care,Yes,Under Treatment
P102271,H029,Orthopedics,2025-09-16,2025-09-24,Day Care,No,Recovered
P102272,H041,Radiology,2025-08-07,2025-08-15,Day Care,No,Under Treatment
P102273,H024,Oncology,2025-05-17,2025-05-20,Day Care,No,Under Treatment
P102274,H076,Radiology,2026-01-11,2026-01-16,Outpatient,No,Transferred
P102275,H017,Neurology,2026-04-28,2026-05-05,Inpatient,Yes,Transferred
P102276,H068,Pediatrics,2025-12-31,2026-01-09,Emergency,Yes,Under Treatment
P102277,H049,Emergency,2026-04-17,2026-04-21,Emergency,No,Under Treatment
P102278,H006,ICU,2025-12-23,2025-12-26,Day Care,No,Under Treatment
P102279,H087,Pediatrics,2025-10-16,2025-10-25,Inpatient,No,Under Treatment
P102280,H081,ICU,2025-12-27,2025-12-28,Inpatient,No,Recovered
P102281,H002,Neurology,2025-01-04,2025-01-12,Day Care,Yes,Transferred
P102282,H074,Cardiology,2025-06-29,2025-07-08,Emergency,No,Recovered
P102283,H026,Radiology,2025-04-09,2025-04-18,Outpatient,No,Under Treatment
P102284,H049,Oncology,2026-05-11,2026-05-20,Emergency,Yes,Under Treatment
P102285,H068,Emergency,2026-01-28,2026-02-04,Inpatient,Yes,Under Treatment
P102286,H035,Radiology,2026-01-14,2026-01-17,Inpatient,Yes,Under Treatment
P102287,H043,Pediatrics,2025-11-15,2025-11-22,Inpatient,No,Transferred
P102288,H013,Pediatrics,2025-10-17,2025-10-27,Day Care,No,Transferred
P102289,H040,Cardiology,2025-01-30,2025-02-01,Day Care,No,Transferred
P102290,H094,Neurology,2025-08-01,2025-08-01,Day Care,Yes,Recovered
P102291,H075,General Medicine,2025-07-04,2025-07-04,Emergency,No,Under Treatment
P102292,H072,Orthopedics,2026-03-12,2026-03-17,Emergency,No,Under Treatment
P102293,H054,Neurology,2025-04-05,2025-04-13,Outpatient,No,Recovered
P102294,H067,Orthopedics,2025-10-12,2025-10-22,Day Care,Yes,Transferred
P102295,H082,Pediatrics,2026-03-29,2026-03-29,Day Care,No,Transferred
P102296,H006,General Medicine,2025-09-27,2025-10-04,Inpatient,No,Transferred
P102297,H074,Neurology,2025-11-27,2025-12-03,Inpatient,No,Under Treatment
P102298,H025,Cardiology,2026-02-19,2026-02-21,Day Care,No,Under Treatment
P102299,H069,Radiology,2025-10-28,2025-11-01,Outpatient,Yes,Under Treatment
P102300,H002,ICU,2025-01-24,2025-01-24,Inpatient,No,Under Treatment
P102301,H028,Oncology,2025-06-22,2025-07-01,Day Care,Yes,Transferred
P102302,H044,Pediatrics,2026-02-06,2026-02-11,Emergency,Yes,Recovered
P102303,H028,Emergency,2026-03-17,2026-03-23,Inpatient,No,Under Treatment
P102304,H076,Pediatrics,2025-04-09,2025-04-13,Day Care,Yes,Under Treatment
P102305,H087,Oncology,2025-10-24,2025-11-03,Outpatient,Yes,Recovered
P102306,H043,Orthopedics,2025-10-21,2025-10-30,Emergency,No,Recovered
P102307,H096,Radiology,2025-11-17,2025-11-17,Emergency,No,Under Treatment
P102308,H095,Neurology,2025-10-14,2025-10-22,Outpatient,No,Transferred
P102309,H078,Cardiology,2026-04-18,2026-04-28,Emergency,Yes,Under Treatment
P102310,H024,ICU,2026-04-01,2026-04-05,Day Care,Yes,Transferred
P102311,H055,Emergency,2025-04-20,2025-04-20,Outpatient,No,Transferred
P102312,H069,Pediatrics,2026-03-02,2026-03-02,Emergency,Yes,Recovered
P102313,H065,Dermatology,2026-04-22,2026-04-26,Outpatient,No,Transferred
P102314,H054,Pediatrics,2025-09-10,2025-09-20,Inpatient,No,Transferred
P102315,H088,Radiology,2025-02-19,2025-02-28,Day Care,Yes,Recovered
P102316,H097,Cardiology,2025-08-12,2025-08-21,Emergency,No,Under Treatment
P102317,H007,Radiology,2025-03-05,2025-03-08,Inpatient,Yes,Recovered
P102318,H085,General Medicine,2025-09-03,2025-09-11,Emergency,Yes,Transferred
P102319,H089,Orthopedics,2026-01-06,2026-01-10,Emergency,Yes,Transferred
P102320,H073,ICU,2025-04-09,2025-04-14,Inpatient,No,Recovered
P102321,H060,Neurology,2026-03-20,2026-03-21,Outpatient,Yes,Recovered
P102322,H032,Neurology,2025-08-16,2025-08-18,Outpatient,No,Under Treatment
P102323,H009,Emergency,2025-03-06,2025-03-16,Inpatient,Yes,Recovered
P102324,H098,Neurology,2025-11-04,2025-11-09,Emergency,Yes,Under Treatment
P102325,H082,Radiology,2025-05-10,2025-05-19,Emergency,Yes,Recovered
P102326,H027,Pediatrics,2025-07-31,2025-08-07,Inpatient,No,Transferred
P102327,H058,Emergency,2025-07-21,2025-07-31,Emergency,Yes,Transferred
P102328,H008,Orthopedics,2025-04-04,2025-04-10,Emergency,No,Recovered
P102329,H096,Cardiology,2025-11-16,2025-11-20,Emergency,No,Recovered
P102330,H099,General Medicine,2025-01-29,2025-01-31,Outpatient,Yes,Under Treatment
P102331,H065,General Medicine,2026-01-27,2026-01-31,Outpatient,No,Transferred
P102332,H017,Neurology,2025-02-07,2025-02-15,Outpatient,Yes,Under Treatment
P102333,H089,ICU,2026-04-01,2026-04-02,Day Care,No,Under Treatment
P102334,H031,Cardiology,2026-05-12,2026-05-21,Day Care,Yes,Under Treatment
P102335,H003,Pediatrics,2025-09-14,2025-09-20,Inpatient,Yes,Recovered
P102336,H099,Pediatrics,2026-04-11,2026-04-12,Outpatient,Yes,Transferred
P102337,H006,Oncology,2026-03-11,2026-03-20,Outpatient,Yes,Recovered
P102338,H033,Pediatrics,2025-07-07,2025-07-17,Day Care,No,Recovered
P102339,H011,Pediatrics,2025-07-29,2025-08-06,Day Care,Yes,Transferred
P102340,H096,Neurology,2026-02-18,2026-02-19,Emergency,Yes,Transferred
P102341,H091,Oncology,2025-10-26,2025-10-31,Emergency,Yes,Under Treatment
P102342,H018,Neurology,2025-10-02,2025-10-03,Inpatient,Yes,Transferred
P102343,H051,Pediatrics,2025-12-03,2025-12-11,Inpatient,No,Under Treatment
P102344,H069,Dermatology,2025-11-16,2025-11-16,Day Care,Yes,Transferred
P102345,H064,Emergency,2025-01-12,2025-01-21,Outpatient,Yes,Recovered
P102346,H024,General Medicine,2025-03-16,2025-03-17,Inpatient,Yes,Recovered
P102347,H045,Orthopedics,2025-04-11,2025-04-15,Emergency,Yes,Transferred
P102348,H091,Neurology,2025-10-17,2025-10-20,Outpatient,Yes,Transferred
P102349,H058,Neurology,2025-08-13,2025-08-20,Inpatient,No,Recovered
P102350,H052,Pediatrics,2025-02-25,2025-03-06,Day Care,No,Recovered
P102351,H017,Cardiology,2025-04-22,2025-04-28,Inpatient,No,Recovered
P102352,H038,Dermatology,2025-12-29,2026-01-06,Day Care,Yes,Recovered
P102353,H058,General Medicine,2026-01-03,2026-01-07,Emergency,No,Transferred
P102354,H082,Oncology,2025-12-07,2025-12-14,Day Care,Yes,Recovered
P102355,H096,Pediatrics,2025-03-03,2025-03-06,Inpatient,Yes,Under Treatment
P102356,H078,Emergency,2025-04-06,2025-04-08,Outpatient,No,Under Treatment
P102357,H064,General Medicine,2025-01-19,2025-01-19,Inpatient,No,Recovered
P102358,H099,Oncology,2025-08-13,2025-08-14,Emergency,No,Under Treatment
P102359,H052,Emergency,2025-07-16,2025-07-24,Emergency,No,Under Treatment
P102360,H068,Cardiology,2026-02-11,2026-02-12,Inpatient,No,Recovered
P102361,H034,General Medicine,2025-12-12,2025-12-14,Inpatient,No,Transferred
P102362,H002,ICU,2025-09-10,2025-09-13,Outpatient,No,Under Treatment
P102363,H051,Emergency,2025-01-31,2025-02-05,Day Care,Yes,Under Treatment
P102364,H046,Dermatology,2025-08-15,2025-08-17,Outpatient,Yes,Transferred
P102365,H004,Dermatology,2026-02-03,2026-02-04,Emergency,No,Recovered
P102366,H085,General Medicine,2025-09-22,2025-09-26,Emergency,Yes,Recovered
P102367,H088,Oncology,2025-01-04,2025-01-08,Day Care,Yes,Under Treatment
P102368,H014,Emergency,2025-04-15,2025-04-15,Day Care,No,Recovered
P102369,H051,Orthopedics,2025-11-01,2025-11-03,Day Care,No,Recovered
P102370,H038,ICU,2025-04-30,2025-05-10,Outpatient,Yes,Transferred
P102371,H070,ICU,2026-02-18,2026-02-28,Inpatient,Yes,Under Treatment
P102372,H042,Radiology,2025-07-27,2025-08-05,Emergency,Yes,Under Treatment
P102373,H062,Orthopedics,2025-06-27,2025-06-28,Inpatient,No,Transferred
P102374,H039,Neurology,2025-08-26,2025-08-28,Emergency,No,Recovered
P102375,H069,Dermatology,2025-07-08,2025-07-18,Emergency,Yes,Under Treatment
P102376,H036,ICU,2025-04-14,2025-04-18,Emergency,Yes,Recovered
P102377,H068,ICU,2025-03-28,2025-03-29,Emergency,No,Recovered
P102378,H010,Neurology,2025-01-30,2025-02-04,Emergency,No,Under Treatment
P102379,H073,Pediatrics,2025-04-05,2025-04-07,Outpatient,No,Recovered
P102380,H032,Orthopedics,2025-06-06,2025-06-08,Day Care,Yes,Under Treatment
P102381,H079,General Medicine,2025-11-05,2025-11-08,Day Care,No,Recovered
P102382,H079,ICU,2025-07-31,2025-08-05,Emergency,No,Under Treatment
P102383,H097,Oncology,2026-05-11,2026-05-11,Outpatient,No,Transferred
P102384,H049,Neurology,2025-11-15,2025-11-22,Outpatient,No,Transferred
P102385,H009,Radiology,2026-04-25,2026-05-01,Emergency,No,Recovered
P102386,H062,Radiology,2026-05-09,2026-05-18,Emergency,Yes,Recovered
P102387,H001,Cardiology,2025-04-08,2025-04-10,Emergency,No,Transferred
P102388,H025,Radiology,2025-01-16,2025-01-18,Inpatient,No,Under Treatment
P102389,H092,General Medicine,2025-09-01,2025-09-01,Inpatient,Yes,Under Treatment
P102390,H056,Oncology,2025-12-25,2026-01-01,Inpatient,No,Recovered
P102391,H071,Orthopedics,2025-04-21,2025-04-24,Day Care,No,Recovered
P102392,H028,Cardiology,2026-02-05,2026-02-07,Day Care,Yes,Under Treatment
P102393,H046,Neurology,2025-04-21,2025-04-24,Outpatient,No,Under Treatment
P102394,H006,Neurology,2025-10-06,2025-10-13,Outpatient,No,Recovered
P102395,H064,Oncology,2026-03-01,2026-03-03,Day Care,No,Recovered
P102396,H007,General Medicine,2026-01-15,2026-01-21,Inpatient,Yes,Recovered
P102397,H014,Dermatology,2025-02-26,2025-02-28,Emergency,Yes,Transferred
P102398,H083,Pediatrics,2025-05-19,2025-05-29,Day Care,No,Under Treatment
P102399,H069,Orthopedics,2025-05-12,2025-05-20,Outpatient,Yes,Recovered
P102400,H082,Neurology,2025-08-18,2025-08-28,Emergency,No,Under Treatment
P102401,H065,Radiology,2026-01-05,2026-01-09,Inpatient,No,Recovered
P102402,H002,Emergency,2025-02-19,2025-02-23,Day Care,No,Transferred
P102403,H087,General Medicine,2026-05-13,2026-05-21,Inpatient,No,Recovered
P102404,H061,Pediatrics,2025-09-08,2025-09-11,Outpatient,No,Transferred
P102405,H080,Pediatrics,2025-09-07,2025-09-08,Outpatient,No,Transferred
P102406,H079,Dermatology,2025-09-29,2025-10-04,Day Care,No,Transferred
P102407,H020,ICU,2025-07-07,2025-07-10,Day Care,No,Under Treatment
P102408,H092,ICU,2025-06-10,2025-06-16,Inpatient,No,Under Treatment
P102409,H097,Orthopedics,2025-04-08,2025-04-11,Outpatient,No,Recovered
P102410,H054,Dermatology,2025-03-04,2025-03-07,Inpatient,No,Under Treatment
P102411,H029,Neurology,2026-01-03,2026-01-13,Outpatient,Yes,Under Treatment
P102412,H044,Cardiology,2025-05-03,2025-05-07,Inpatient,Yes,Transferred
P102413,H079,Cardiology,2025-09-13,2025-09-13,Day Care,No,Recovered
P102414,H046,Neurology,2025-06-13,2025-06-15,Emergency,No,Recovered
P102415,H015,Radiology,2026-04-13,2026-04-13,Inpatient,No,Under Treatment
P102416,H009,Emergency,2026-01-13,2026-01-15,Inpatient,Yes,Recovered
P102417,H015,General Medicine,2026-03-28,2026-03-30,Day Care,No,Recovered
P102418,H048,General Medicine,2025-03-13,2025-03-20,Outpatient,No,Transferred
P102419,H078,Dermatology,2026-05-09,2026-05-17,Day Care,No,Under Treatment
P102420,H080,General Medicine,2025-10-26,2025-11-03,Outpatient,Yes,Under Treatment
P102421,H046,General Medicine,2026-02-11,2026-02-13,Emergency,No,Transferred
P102422,H002,Emergency,2025-11-17,2025-11-18,Day Care,Yes,Recovered
P102423,H062,Emergency,2025-04-17,2025-04-22,Emergency,No,Under Treatment
P102424,H045,Neurology,2025-03-09,2025-03-11,Emergency,Yes,Transferred
P102425,H054,Dermatology,2026-03-27,2026-04-04,Emergency,Yes,Under Treatment
P102426,H071,Orthopedics,2025-12-11,2025-12-15,Inpatient,Yes,Under Treatment
P102427,H035,Orthopedics,2025-01-09,2025-01-19,Day Care,Yes,Under Treatment
P102428,H006,Neurology,2026-05-16,2026-05-26,Emergency,No,Recovered
P102429,H029,Dermatology,2025-02-20,2025-02-28,Inpatient,No,Transferred
P102430,H090,Radiology,2026-05-08,2026-05-14,Emergency,No,Under Treatment
P102431,H027,Orthopedics,2025-03-16,2025-03-25,Outpatient,Yes,Recovered
P102432,H086,Radiology,2026-02-27,2026-03-03,Outpatient,Yes,Recovered
P102433,H071,Dermatology,2025-05-06,2025-05-07,Inpatient,No,Under Treatment
P102434,H098,General Medicine,2025-10-05,2025-10-05,Day Care,No,Transferred
P102435,H005,Oncology,2026-05-07,2026-05-10,Day Care,Yes,Recovered
P102436,H085,Emergency,2025-08-10,2025-08-16,Inpatient,No,Under Treatment
P102437,H023,General Medicine,2025-03-25,2025-03-27,Emergency,No,Recovered
P102438,H067,Orthopedics,2025-07-07,2025-07-13,Day Care,Yes,Transferred
P102439,H077,Dermatology,2025-02-10,2025-02-17,Emergency,No,Under Treatment
P102440,H038,Neurology,2025-05-05,2025-05-08,Inpatient,Yes,Transferred
P102441,H087,Neurology,2025-02-05,2025-02-15,Outpatient,Yes,Recovered
P102442,H011,Cardiology,2026-04-19,2026-04-24,Inpatient,Yes,Transferred
P102443,H033,Emergency,2025-06-03,2025-06-13,Outpatient,No,Under Treatment
P102444,H085,Pediatrics,2025-02-04,2025-02-09,Day Care,Yes,Recovered
P102445,H047,Pediatrics,2026-02-27,2026-03-05,Day Care,Yes,Under Treatment
P102446,H003,Radiology,2025-04-10,2025-04-18,Day Care,No,Transferred
P102447,H041,Oncology,2025-03-03,2025-03-12,Inpatient,Yes,Recovered
P102448,H078,Pediatrics,2025-11-28,2025-12-08,Inpatient,No,Under Treatment
P102449,H006,Neurology,2025-03-15,2025-03-22,Outpatient,No,Under Treatment
P102450,H015,Dermatology,2026-05-07,2026-05-14,Emergency,Yes,Recovered
P102451,H066,General Medicine,2026-03-30,2026-04-09,Day Care,Yes,Recovered
P102452,H071,Neurology,2025-08-16,2025-08-20,Emergency,No,Under Treatment
P102453,H069,ICU,2025-07-31,2025-08-02,Day Care,No,Transferred
P102454,H061,Radiology,2025-12-08,2025-12-15,Outpatient,Yes,Recovered
P102455,H082,General Medicine,2026-01-16,2026-01-22,Day Care,Yes,Recovered
P102456,H091,Radiology,2025-03-17,2025-03-23,Emergency,No,Under Treatment
P102457,H068,Emergency,2025-08-20,2025-08-22,Inpatient,Yes,Transferred
P102458,H041,Neurology,2026-02-16,2026-02-22,Emergency,No,Under Treatment
P102459,H009,ICU,2025-02-05,2025-02-12,Outpatient,No,Recovered
P102460,H029,ICU,2025-01-28,2025-01-30,Inpatient,No,Recovered
P102461,H013,Radiology,2025-03-10,2025-03-11,Outpatient,Yes,Under Treatment
P102462,H057,Orthopedics,2025-03-19,2025-03-23,Outpatient,Yes,Recovered
P102463,H038,Pediatrics,2026-01-14,2026-01-16,Inpatient,No,Recovered
P102464,H023,Orthopedics,2026-05-03,2026-05-06,Inpatient,Yes,Transferred
P102465,H028,Cardiology,2026-04-24,2026-04-24,Day Care,Yes,Recovered
P102466,H019,Pediatrics,2026-03-13,2026-03-21,Emergency,No,Transferred
P102467,H036,Cardiology,2026-04-11,2026-04-16,Inpatient,Yes,Under Treatment
P102468,H058,Pediatrics,2025-11-20,2025-11-28,Day Care,Yes,Transferred
P102469,H044,Pediatrics,2026-02-12,2026-02-20,Inpatient,Yes,Transferred
P102470,H060,Orthopedics,2026-03-20,2026-03-25,Outpatient,No,Transferred
P102471,H079,Emergency,2025-01-27,2025-02-05,Outpatient,Yes,Recovered
P102472,H094,Orthopedics,2026-04-01,2026-04-02,Emergency,Yes,Under Treatment
P102473,H022,General Medicine,2026-03-22,2026-03-24,Outpatient,Yes,Recovered
P102474,H007,Neurology,2025-09-16,2025-09-22,Inpatient,No,Recovered
P102475,H051,Pediatrics,2025-06-29,2025-07-05,Inpatient,Yes,Transferred
P102476,H067,Radiology,2025-03-06,2025-03-16,Inpatient,Yes,Recovered
P102477,H084,General Medicine,2026-05-12,2026-05-16,Day Care,Yes,Transferred
P102478,H007,Orthopedics,2026-02-25,2026-02-27,Day Care,No,Under Treatment
P102479,H026,Cardiology,2025-12-17,2025-12-17,Outpatient,Yes,Under Treatment
P102480,H093,ICU,2026-03-29,2026-04-03,Outpatient,No,Under Treatment
P102481,H029,Neurology,2025-06-27,2025-07-04,Outpatient,No,Recovered
P102482,H029,General Medicine,2026-01-01,2026-01-09,Emergency,No,Transferred
P102483,H017,Oncology,2025-01-02,2025-01-05,Outpatient,Yes,Transferred
P102484,H100,Cardiology,2025-08-05,2025-08-08,Emergency,Yes,Transferred
P102485,H057,Cardiology,2025-03-11,2025-03-14,Inpatient,No,Transferred
P102486,H006,General Medicine,2025-02-20,2025-02-20,Emergency,Yes,Transferred
P102487,H018,Neurology,2025-08-11,2025-08-13,Outpatient,No,Transferred
P102488,H017,Orthopedics,2025-02-23,2025-02-24,Day Care,No,Under Treatment
P102489,H035,Radiology,2025-02-12,2025-02-15,Outpatient,No,Recovered
P102490,H067,Neurology,2025-03-23,2025-04-01,Inpatient,No,Under Treatment
P102491,H052,Cardiology,2025-07-13,2025-07-15,Emergency,Yes,Transferred
P102492,H094,Neurology,2026-03-09,2026-03-12,Inpatient,No,Under Treatment
P102493,H058,General Medicine,2026-02-13,2026-02-19,Day Care,No,Transferred
P102494,H010,Neurology,2025-01-16,2025-01-25,Inpatient,Yes,Recovered
P102495,H084,Orthopedics,2025-01-06,2025-01-13,Day Care,Yes,Transferred
P102496,H062,Emergency,2025-02-14,2025-02-20,Emergency,No,Recovered
P102497,H071,ICU,2025-10-16,2025-10-26,Inpatient,No,Under Treatment
P102498,H009,ICU,2025-10-06,2025-10-16,Outpatient,Yes,Under Treatment
P102499,H012,Cardiology,2026-04-08,2026-04-08,Outpatient,No,Transferred
P102500,H060,ICU,2026-05-01,2026-05-09,Inpatient,Yes,Transferred
P102501,H030,Emergency,2025-09-08,2025-09-15,Day Care,Yes,Recovered
P102502,H091,ICU,2026-03-31,2026-04-08,Outpatient,No,Transferred
P102503,H061,Pediatrics,2025-11-25,2025-12-03,Emergency,No,Under Treatment
P102504,H044,General Medicine,2026-03-30,2026-04-06,Outpatient,Yes,Transferred
P102505,H061,Pediatrics,2026-03-26,2026-03-30,Outpatient,Yes,Under Treatment
P102506,H060,Orthopedics,2026-05-07,2026-05-10,Emergency,Yes,Transferred
P102507,H019,Dermatology,2025-04-21,2025-04-30,Inpatient,Yes,Under Treatment
P102508,H092,Oncology,2026-01-09,2026-01-17,Day Care,Yes,Recovered
P102509,H013,Emergency,2025-09-08,2025-09-13,Day Care,No,Under Treatment
P102510,H070,Radiology,2026-01-19,2026-01-21,Inpatient,No,Transferred
P102511,H078,Radiology,2025-12-04,2025-12-06,Outpatient,No,Recovered
P102512,H066,Neurology,2025-09-20,2025-09-22,Day Care,No,Under Treatment
P102513,H037,Dermatology,2026-05-03,2026-05-03,Inpatient,Yes,Under Treatment
P102514,H004,Emergency,2026-04-10,2026-04-18,Inpatient,Yes,Recovered
P102515,H013,Dermatology,2025-03-11,2025-03-15,Emergency,No,Under Treatment
P102516,H027,Emergency,2025-01-31,2025-02-02,Day Care,Yes,Under Treatment
P102517,H075,ICU,2025-10-28,2025-11-06,Outpatient,No,Under Treatment
P102518,H040,Cardiology,2026-04-12,2026-04-15,Outpatient,Yes,Recovered
P102519,H030,Orthopedics,2025-09-27,2025-09-30,Inpatient,No,Under Treatment
P102520,H096,General Medicine,2025-05-14,2025-05-14,Inpatient,No,Recovered
P102521,H042,Oncology,2025-04-15,2025-04-24,Outpatient,No,Recovered
P102522,H031,Cardiology,2025-04-30,2025-05-09,Emergency,Yes,Under Treatment
P102523,H006,Neurology,2025-04-08,2025-04-11,Inpatient,Yes,Transferred
P102524,H020,Orthopedics,2025-10-05,2025-10-14,Emergency,Yes,Under Treatment
P102525,H085,Orthopedics,2026-02-26,2026-03-02,Outpatient,Yes,Transferred
P102526,H050,ICU,2025-01-08,2025-01-17,Emergency,No,Transferred
P102527,H090,Pediatrics,2026-02-11,2026-02-16,Emergency,No,Under Treatment
P102528,H076,Cardiology,2025-04-20,2025-04-23,Day Care,No,Transferred
P102529,H041,Emergency,2025-03-05,2025-03-15,Emergency,No,Transferred
P102530,H032,Pediatrics,2025-08-28,2025-09-06,Day Care,No,Transferred
P102531,H038,Emergency,2025-03-21,2025-03-28,Outpatient,Yes,Recovered
P102532,H075,Dermatology,2025-11-03,2025-11-09,Inpatient,No,Recovered
P102533,H023,Cardiology,2025-11-28,2025-12-04,Inpatient,Yes,Recovered
P102534,H016,Radiology,2026-01-04,2026-01-04,Emergency,Yes,Transferred
P102535,H074,Oncology,2026-01-26,2026-01-31,Inpatient,No,Recovered
P102536,H025,Radiology,2026-04-25,2026-04-27,Emergency,Yes,Under Treatment
P102537,H058,Pediatrics,2025-10-29,2025-10-29,Day Care,Yes,Transferred
P102538,H053,Dermatology,2025-10-06,2025-10-07,Day Care,Yes,Under Treatment
P102539,H054,Pediatrics,2025-03-16,2025-03-16,Day Care,No,Recovered
P102540,H060,ICU,2025-12-16,2025-12-17,Day Care,No,Transferred
P102541,H066,Pediatrics,2026-05-01,2026-05-03,Emergency,Yes,Recovered
P102542,H090,General Medicine,2025-02-15,2025-02-21,Emergency,No,Under Treatment
P102543,H057,Neurology,2025-02-04,2025-02-13,Day Care,No,Transferred
P102544,H086,Radiology,2026-03-16,2026-03-23,Emergency,Yes,Recovered
P102545,H050,Orthopedics,2025-12-06,2025-12-13,Day Care,Yes,Transferred
P102546,H096,Oncology,2026-03-15,2026-03-24,Emergency,No,Recovered
P102547,H044,Pediatrics,2025-01-31,2025-02-03,Outpatient,Yes,Transferred
P102548,H020,Pediatrics,2025-08-21,2025-08-26,Outpatient,No,Transferred
P102549,H052,General Medicine,2025-12-14,2025-12-14,Outpatient,No,Transferred
P102550,H013,Pediatrics,2026-02-20,2026-02-25,Emergency,No,Transferred
P102551,H010,Neurology,2026-02-18,2026-02-25,Emergency,No,Under Treatment
P102552,H048,General Medicine,2025-04-21,2025-04-30,Outpatient,Yes,Transferred
P102553,H057,Cardiology,2025-10-31,2025-11-05,Day Care,No,Transferred
P102554,H018,Dermatology,2025-07-01,2025-07-07,Day Care,Yes,Recovered
P102555,H001,General Medicine,2025-06-17,2025-06-22,Emergency,No,Recovered
P102556,H094,Oncology,2026-02-01,2026-02-05,Emergency,Yes,Transferred
P102557,H040,Radiology,2025-10-24,2025-10-24,Day Care,No,Under Treatment
P102558,H071,Emergency,2025-09-20,2025-09-30,Emergency,Yes,Transferred
P102559,H075,Radiology,2025-03-03,2025-03-08,Day Care,No,Under Treatment
P102560,H090,Orthopedics,2026-04-02,2026-04-10,Emergency,Yes,Transferred
P102561,H097,Emergency,2026-01-03,2026-01-06,Emergency,Yes,Under Treatment
P102562,H054,Orthopedics,2026-01-01,2026-01-07,Emergency,No,Transferred
P102563,H072,General Medicine,2025-01-28,2025-02-06,Outpatient,No,Transferred
P102564,H049,Oncology,2025-02-23,2025-03-02,Day Care,Yes,Recovered
P102565,H081,Cardiology,2025-03-27,2025-03-30,Inpatient,Yes,Under Treatment
P102566,H006,Orthopedics,2025-01-26,2025-01-26,Inpatient,No,Transferred
P102567,H005,Neurology,2026-02-26,2026-03-04,Outpatient,No,Transferred
P102568,H040,Cardiology,2026-02-13,2026-02-13,Inpatient,Yes,Transferred
P102569,H017,Orthopedics,2025-06-05,2025-06-12,Outpatient,No,Recovered
P102570,H039,Emergency,2025-01-28,2025-02-02,Day Care,No,Under Treatment
P102571,H085,Cardiology,2025-06-13,2025-06-23,Inpatient,Yes,Recovered
P102572,H008,Cardiology,2025-07-24,2025-07-31,Outpatient,No,Transferred
P102573,H026,Dermatology,2026-04-07,2026-04-12,Emergency,No,Transferred
P102574,H033,Orthopedics,2025-03-16,2025-03-22,Inpatient,Yes,Transferred
P102575,H048,Dermatology,2025-08-25,2025-08-25,Inpatient,Yes,Under Treatment
P102576,H001,General Medicine,2025-01-22,2025-01-26,Day Care,No,Under Treatment
P102577,H099,Cardiology,2025-07-01,2025-07-02,Emergency,No,Under Treatment
P102578,H067,General Medicine,2025-03-08,2025-03-13,Inpatient,Yes,Under Treatment
P102579,H008,Orthopedics,2026-05-03,2026-05-10,Outpatient,No,Under Treatment
P102580,H016,Neurology,2025-05-22,2025-05-23,Day Care,No,Recovered
P102581,H099,Oncology,2025-06-29,2025-07-06,Outpatient,Yes,Recovered
P102582,H023,General Medicine,2025-06-23,2025-06-24,Emergency,No,Recovered
P102583,H073,Radiology,2025-05-16,2025-05-26,Outpatient,No,Transferred
P102584,H061,Radiology,2025-03-01,2025-03-11,Inpatient,Yes,Recovered
P102585,H025,Oncology,2025-10-14,2025-10-16,Day Care,Yes,Under Treatment
P102586,H091,Dermatology,2025-08-24,2025-08-24,Day Care,No,Transferred
P102587,H021,Cardiology,2025-06-25,2025-06-27,Inpatient,No,Transferred
P102588,H046,Cardiology,2025-10-04,2025-10-10,Outpatient,Yes,Transferred
P102589,H059,Oncology,2025-10-30,2025-11-09,Emergency,Yes,Recovered
P102590,H014,Orthopedics,2025-05-27,2025-06-06,Inpatient,No,Under Treatment
P102591,H001,Pediatrics,2025-05-06,2025-05-12,Day Care,No,Transferred
P102592,H003,Pediatrics,2025-03-01,2025-03-02,Emergency,Yes,Transferred
P102593,H055,Pediatrics,2025-03-06,2025-03-09,Inpatient,No,Transferred
P102594,H023,Neurology,2025-11-12,2025-11-18,Outpatient,No,Transferred
P102595,H088,Neurology,2026-01-23,2026-01-23,Day Care,No,Under Treatment
P102596,H073,General Medicine,2025-07-21,2025-07-21,Day Care,No,Recovered
P102597,H070,Neurology,2025-03-27,2025-03-31,Inpatient,No,Transferred
P102598,H092,Dermatology,2026-04-30,2026-05-02,Day Care,Yes,Under Treatment
P102599,H097,Pediatrics,2025-09-18,2025-09-21,Day Care,No,Recovered
P102600,H051,Cardiology,2025-07-21,2025-07-22,Emergency,Yes,Under Treatment
P102601,H028,ICU,2025-02-11,2025-02-20,Emergency,No,Recovered
P102602,H005,Cardiology,2025-11-13,2025-11-20,Emergency,No,Transferred
P102603,H017,Pediatrics,2025-09-24,2025-09-27,Emergency,Yes,Under Treatment
P102604,H011,Neurology,2026-03-31,2026-04-04,Emergency,Yes,Transferred
P102605,H040,ICU,2025-04-30,2025-05-03,Emergency,No,Transferred
P102606,H076,Orthopedics,2026-04-29,2026-05-03,Inpatient,Yes,Recovered
P102607,H067,ICU,2025-11-04,2025-11-12,Day Care,No,Transferred
P102608,H068,Pediatrics,2025-09-24,2025-09-24,Emergency,Yes,Recovered
P102609,H070,Orthopedics,2025-06-04,2025-06-12,Day Care,No,Under Treatment
P102610,H025,Orthopedics,2025-04-25,2025-05-01,Outpatient,Yes,Transferred
P102611,H077,Dermatology,2025-06-19,2025-06-29,Emergency,Yes,Recovered
P102612,H098,Pediatrics,2025-12-29,2025-12-29,Day Care,No,Recovered
P102613,H002,Cardiology,2025-07-19,2025-07-26,Emergency,No,Under Treatment
P102614,H013,Dermatology,2025-11-09,2025-11-10,Outpatient,Yes,Under Treatment
P102615,H014,Neurology,2026-01-22,2026-01-23,Day Care,Yes,Under Treatment
P102616,H024,Cardiology,2026-01-12,2026-01-17,Emergency,No,Transferred
P102617,H015,Dermatology,2025-12-29,2026-01-07,Inpatient,Yes,Under Treatment
P102618,H084,Radiology,2025-01-05,2025-01-14,Day Care,Yes,Transferred
P102619,H079,Orthopedics,2025-03-30,2025-03-31,Inpatient,No,Transferred
P102620,H009,Orthopedics,2025-02-21,2025-03-02,Day Care,No,Recovered
P102621,H047,Pediatrics,2025-09-06,2025-09-16,Inpatient,No,Under Treatment
P102622,H070,Emergency,2025-07-06,2025-07-15,Emergency,No,Transferred
P102623,H017,ICU,2025-02-20,2025-02-22,Inpatient,Yes,Recovered
P102624,H071,Oncology,2025-11-18,2025-11-23,Emergency,Yes,Under Treatment
P102625,H073,Cardiology,2025-09-03,2025-09-03,Inpatient,No,Recovered
P102626,H001,ICU,2025-11-18,2025-11-26,Emergency,No,Recovered
P102627,H052,Emergency,2026-03-30,2026-04-03,Emergency,Yes,Transferred
P102628,H014,Emergency,2026-05-03,2026-05-09,Inpatient,Yes,Under Treatment
P102629,H040,Cardiology,2025-04-14,2025-04-20,Inpatient,Yes,Recovered
P102630,H061,General Medicine,2025-04-03,2025-04-10,Inpatient,Yes,Transferred
P102631,H055,Cardiology,2025-03-26,2025-04-05,Emergency,Yes,Recovered
P102632,H089,Oncology,2025-05-01,2025-05-06,Day Care,No,Under Treatment
P102633,H048,ICU,2025-03-23,2025-04-01,Inpatient,Yes,Recovered
P102634,H052,Orthopedics,2026-02-11,2026-02-20,Inpatient,No,Under Treatment
P102635,H056,Radiology,2026-04-04,2026-04-04,Outpatient,Yes,Recovered
P102636,H070,Radiology,2025-10-11,2025-10-13,Emergency,Yes,Under Treatment
P102637,H025,Pediatrics,2025-01-17,2025-01-17,Inpatient,No,Recovered
P102638,H040,Radiology,2025-07-25,2025-07-29,Inpatient,Yes,Recovered
P102639,H084,General Medicine,2025-02-17,2025-02-23,Inpatient,No,Recovered
P102640,H025,Orthopedics,2025-07-29,2025-07-30,Outpatient,No,Transferred
P102641,H025,Emergency,2026-04-29,2026-05-06,Emergency,No,Transferred
P102642,H065,General Medicine,2026-02-14,2026-02-23,Day Care,Yes,Transferred
P102643,H029,Pediatrics,2025-09-05,2025-09-05,Day Care,Yes,Transferred
P102644,H056,Orthopedics,2025-06-19,2025-06-28,Day Care,No,Under Treatment
P102645,H054,Orthopedics,2026-03-14,2026-03-14,Emergency,No,Recovered
P102646,H049,Radiology,2025-03-13,2025-03-21,Outpatient,Yes,Transferred
P102647,H002,General Medicine,2025-05-01,2025-05-06,Outpatient,Yes,Recovered
P102648,H076,Neurology,2025-11-01,2025-11-10,Day Care,Yes,Under Treatment
P102649,H088,Radiology,2025-12-29,2026-01-05,Inpatient,Yes,Under Treatment
P102650,H064,Pediatrics,2026-05-13,2026-05-21,Outpatient,Yes,Recovered
P102651,H099,Neurology,2026-02-09,2026-02-12,Inpatient,No,Under Treatment
P102652,H079,Neurology,2025-03-12,2025-03-15,Inpatient,No,Under Treatment
P102653,H045,ICU,2026-03-18,2026-03-21,Outpatient,No,Recovered
P102654,H058,Pediatrics,2025-10-26,2025-11-01,Emergency,No,Under Treatment
P102655,H040,Oncology,2025-09-09,2025-09-10,Emergency,No,Recovered
P102656,H039,Emergency,2025-12-04,2025-12-14,Emergency,Yes,Under Treatment
P102657,H054,Neurology,2025-11-29,2025-12-06,Outpatient,No,Recovered
P102658,H041,Emergency,2025-10-23,2025-10-27,Day Care,No,Recovered
P102659,H082,Emergency,2026-03-06,2026-03-07,Outpatient,Yes,Under Treatment
P102660,H099,Emergency,2025-07-12,2025-07-13,Emergency,Yes,Transferred
P102661,H083,ICU,2025-08-08,2025-08-12,Day Care,No,Recovered
P102662,H083,Neurology,2025-06-24,2025-06-27,Emergency,No,Recovered
P102663,H090,Cardiology,2026-05-10,2026-05-13,Outpatient,No,Recovered
P102664,H049,Cardiology,2025-06-05,2025-06-11,Outpatient,Yes,Under Treatment
P102665,H062,Cardiology,2025-11-06,2025-11-11,Inpatient,Yes,Transferred
P102666,H018,Radiology,2025-06-11,2025-06-16,Outpatient,No,Recovered
P102667,H047,Pediatrics,2025-01-28,2025-02-02,Day Care,Yes,Recovered
P102668,H093,Emergency,2025-07-30,2025-08-02,Outpatient,No,Under Treatment
P102669,H029,General Medicine,2025-11-18,2025-11-28,Emergency,No,Transferred
P102670,H012,ICU,2025-10-26,2025-11-01,Day Care,Yes,Transferred
P102671,H076,General Medicine,2025-03-09,2025-03-14,Inpatient,No,Transferred
P102672,H011,Oncology,2025-02-24,2025-03-03,Inpatient,Yes,Recovered
P102673,H063,Neurology,2026-04-13,2026-04-17,Day Care,Yes,Recovered
P102674,H070,ICU,2025-07-19,2025-07-22,Inpatient,No,Under Treatment
P102675,H007,Oncology,2025-12-12,2025-12-18,Inpatient,Yes,Recovered
P102676,H024,Neurology,2026-02-16,2026-02-18,Day Care,No,Transferred
P102677,H082,Oncology,2026-03-11,2026-03-19,Outpatient,No,Recovered
P102678,H095,Oncology,2025-02-10,2025-02-12,Outpatient,No,Transferred
P102679,H092,Neurology,2025-02-09,2025-02-18,Outpatient,No,Recovered
P102680,H027,Dermatology,2026-01-24,2026-01-27,Inpatient,Yes,Transferred
P102681,H084,ICU,2026-05-13,2026-05-21,Outpatient,Yes,Under Treatment
P102682,H030,Cardiology,2025-01-04,2025-01-13,Emergency,No,Recovered
P102683,H039,General Medicine,2025-02-11,2025-02-19,Day Care,No,Transferred
P102684,H075,Oncology,2026-04-22,2026-04-23,Day Care,Yes,Transferred
P102685,H094,Dermatology,2025-01-22,2025-01-30,Outpatient,Yes,Recovered
P102686,H004,Emergency,2026-01-16,2026-01-26,Inpatient,Yes,Under Treatment
P102687,H059,Emergency,2026-01-08,2026-01-14,Outpatient,No,Transferred
P102688,H053,Radiology,2025-11-22,2025-11-27,Day Care,No,Transferred
P102689,H099,Pediatrics,2025-04-03,2025-04-03,Emergency,Yes,Recovered
P102690,H058,ICU,2025-01-04,2025-01-14,Emergency,No,Transferred
P102691,H042,Oncology,2025-08-19,2025-08-19,Inpatient,No,Recovered
P102692,H086,Dermatology,2026-03-09,2026-03-18,Emergency,No,Under Treatment
P102693,H086,Neurology,2025-07-27,2025-08-01,Emergency,Yes,Transferred
P102694,H038,Neurology,2025-07-15,2025-07-23,Day Care,Yes,Transferred
P102695,H024,ICU,2026-03-08,2026-03-15,Outpatient,No,Under Treatment
P102696,H073,General Medicine,2026-05-01,2026-05-06,Inpatient,Yes,Recovered
P102697,H067,Emergency,2025-09-16,2025-09-25,Outpatient,No,Transferred
P102698,H091,Dermatology,2026-01-14,2026-01-14,Inpatient,Yes,Transferred
P102699,H094,Pediatrics,2025-03-22,2025-03-24,Inpatient,No,Recovered
P102700,H089,Orthopedics,2025-04-18,2025-04-28,Inpatient,No,Transferred
P102701,H065,Radiology,2025-05-28,2025-06-02,Outpatient,No,Under Treatment
P102702,H082,Cardiology,2025-03-05,2025-03-05,Day Care,No,Under Treatment
P102703,H081,Cardiology,2025-03-17,2025-03-27,Emergency,No,Recovered
P102704,H090,ICU,2025-10-25,2025-11-01,Outpatient,Yes,Transferred
P102705,H051,Oncology,2025-08-16,2025-08-20,Day Care,No,Under Treatment
P102706,H032,Orthopedics,2025-07-02,2025-07-03,Day Care,No,Under Treatment
P102707,H079,General Medicine,2025-09-05,2025-09-09,Outpatient,No,Under Treatment
P102708,H004,Neurology,2025-12-25,2026-01-02,Day Care,Yes,Recovered
P102709,H078,General Medicine,2026-04-18,2026-04-28,Emergency,No,Under Treatment
P102710,H066,Cardiology,2025-07-25,2025-07-31,Day Care,No,Transferred
P102711,H019,Pediatrics,2025-09-22,2025-09-30,Emergency,Yes,Recovered
P102712,H032,Pediatrics,2025-08-07,2025-08-15,Day Care,No,Recovered
P102713,H004,Pediatrics,2026-03-06,2026-03-06,Inpatient,Yes,Under Treatment
P102714,H048,Emergency,2025-07-12,2025-07-17,Day Care,No,Recovered
P102715,H064,Orthopedics,2025-11-06,2025-11-08,Day Care,No,Transferred
P102716,H010,Orthopedics,2026-01-29,2026-02-06,Emergency,No,Recovered
P102717,H040,Orthopedics,2025-07-08,2025-07-11,Outpatient,No,Recovered
P102718,H022,General Medicine,2026-03-13,2026-03-19,Inpatient,No,Transferred
P102719,H041,Radiology,2025-09-30,2025-10-07,Outpatient,No,Under Treatment
P102720,H035,Pediatrics,2025-07-30,2025-08-02,Emergency,Yes,Under Treatment
P102721,H086,ICU,2026-04-21,2026-04-24,Emergency,No,Transferred
P102722,H099,Oncology,2025-03-21,2025-03-21,Day Care,No,Transferred
P102723,H020,Radiology,2025-04-26,2025-05-01,Day Care,No,Transferred
P102724,H020,General Medicine,2025-10-17,2025-10-25,Inpatient,Yes,Recovered
P102725,H064,Oncology,2025-10-25,2025-10-31,Day Care,No,Under Treatment
P102726,H064,Neurology,2025-06-14,2025-06-20,Outpatient,Yes,Under Treatment
P102727,H096,Radiology,2026-04-01,2026-04-06,Outpatient,No,Transferred
P102728,H080,Radiology,2025-08-28,2025-09-07,Day Care,No,Under Treatment
P102729,H007,Cardiology,2026-02-12,2026-02-12,Outpatient,No,Recovered
P102730,H099,Neurology,2025-05-03,2025-05-10,Outpatient,No,Transferred
P102731,H010,Orthopedics,2026-05-12,2026-05-17,Emergency,No,Transferred
P102732,H080,Dermatology,2025-03-13,2025-03-18,Outpatient,Yes,Transferred
P102733,H081,Cardiology,2025-04-03,2025-04-04,Inpatient,Yes,Transferred
P102734,H037,Emergency,2026-03-29,2026-04-04,Day Care,No,Under Treatment
P102735,H074,Pediatrics,2025-05-12,2025-05-19,Day Care,No,Under Treatment
P102736,H021,Cardiology,2026-03-23,2026-03-28,Inpatient,Yes,Recovered
P102737,H072,Orthopedics,2025-09-05,2025-09-08,Day Care,Yes,Recovered
P102738,H078,Neurology,2025-12-20,2025-12-26,Day Care,No,Recovered
P102739,H004,General Medicine,2025-07-23,2025-07-29,Emergency,No,Under Treatment
P102740,H032,General Medicine,2025-12-30,2025-12-30,Outpatient,Yes,Under Treatment
P102741,H018,Radiology,2026-05-07,2026-05-15,Inpatient,No,Under Treatment
P102742,H075,ICU,2025-12-11,2025-12-13,Day Care,No,Under Treatment
P102743,H001,Emergency,2025-01-16,2025-01-26,Inpatient,No,Transferred
P102744,H013,Orthopedics,2025-10-28,2025-11-04,Inpatient,No,Under Treatment
P102745,H059,Neurology,2025-07-18,2025-07-19,Outpatient,No,Recovered
P102746,H014,General Medicine,2025-12-14,2025-12-15,Inpatient,Yes,Under Treatment
P102747,H057,Emergency,2026-03-10,2026-03-15,Emergency,Yes,Transferred
P102748,H066,Pediatrics,2025-07-08,2025-07-09,Outpatient,No,Under Treatment
P102749,H091,Neurology,2025-01-02,2025-01-07,Outpatient,Yes,Transferred
P102750,H098,Dermatology,2025-12-13,2025-12-21,Day Care,No,Under Treatment
P102751,H084,Dermatology,2026-01-12,2026-01-16,Inpatient,No,Transferred
P102752,H061,Dermatology,2025-08-16,2025-08-26,Inpatient,No,Under Treatment
P102753,H039,Radiology,2025-07-28,2025-07-30,Emergency,No,Transferred
P102754,H022,Emergency,2025-04-11,2025-04-15,Day Care,Yes,Under Treatment
P102755,H060,General Medicine,2025-10-19,2025-10-20,Day Care,No,Recovered
P102756,H008,Orthopedics,2025-01-31,2025-02-03,Day Care,No,Transferred
P102757,H015,Neurology,2025-10-05,2025-10-14,Emergency,No,Transferred
P102758,H061,Neurology,2025-08-23,2025-09-01,Outpatient,No,Under Treatment
P102759,H033,General Medicine,2025-09-07,2025-09-15,Day Care,Yes,Under Treatment
P102760,H021,Pediatrics,2025-07-19,2025-07-28,Day Care,Yes,Under Treatment
P102761,H053,General Medicine,2025-06-29,2025-07-04,Inpatient,Yes,Recovered
P102762,H021,Radiology,2025-11-21,2025-12-01,Day Care,Yes,Recovered
P102763,H043,Orthopedics,2026-02-12,2026-02-20,Inpatient,No,Under Treatment
P102764,H001,Pediatrics,2026-03-05,2026-03-08,Day Care,Yes,Under Treatment
P102765,H018,Dermatology,2026-03-01,2026-03-02,Emergency,Yes,Under Treatment
P102766,H050,Emergency,2025-11-06,2025-11-10,Emergency,Yes,Under Treatment
P102767,H021,General Medicine,2025-06-23,2025-07-01,Inpatient,Yes,Recovered
P102768,H065,Dermatology,2025-09-22,2025-09-23,Day Care,Yes,Recovered
P102769,H090,ICU,2025-11-07,2025-11-17,Day Care,Yes,Transferred
P102770,H068,Emergency,2025-05-29,2025-06-01,Inpatient,No,Transferred
P102771,H038,Neurology,2025-07-22,2025-07-29,Inpatient,Yes,Recovered
P102772,H076,General Medicine,2025-10-08,2025-10-17,Inpatient,Yes,Under Treatment
P102773,H078,Dermatology,2025-09-13,2025-09-22,Day Care,No,Under Treatment
P102774,H079,Dermatology,2025-09-11,2025-09-13,Emergency,Yes,Transferred
P102775,H017,Pediatrics,2025-12-22,2026-01-01,Outpatient,No,Under Treatment
P102776,H060,ICU,2025-03-06,2025-03-09,Emergency,No,Recovered
P102777,H060,Neurology,2025-01-09,2025-01-19,Day Care,Yes,Recovered
P102778,H044,Oncology,2026-05-02,2026-05-03,Outpatient,Yes,Under Treatment
P102779,H043,Orthopedics,2025-05-30,2025-06-06,Inpatient,No,Recovered
P102780,H045,Emergency,2025-01-23,2025-01-30,Day Care,Yes,Recovered
P102781,H066,Radiology,2025-02-24,2025-03-02,Outpatient,No,Transferred
P102782,H083,Radiology,2026-02-23,2026-03-03,Emergency,Yes,Under Treatment
P102783,H073,Radiology,2025-05-29,2025-05-30,Outpatient,No,Recovered
P102784,H016,Orthopedics,2025-04-07,2025-04-17,Emergency,No,Under Treatment
P102785,H077,Orthopedics,2026-04-17,2026-04-26,Day Care,Yes,Transferred
P102786,H100,Cardiology,2026-04-05,2026-04-06,Outpatient,No,Transferred
P102787,H016,Cardiology,2026-03-06,2026-03-07,Inpatient,Yes,Under Treatment
P102788,H031,Emergency,2025-04-23,2025-04-24,Inpatient,Yes,Under Treatment
P102789,H058,Dermatology,2025-08-28,2025-09-07,Emergency,No,Transferred
P102790,H023,Radiology,2026-02-25,2026-03-07,Day Care,No,Transferred
P102791,H088,Orthopedics,2025-12-02,2025-12-06,Outpatient,Yes,Recovered
P102792,H063,Oncology,2025-07-25,2025-07-28,Day Care,Yes,Recovered
P102793,H029,Cardiology,2026-02-23,2026-03-01,Day Care,No,Recovered
P102794,H019,Emergency,2025-12-21,2025-12-28,Day Care,No,Recovered
P102795,H026,General Medicine,2025-04-09,2025-04-15,Emergency,No,Under Treatment
P102796,H040,General Medicine,2025-03-19,2025-03-26,Outpatient,No,Transferred
P102797,H071,Neurology,2025-08-01,2025-08-07,Inpatient,No,Under Treatment
P102798,H067,Radiology,2026-03-04,2026-03-05,Inpatient,Yes,Under Treatment
P102799,H080,Oncology,2025-09-16,2025-09-26,Outpatient,Yes,Transferred
P102800,H084,ICU,2025-11-02,2025-11-02,Emergency,No,Recovered
P102801,H014,ICU,2026-03-13,2026-03-18,Day Care,Yes,Recovered
P102802,H090,ICU,2025-03-17,2025-03-22,Emergency,Yes,Recovered
P102803,H019,Pediatrics,2025-01-31,2025-02-02,Outpatient,Yes,Transferred
P102804,H003,Pediatrics,2025-11-13,2025-11-13,Day Care,Yes,Recovered
P102805,H030,Emergency,2025-02-25,2025-03-07,Outpatient,No,Transferred
P102806,H100,General Medicine,2025-01-02,2025-01-11,Day Care,Yes,Under Treatment
P102807,H033,General Medicine,2025-11-06,2025-11-09,Day Care,No,Under Treatment
P102808,H038,ICU,2025-11-18,2025-11-28,Emergency,No,Recovered
P102809,H011,Radiology,2025-03-26,2025-04-02,Emergency,Yes,Under Treatment
P102810,H094,General Medicine,2025-12-31,2026-01-07,Emergency,No,Under Treatment
P102811,H064,Emergency,2026-03-08,2026-03-14,Emergency,Yes,Transferred
P102812,H077,Orthopedics,2025-10-01,2025-10-07,Emergency,Yes,Recovered
P102813,H072,Neurology,2025-01-09,2025-01-10,Outpatient,Yes,Recovered
P102814,H024,Neurology,2025-01-15,2025-01-22,Day Care,Yes,Transferred
P102815,H051,Dermatology,2025-01-01,2025-01-03,Inpatient,No,Recovered
P102816,H002,Dermatology,2026-02-05,2026-02-15,Outpatient,Yes,Under Treatment
P102817,H068,Orthopedics,2025-02-23,2025-02-25,Emergency,Yes,Under Treatment
P102818,H045,ICU,2025-04-03,2025-04-03,Outpatient,Yes,Recovered
P102819,H043,Orthopedics,2025-10-11,2025-10-21,Outpatient,Yes,Under Treatment
P102820,H068,Orthopedics,2025-10-05,2025-10-10,Emergency,No,Under Treatment
P102821,H054,Radiology,2025-11-12,2025-11-18,Outpatient,Yes,Recovered
P102822,H030,ICU,2025-10-23,2025-10-31,Day Care,Yes,Recovered
P102823,H008,Cardiology,2025-01-10,2025-01-14,Day Care,Yes,Transferred
P102824,H019,Pediatrics,2026-03-21,2026-03-22,Emergency,Yes,Transferred
P102825,H054,ICU,2025-03-23,2025-03-26,Outpatient,No,Transferred
P102826,H006,Neurology,2025-10-24,2025-10-25,Day Care,No,Recovered
P102827,H073,Orthopedics,2025-11-03,2025-11-11,Inpatient,No,Under Treatment
P102828,H045,Neurology,2025-06-29,2025-07-01,Day Care,Yes,Recovered
P102829,H084,Orthopedics,2025-12-23,2025-12-30,Emergency,Yes,Under Treatment
P102830,H015,Orthopedics,2026-04-24,2026-05-03,Day Care,No,Transferred
P102831,H035,Orthopedics,2025-05-17,2025-05-26,Emergency,No,Transferred
P102832,H053,Radiology,2025-02-13,2025-02-22,Outpatient,Yes,Transferred
P102833,H059,General Medicine,2026-01-29,2026-01-31,Outpatient,Yes,Under Treatment
P102834,H086,Emergency,2025-12-18,2025-12-20,Emergency,Yes,Transferred
P102835,H052,Neurology,2025-12-15,2025-12-17,Outpatient,No,Recovered
P102836,H055,ICU,2026-02-02,2026-02-05,Day Care,No,Recovered
P102837,H019,Neurology,2025-02-28,2025-03-02,Outpatient,No,Under Treatment
P102838,H020,General Medicine,2026-02-26,2026-02-27,Emergency,Yes,Recovered
P102839,H022,Dermatology,2025-09-20,2025-09-23,Emergency,No,Transferred
P102840,H059,Pediatrics,2026-01-24,2026-01-28,Inpatient,Yes,Transferred
P102841,H003,Pediatrics,2025-05-07,2025-05-15,Emergency,Yes,Under Treatment
P102842,H068,General Medicine,2025-05-01,2025-05-04,Emergency,Yes,Recovered
P102843,H046,General Medicine,2025-12-02,2025-12-04,Day Care,Yes,Recovered
P102844,H033,ICU,2025-03-26,2025-04-03,Emergency,Yes,Recovered
P102845,H038,Pediatrics,2025-08-04,2025-08-07,Outpatient,Yes,Recovered
P102846,H010,Neurology,2025-11-12,2025-11-16,Day Care,Yes,Recovered
P102847,H010,Radiology,2026-03-22,2026-03-24,Outpatient,No,Recovered
P102848,H082,Neurology,2026-01-01,2026-01-10,Inpatient,Yes,Under Treatment
P102849,H089,Cardiology,2025-08-23,2025-09-02,Day Care,Yes,Recovered
P102850,H063,General Medicine,2025-07-11,2025-07-16,Day Care,No,Recovered
P102851,H022,Emergency,2025-11-30,2025-12-10,Inpatient,Yes,Transferred
P102852,H064,Pediatrics,2026-04-24,2026-04-27,Inpatient,Yes,Recovered
P102853,H097,Orthopedics,2025-01-15,2025-01-21,Day Care,Yes,Recovered
P102854,H095,Oncology,2025-08-20,2025-08-23,Emergency,No,Under Treatment
P102855,H032,Orthopedics,2025-09-24,2025-09-30,Emergency,No,Transferred
P102856,H016,Orthopedics,2025-07-19,2025-07-25,Outpatient,Yes,Transferred
P102857,H076,Oncology,2025-09-16,2025-09-26,Outpatient,Yes,Under Treatment
P102858,H020,Emergency,2025-04-23,2025-04-24,Day Care,No,Transferred
P102859,H030,Oncology,2026-01-16,2026-01-20,Outpatient,Yes,Transferred
P102860,H090,Pediatrics,2025-07-22,2025-07-30,Inpatient,No,Under Treatment
P102861,H093,ICU,2026-02-27,2026-03-09,Emergency,No,Under Treatment
P102862,H041,General Medicine,2025-09-13,2025-09-23,Inpatient,No,Transferred
P102863,H065,Oncology,2025-07-13,2025-07-13,Day Care,No,Recovered
P102864,H062,ICU,2025-07-19,2025-07-25,Outpatient,No,Under Treatment
P102865,H023,Emergency,2025-04-10,2025-04-18,Emergency,Yes,Recovered
P102866,H085,Neurology,2025-08-28,2025-09-06,Emergency,Yes,Under Treatment
P102867,H036,Dermatology,2026-04-03,2026-04-08,Day Care,No,Recovered
P102868,H028,ICU,2025-08-07,2025-08-09,Outpatient,Yes,Recovered
P102869,H044,ICU,2025-07-10,2025-07-17,Inpatient,No,Under Treatment
P102870,H037,Oncology,2025-04-09,2025-04-11,Emergency,Yes,Transferred
P102871,H085,Oncology,2025-08-22,2025-08-26,Day Care,Yes,Under Treatment
P102872,H020,Emergency,2025-08-27,2025-09-01,Day Care,Yes,Under Treatment
P102873,H006,Pediatrics,2025-04-05,2025-04-09,Emergency,No,Recovered
P102874,H095,Pediatrics,2026-01-18,2026-01-19,Day Care,No,Transferred
P102875,H074,Radiology,2025-05-22,2025-05-30,Emergency,Yes,Under Treatment
P102876,H050,Cardiology,2026-02-08,2026-02-12,Outpatient,Yes,Under Treatment
P102877,H018,Neurology,2026-03-07,2026-03-08,Inpatient,No,Under Treatment
P102878,H048,Cardiology,2026-05-15,2026-05-21,Inpatient,No,Under Treatment
P102879,H075,Oncology,2025-05-08,2025-05-12,Emergency,Yes,Transferred
P102880,H091,Cardiology,2026-01-12,2026-01-20,Outpatient,No,Transferred
P102881,H086,Dermatology,2026-02-11,2026-02-13,Outpatient,Yes,Under Treatment
P102882,H064,General Medicine,2026-02-14,2026-02-17,Inpatient,Yes,Transferred
P102883,H074,Orthopedics,2025-12-15,2025-12-17,Outpatient,Yes,Under Treatment
P102884,H066,ICU,2026-02-08,2026-02-13,Outpatient,Yes,Transferred
P102885,H064,Radiology,2025-08-31,2025-08-31,Emergency,No,Under Treatment
P102886,H007,Emergency,2026-04-16,2026-04-23,Inpatient,Yes,Under Treatment
P102887,H081,Dermatology,2025-07-15,2025-07-17,Emergency,No,Transferred
P102888,H053,ICU,2025-12-29,2026-01-07,Inpatient,No,Recovered
P102889,H035,Dermatology,2025-11-30,2025-12-07,Emergency,No,Transferred
P102890,H038,ICU,2025-02-09,2025-02-09,Inpatient,No,Under Treatment
P102891,H072,Pediatrics,2025-06-24,2025-06-29,Emergency,No,Transferred
P102892,H054,Orthopedics,2025-04-20,2025-04-22,Inpatient,No,Under Treatment
P102893,H013,Pediatrics,2025-12-21,2025-12-31,Inpatient,Yes,Under Treatment
P102894,H083,Oncology,2025-05-12,2025-05-15,Emergency,No,Recovered
P102895,H053,Neurology,2025-09-13,2025-09-13,Outpatient,No,Recovered
P102896,H064,Orthopedics,2025-01-29,2025-01-31,Emergency,No,Transferred
P102897,H088,Pediatrics,2025-08-11,2025-08-20,Day Care,Yes,Transferred
P102898,H012,Pediatrics,2025-03-14,2025-03-18,Emergency,Yes,Under Treatment
P102899,H033,Neurology,2026-01-13,2026-01-20,Emergency,No,Recovered
P102900,H028,Cardiology,2025-10-12,2025-10-21,Day Care,Yes,Under Treatment
P102901,H018,Oncology,2026-04-11,2026-04-20,Emergency,No,Transferred
P102902,H045,ICU,2025-02-17,2025-02-24,Outpatient,No,Recovered
P102903,H032,Pediatrics,2025-03-10,2025-03-20,Outpatient,Yes,Recovered
P102904,H070,Dermatology,2025-03-21,2025-03-26,Day Care,No,Under Treatment
P102905,H033,Oncology,2025-07-14,2025-07-17,Day Care,No,Under Treatment
P102906,H065,Orthopedics,2025-09-28,2025-10-05,Emergency,Yes,Under Treatment
P102907,H041,Dermatology,2025-05-24,2025-05-27,Day Care,Yes,Under Treatment
P102908,H048,Dermatology,2025-11-23,2025-11-24,Inpatient,No,Under Treatment
P102909,H001,General Medicine,2026-01-29,2026-02-02,Emergency,No,Transferred
P102910,H081,Oncology,2025-11-18,2025-11-20,Day Care,Yes,Under Treatment
P102911,H060,Orthopedics,2025-05-15,2025-05-23,Day Care,Yes,Transferred
P102912,H086,Dermatology,2025-03-17,2025-03-19,Inpatient,No,Under Treatment
P102913,H030,Emergency,2025-09-10,2025-09-15,Outpatient,No,Recovered
P102914,H035,Emergency,2025-03-29,2025-04-04,Emergency,Yes,Transferred
P102915,H055,General Medicine,2025-10-04,2025-10-14,Outpatient,No,Recovered
P102916,H079,Neurology,2025-11-05,2025-11-09,Inpatient,Yes,Recovered
P102917,H075,ICU,2026-01-16,2026-01-20,Day Care,Yes,Recovered
P102918,H033,General Medicine,2026-02-25,2026-03-06,Outpatient,Yes,Under Treatment
P102919,H024,Oncology,2025-12-22,2025-12-26,Outpatient,Yes,Recovered
P102920,H059,Pediatrics,2026-02-04,2026-02-08,Emergency,No,Under Treatment
P102921,H083,General Medicine,2026-05-11,2026-05-17,Day Care,Yes,Under Treatment
P102922,H017,Neurology,2025-02-24,2025-02-26,Inpatient,No,Recovered
P102923,H067,Radiology,2025-04-06,2025-04-06,Inpatient,Yes,Recovered
P102924,H018,Dermatology,2025-04-05,2025-04-12,Inpatient,Yes,Recovered
P102925,H089,Dermatology,2026-05-07,2026-05-07,Emergency,No,Transferred
P102926,H096,Radiology,2025-06-26,2025-06-26,Day Care,No,Recovered
P102927,H097,Pediatrics,2025-07-26,2025-07-27,Outpatient,Yes,Transferred
P102928,H064,Neurology,2025-05-24,2025-05-25,Inpatient,No,Transferred
P102929,H027,Dermatology,2025-11-19,2025-11-25,Emergency,No,Recovered
P102930,H051,Radiology,2026-03-05,2026-03-11,Inpatient,No,Transferred
P102931,H098,Neurology,2025-02-20,2025-02-27,Day Care,No,Under Treatment
P102932,H074,Oncology,2025-10-26,2025-10-29,Inpatient,Yes,Recovered
P102933,H079,General Medicine,2026-01-31,2026-02-10,Outpatient,No,Under Treatment
P102934,H025,Dermatology,2025-06-22,2025-06-24,Day Care,Yes,Under Treatment
P102935,H053,Radiology,2025-06-03,2025-06-04,Outpatient,Yes,Under Treatment
P102936,H035,ICU,2025-01-01,2025-01-05,Day Care,No,Under Treatment
P102937,H036,Orthopedics,2026-02-27,2026-03-03,Outpatient,Yes,Transferred
P102938,H031,Dermatology,2025-01-02,2025-01-02,Day Care,Yes,Under Treatment
P102939,H027,Oncology,2025-12-22,2025-12-27,Inpatient,Yes,Transferred
P102940,H014,General Medicine,2025-04-15,2025-04-20,Emergency,No,Under Treatment
P102941,H056,Dermatology,2025-12-28,2026-01-01,Emergency,No,Recovered
P102942,H001,Radiology,2026-03-12,2026-03-22,Outpatient,Yes,Transferred
P102943,H078,ICU,2025-06-14,2025-06-15,Inpatient,No,Recovered
P102944,H043,Pediatrics,2025-12-02,2025-12-07,Day Care,Yes,Recovered
P102945,H064,General Medicine,2025-11-05,2025-11-07,Outpatient,Yes,Transferred
P102946,H059,Oncology,2025-03-08,2025-03-10,Outpatient,No,Recovered
P102947,H072,Cardiology,2025-04-12,2025-04-13,Inpatient,No,Transferred
P102948,H016,Radiology,2025-06-28,2025-07-07,Outpatient,No,Transferred
P102949,H073,Dermatology,2025-04-22,2025-04-30,Day Care,No,Under Treatment
P102950,H070,Orthopedics,2025-10-07,2025-10-08,Day Care,No,Transferred
P102951,H020,Radiology,2025-02-27,2025-03-07,Emergency,Yes,Under Treatment
P102952,H065,Neurology,2025-06-09,2025-06-15,Outpatient,No,Under Treatment
P102953,H008,General Medicine,2026-03-09,2026-03-09,Emergency,No,Under Treatment
P102954,H010,Oncology,2025-04-16,2025-04-19,Outpatient,Yes,Under Treatment
P102955,H068,Neurology,2025-02-07,2025-02-15,Day Care,Yes,Transferred
P102956,H091,Emergency,2025-09-30,2025-09-30,Inpatient,Yes,Under Treatment
P102957,H065,Cardiology,2025-12-31,2026-01-10,Outpatient,No,Transferred
P102958,H006,Emergency,2026-03-19,2026-03-19,Day Care,No,Transferred
P102959,H084,ICU,2025-12-01,2025-12-06,Day Care,No,Recovered
P102960,H071,Pediatrics,2025-12-28,2025-12-30,Outpatient,Yes,Transferred
P102961,H079,Cardiology,2025-01-08,2025-01-14,Day Care,No,Recovered
P102962,H097,Orthopedics,2025-03-08,2025-03-13,Inpatient,No,Recovered
P102963,H098,Orthopedics,2026-04-29,2026-05-01,Outpatient,No,Under Treatment
P102964,H064,Dermatology,2025-11-17,2025-11-26,Emergency,No,Recovered
P102965,H047,Pediatrics,2026-04-07,2026-04-16,Emergency,Yes,Under Treatment
P102966,H020,Orthopedics,2025-05-10,2025-05-20,Day Care,No,Under Treatment
P102967,H084,Pediatrics,2025-03-23,2025-03-25,Inpatient,No,Under Treatment
P102968,H065,ICU,2025-10-17,2025-10-19,Day Care,No,Transferred
P102969,H100,Neurology,2025-04-29,2025-04-29,Outpatient,No,Recovered
P102970,H020,Dermatology,2025-08-30,2025-09-01,Inpatient,No,Recovered
P102971,H100,Orthopedics,2025-12-08,2025-12-10,Day Care,Yes,Under Treatment
P102972,H016,Pediatrics,2026-02-16,2026-02-22,Outpatient,No,Transferred
P102973,H100,Cardiology,2026-03-29,2026-04-04,Day Care,No,Under Treatment
P102974,H082,ICU,2025-05-26,2025-05-26,Day Care,Yes,Recovered
P102975,H099,Radiology,2026-05-02,2026-05-02,Emergency,No,Under Treatment
P102976,H015,Neurology,2026-02-04,2026-02-07,Outpatient,No,Under Treatment
P102977,H087,Orthopedics,2026-03-24,2026-03-27,Emergency,No,Transferred
P102978,H022,ICU,2025-08-24,2025-09-01,Outpatient,Yes,Under Treatment
P102979,H009,Oncology,2025-09-28,2025-10-02,Emergency,No,Transferred
P102980,H042,ICU,2025-03-21,2025-03-21,Inpatient,Yes,Recovered
P102981,H022,Cardiology,2025-07-07,2025-07-14,Outpatient,No,Recovered
P102982,H090,Dermatology,2026-03-01,2026-03-05,Inpatient,Yes,Under Treatment
P102983,H005,Radiology,2025-02-27,2025-03-01,Day Care,No,Transferred
P102984,H015,Dermatology,2025-02-15,2025-02-15,Inpatient,No,Transferred
P102985,H084,Oncology,2025-01-22,2025-01-30,Outpatient,Yes,Recovered
P102986,H087,Dermatology,2025-03-28,2025-04-04,Outpatient,No,Transferred
P102987,H085,Radiology,2025-06-21,2025-06-26,Outpatient,Yes,Under Treatment
P102988,H096,Orthopedics,2025-09-08,2025-09-14,Day Care,Yes,Recovered
P102989,H081,Cardiology,2025-03-25,2025-03-27,Outpatient,Yes,Under Treatment
P102990,H038,General Medicine,2026-02-16,2026-02-21,Inpatient,Yes,Recovered
P102991,H052,Cardiology,2026-05-12,2026-05-20,Day Care,Yes,Recovered
P102992,H056,Pediatrics,2025-11-09,2025-11-13,Outpatient,Yes,Recovered
P102993,H057,General Medicine,2025-02-06,2025-02-14,Outpatient,Yes,Transferred
P102994,H023,Pediatrics,2025-06-05,2025-06-13,Emergency,Yes,Recovered
P102995,H064,Orthopedics,2025-08-07,2025-08-15,Outpatient,Yes,Transferred
P102996,H083,ICU,2025-07-29,2025-08-05,Inpatient,Yes,Recovered
P102997,H010,Orthopedics,2025-05-14,2025-05-22,Emergency,No,Recovered
P102998,H057,Neurology,2026-04-19,2026-04-29,Emergency,No,Transferred
P102999,H098,Emergency,2026-03-14,2026-03-23,Day Care,Yes,Under Treatment
P103000,H076,Cardiology,2025-09-08,2025-09-16,Outpatient,Yes,Transferred
P103001,H020,Emergency,2025-05-10,2025-05-19,Outpatient,No,Under Treatment
P103002,H018,Oncology,2025-10-29,2025-11-07,Emergency,Yes,Under Treatment
P103003,H085,Neurology,2026-03-31,2026-04-03,Outpatient,Yes,Transferred
P103004,H067,ICU,2025-04-20,2025-04-27,Emergency,No,Under Treatment
P103005,H007,Pediatrics,2025-09-26,2025-09-28,Day Care,No,Under Treatment
P103006,H037,Orthopedics,2026-04-27,2026-04-30,Outpatient,No,Under Treatment
P103007,H027,Dermatology,2025-01-03,2025-01-12,Inpatient,No,Under Treatment
P103008,H060,Orthopedics,2025-01-13,2025-01-13,Inpatient,Yes,Recovered
P103009,H047,Radiology,2025-04-27,2025-05-04,Outpatient,Yes,Recovered
P103010,H043,Oncology,2025-08-24,2025-08-27,Outpatient,Yes,Transferred
P103011,H050,ICU,2025-03-06,2025-03-11,Day Care,No,Recovered
P103012,H044,ICU,2026-05-03,2026-05-06,Emergency,Yes,Transferred
P103013,H032,ICU,2025-07-24,2025-07-29,Inpatient,Yes,Transferred
P103014,H062,Neurology,2025-06-12,2025-06-15,Emergency,No,Transferred
P103015,H062,Pediatrics,2025-01-04,2025-01-08,Emergency,Yes,Transferred
P103016,H011,Neurology,2025-01-23,2025-02-02,Outpatient,No,Under Treatment
P103017,H008,General Medicine,2025-08-20,2025-08-29,Inpatient,No,Recovered
P103018,H085,General Medicine,2025-07-29,2025-08-03,Day Care,No,Recovered
P103019,H071,ICU,2026-03-09,2026-03-15,Emergency,Yes,Under Treatment
P103020,H004,Neurology,2025-12-08,2025-12-10,Emergency,Yes,Under Treatment
P103021,H005,ICU,2026-03-26,2026-03-29,Outpatient,Yes,Transferred
P103022,H092,Dermatology,2026-02-14,2026-02-20,Outpatient,No,Recovered
P103023,H038,Cardiology,2025-12-21,2025-12-23,Emergency,No,Under Treatment
P103024,H011,Radiology,2026-04-07,2026-04-08,Emergency,No,Transferred
P103025,H017,General Medicine,2026-03-27,2026-03-30,Inpatient,No,Recovered
P103026,H031,General Medicine,2025-11-01,2025-11-07,Inpatient,Yes,Under Treatment
P103027,H005,ICU,2025-03-30,2025-04-07,Outpatient,Yes,Transferred
P103028,H086,ICU,2025-04-13,2025-04-17,Emergency,No,Transferred
P103029,H054,Radiology,2026-03-20,2026-03-24,Emergency,Yes,Transferred
P103030,H027,Orthopedics,2026-04-10,2026-04-12,Emergency,Yes,Recovered
P103031,H019,Pediatrics,2026-05-05,2026-05-11,Day Care,No,Under Treatment
P103032,H092,Neurology,2025-09-13,2025-09-23,Outpatient,Yes,Recovered
P103033,H051,ICU,2025-09-02,2025-09-03,Inpatient,No,Recovered
P103034,H066,Radiology,2025-04-17,2025-04-21,Day Care,No,Transferred
P103035,H066,Pediatrics,2025-03-19,2025-03-25,Emergency,No,Under Treatment
P103036,H067,Pediatrics,2025-04-27,2025-05-03,Outpatient,Yes,Recovered
P103037,H062,Neurology,2025-12-11,2025-12-12,Inpatient,No,Recovered
P103038,H032,Cardiology,2026-01-16,2026-01-24,Inpatient,Yes,Under Treatment
P103039,H098,Radiology,2025-03-16,2025-03-22,Inpatient,Yes,Under Treatment
P103040,H039,Oncology,2026-02-11,2026-02-14,Inpatient,No,Under Treatment
P103041,H079,Cardiology,2025-04-03,2025-04-06,Day Care,No,Recovered
P103042,H081,Dermatology,2026-03-01,2026-03-07,Outpatient,No,Under Treatment
P103043,H075,Oncology,2025-11-08,2025-11-09,Day Care,No,Under Treatment
P103044,H005,Cardiology,2025-02-22,2025-03-01,Emergency,No,Recovered
P103045,H069,General Medicine,2025-05-05,2025-05-07,Outpatient,Yes,Under Treatment
P103046,H061,Pediatrics,2025-01-01,2025-01-03,Outpatient,Yes,Recovered
P103047,H052,Pediatrics,2025-05-07,2025-05-07,Outpatient,No,Under Treatment
P103048,H074,Cardiology,2025-02-09,2025-02-17,Inpatient,Yes,Recovered
P103049,H021,Neurology,2025-11-19,2025-11-19,Emergency,Yes,Recovered
P103050,H042,Emergency,2025-10-12,2025-10-13,Outpatient,Yes,Transferred
P103051,H037,Oncology,2025-11-17,2025-11-26,Day Care,No,Under Treatment
P103052,H043,Dermatology,2025-05-07,2025-05-13,Day Care,No,Transferred
P103053,H046,ICU,2026-04-04,2026-04-06,Inpatient,Yes,Under Treatment
P103054,H092,ICU,2026-03-31,2026-04-09,Emergency,No,Transferred
P103055,H067,Oncology,2025-05-01,2025-05-05,Day Care,Yes,Under Treatment
P103056,H029,Orthopedics,2025-10-31,2025-11-05,Inpatient,No,Under Treatment
P103057,H004,General Medicine,2025-12-26,2025-12-27,Inpatient,No,Transferred
P103058,H023,Radiology,2025-08-01,2025-08-02,Inpatient,Yes,Transferred
P103059,H020,Radiology,2025-05-17,2025-05-20,Emergency,Yes,Under Treatment
P103060,H068,Pediatrics,2025-03-06,2025-03-10,Outpatient,No,Under Treatment
P103061,H003,Pediatrics,2025-09-20,2025-09-21,Emergency,No,Recovered
P103062,H077,Oncology,2026-03-28,2026-04-05,Outpatient,Yes,Under Treatment
P103063,H047,Dermatology,2025-03-28,2025-04-01,Outpatient,No,Transferred
P103064,H029,Radiology,2025-03-09,2025-03-14,Day Care,No,Recovered
P103065,H003,Oncology,2025-04-30,2025-05-08,Emergency,No,Under Treatment
P103066,H092,Oncology,2025-02-04,2025-02-14,Inpatient,Yes,Transferred
P103067,H031,Pediatrics,2025-03-24,2025-03-29,Day Care,No,Transferred
P103068,H021,Oncology,2025-04-02,2025-04-07,Day Care,No,Recovered
P103069,H017,Dermatology,2026-04-15,2026-04-22,Outpatient,No,Under Treatment
P103070,H078,Neurology,2025-10-09,2025-10-11,Emergency,No,Transferred
P103071,H030,Radiology,2025-03-29,2025-04-02,Outpatient,Yes,Recovered
P103072,H078,Orthopedics,2026-05-06,2026-05-16,Day Care,No,Recovered
P103073,H069,Cardiology,2025-09-13,2025-09-13,Day Care,No,Recovered
P103074,H067,General Medicine,2025-02-17,2025-02-22,Emergency,Yes,Recovered
P103075,H059,Dermatology,2025-12-24,2025-12-27,Emergency,No,Recovered
P103076,H043,ICU,2025-10-30,2025-10-31,Day Care,No,Transferred
P103077,H025,Pediatrics,2025-11-10,2025-11-16,Day Care,Yes,Under Treatment
P103078,H085,Radiology,2025-04-28,2025-05-06,Outpatient,Yes,Under Treatment
P103079,H012,Orthopedics,2026-02-17,2026-02-25,Inpatient,Yes,Recovered
P103080,H015,General Medicine,2026-02-08,2026-02-08,Inpatient,Yes,Under Treatment
P103081,H066,Cardiology,2025-07-05,2025-07-15,Outpatient,Yes,Transferred
P103082,H025,ICU,2025-09-11,2025-09-13,Emergency,Yes,Transferred
P103083,H035,Cardiology,2025-05-10,2025-05-18,Inpatient,Yes,Recovered
P103084,H058,Radiology,2025-04-01,2025-04-01,Day Care,No,Transferred
P103085,H062,Orthopedics,2026-03-15,2026-03-25,Outpatient,No,Transferred
P103086,H084,Pediatrics,2025-05-07,2025-05-16,Inpatient,Yes,Transferred
P103087,H024,Orthopedics,2025-10-15,2025-10-18,Day Care,No,Recovered
P103088,H075,General Medicine,2025-12-24,2025-12-26,Day Care,Yes,Transferred
P103089,H068,ICU,2025-11-03,2025-11-08,Outpatient,No,Under Treatment
P103090,H062,Orthopedics,2026-04-15,2026-04-21,Inpatient,No,Under Treatment
P103091,H062,Neurology,2026-01-04,2026-01-10,Day Care,No,Transferred
P103092,H034,Neurology,2025-02-13,2025-02-21,Emergency,No,Transferred
P103093,H022,Dermatology,2025-08-15,2025-08-25,Emergency,No,Under Treatment
P103094,H058,Dermatology,2025-02-17,2025-02-23,Inpatient,No,Recovered
P103095,H099,Cardiology,2025-04-02,2025-04-09,Day Care,Yes,Recovered
P103096,H076,Cardiology,2025-02-27,2025-03-09,Emergency,No,Recovered
P103097,H094,Cardiology,2025-05-31,2025-06-05,Outpatient,Yes,Recovered
P103098,H076,Neurology,2025-04-13,2025-04-17,Outpatient,No,Transferred
P103099,H062,Pediatrics,2025-07-29,2025-08-05,Day Care,No,Transferred
P103100,H039,Orthopedics,2025-02-01,2025-02-10,Day Care,No,Transferred
P103101,H037,ICU,2026-05-07,2026-05-07,Day Care,Yes,Transferred
P103102,H026,Neurology,2025-09-20,2025-09-21,Emergency,No,Under Treatment
P103103,H021,Neurology,2025-01-14,2025-01-16,Inpatient,Yes,Under Treatment
P103104,H012,Oncology,2025-08-31,2025-09-04,Emergency,Yes,Transferred
P103105,H090,Neurology,2025-11-13,2025-11-16,Emergency,Yes,Under Treatment
P103106,H042,General Medicine,2026-01-22,2026-01-24,Emergency,Yes,Transferred
P103107,H067,ICU,2025-10-12,2025-10-20,Outpatient,Yes,Under Treatment
P103108,H026,ICU,2026-04-18,2026-04-20,Emergency,No,Recovered
P103109,H089,Pediatrics,2025-08-14,2025-08-14,Outpatient,Yes,Under Treatment
P103110,H062,Radiology,2025-01-30,2025-02-01,Emergency,Yes,Under Treatment
P103111,H090,Emergency,2025-12-14,2025-12-20,Day Care,No,Under Treatment
P103112,H013,Cardiology,2025-11-03,2025-11-12,Outpatient,Yes,Recovered
P103113,H072,Dermatology,2025-07-21,2025-07-30,Emergency,Yes,Under Treatment
P103114,H047,Neurology,2025-08-30,2025-09-03,Inpatient,No,Transferred
P103115,H047,Dermatology,2026-02-08,2026-02-10,Emergency,Yes,Under Treatment
P103116,H039,Oncology,2025-01-05,2025-01-10,Inpatient,Yes,Under Treatment
P103117,H041,Orthopedics,2025-04-24,2025-04-30,Inpatient,Yes,Transferred
P103118,H097,Radiology,2025-06-11,2025-06-14,Emergency,Yes,Transferred
P103119,H046,Dermatology,2026-01-29,2026-01-30,Outpatient,No,Recovered
P103120,H092,Oncology,2025-10-01,2025-10-06,Day Care,No,Recovered
P103121,H025,Neurology,2025-03-02,2025-03-06,Emergency,Yes,Under Treatment
P103122,H089,Orthopedics,2025-12-28,2026-01-07,Inpatient,No,Transferred
P103123,H008,General Medicine,2026-02-12,2026-02-15,Emergency,No,Recovered
P103124,H056,Emergency,2025-06-15,2025-06-16,Day Care,Yes,Under Treatment
P103125,H066,Pediatrics,2026-01-18,2026-01-19,Emergency,No,Under Treatment
P103126,H033,General Medicine,2025-04-07,2025-04-07,Outpatient,No,Recovered
P103127,H095,Oncology,2025-06-16,2025-06-21,Inpatient,Yes,Under Treatment
P103128,H016,Orthopedics,2025-02-05,2025-02-13,Emergency,Yes,Transferred
P103129,H050,Oncology,2025-09-11,2025-09-14,Inpatient,No,Under Treatment
P103130,H002,Radiology,2025-10-08,2025-10-10,Emergency,Yes,Recovered
P103131,H052,Neurology,2026-04-13,2026-04-19,Inpatient,No,Under Treatment
P103132,H026,Cardiology,2026-05-01,2026-05-03,Emergency,Yes,Transferred
P103133,H096,Oncology,2026-02-09,2026-02-17,Outpatient,No,Recovered
P103134,H050,Emergency,2026-01-14,2026-01-22,Outpatient,No,Under Treatment
P103135,H056,Oncology,2025-02-03,2025-02-04,Day Care,No,Under Treatment
P103136,H047,Emergency,2025-09-26,2025-10-03,Day Care,No,Under Treatment
P103137,H067,Dermatology,2025-08-19,2025-08-29,Day Care,No,Transferred
P103138,H027,Emergency,2025-02-15,2025-02-17,Emergency,No,Transferred
P103139,H087,ICU,2025-07-14,2025-07-14,Inpatient,Yes,Transferred
P103140,H080,Emergency,2025-12-15,2025-12-22,Day Care,Yes,Recovered
P103141,H037,Neurology,2025-06-07,2025-06-17,Inpatient,Yes,Under Treatment
P103142,H007,Orthopedics,2025-06-10,2025-06-10,Day Care,No,Recovered
P103143,H057,Emergency,2025-12-31,2026-01-10,Outpatient,No,Recovered
P103144,H024,Cardiology,2025-08-10,2025-08-17,Outpatient,Yes,Under Treatment
P103145,H071,Orthopedics,2026-04-15,2026-04-22,Inpatient,No,Transferred
P103146,H077,Oncology,2026-02-01,2026-02-08,Day Care,No,Recovered
P103147,H039,Dermatology,2025-09-27,2025-09-30,Day Care,No,Under Treatment
P103148,H070,Radiology,2025-09-24,2025-10-04,Day Care,Yes,Under Treatment
P103149,H009,Orthopedics,2025-10-18,2025-10-22,Day Care,No,Transferred
P103150,H054,Cardiology,2025-11-27,2025-11-29,Emergency,Yes,Recovered
P103151,H040,Oncology,2025-10-17,2025-10-17,Outpatient,No,Under Treatment
P103152,H085,Oncology,2026-01-28,2026-02-05,Inpatient,No,Transferred
P103153,H039,Cardiology,2025-02-11,2025-02-18,Emergency,Yes,Under Treatment
P103154,H090,Cardiology,2025-03-01,2025-03-04,Inpatient,Yes,Under Treatment
P103155,H062,General Medicine,2026-04-06,2026-04-09,Outpatient,Yes,Under Treatment
P103156,H008,Oncology,2026-02-26,2026-03-08,Day Care,Yes,Transferred
P103157,H055,Radiology,2025-11-17,2025-11-17,Outpatient,Yes,Recovered
P103158,H066,Oncology,2026-01-28,2026-02-06,Inpatient,Yes,Under Treatment
P103159,H019,Neurology,2025-05-24,2025-05-31,Emergency,Yes,Transferred
P103160,H024,General Medicine,2025-06-04,2025-06-07,Day Care,Yes,Recovered
P103161,H019,Orthopedics,2026-05-06,2026-05-07,Day Care,Yes,Under Treatment
P103162,H045,Cardiology,2025-08-15,2025-08-20,Day Care,Yes,Transferred
P103163,H062,Dermatology,2025-11-26,2025-12-05,Emergency,Yes,Recovered
P103164,H100,Oncology,2025-05-17,2025-05-19,Day Care,No,Recovered
P103165,H048,Emergency,2025-03-15,2025-03-21,Day Care,No,Transferred
P103166,H077,Cardiology,2025-02-26,2025-03-04,Day Care,Yes,Under Treatment
P103167,H013,Pediatrics,2025-08-28,2025-09-03,Outpatient,Yes,Recovered
P103168,H012,Pediatrics,2026-01-27,2026-02-03,Inpatient,Yes,Under Treatment
P103169,H074,ICU,2025-03-08,2025-03-14,Day Care,No,Recovered
P103170,H026,Cardiology,2025-07-20,2025-07-27,Day Care,Yes,Under Treatment
P103171,H094,ICU,2026-04-08,2026-04-12,Emergency,No,Under Treatment
P103172,H043,ICU,2026-05-06,2026-05-12,Outpatient,No,Transferred
P103173,H021,Radiology,2025-12-10,2025-12-17,Inpatient,No,Under Treatment
P103174,H041,Neurology,2025-08-09,2025-08-17,Day Care,No,Recovered
P103175,H003,Neurology,2026-02-18,2026-02-26,Emergency,No,Transferred
P103176,H056,Pediatrics,2026-04-26,2026-05-06,Inpatient,Yes,Transferred
P103177,H052,Radiology,2026-01-13,2026-01-19,Inpatient,Yes,Transferred
P103178,H054,Pediatrics,2026-03-26,2026-03-26,Emergency,No,Recovered
P103179,H040,Orthopedics,2025-03-25,2025-03-27,Emergency,Yes,Under Treatment
P103180,H051,Neurology,2026-05-16,2026-05-26,Inpatient,No,Recovered
P103181,H016,Pediatrics,2026-04-08,2026-04-11,Inpatient,Yes,Under Treatment
P103182,H023,Cardiology,2026-05-15,2026-05-21,Inpatient,Yes,Transferred
P103183,H078,Neurology,2025-03-08,2025-03-12,Day Care,Yes,Under Treatment
P103184,H032,Radiology,2025-04-20,2025-04-28,Day Care,Yes,Transferred
P103185,H081,Cardiology,2026-01-23,2026-01-23,Outpatient,No,Recovered
P103186,H020,Pediatrics,2025-01-04,2025-01-09,Inpatient,No,Under Treatment
P103187,H012,Neurology,2025-05-08,2025-05-16,Inpatient,Yes,Under Treatment
P103188,H072,Neurology,2025-04-29,2025-05-06,Day Care,Yes,Transferred
P103189,H081,Neurology,2026-04-06,2026-04-13,Emergency,Yes,Recovered
P103190,H086,Oncology,2026-05-04,2026-05-09,Emergency,No,Recovered
P103191,H007,Neurology,2025-01-01,2025-01-03,Inpatient,Yes,Recovered
P103192,H086,Emergency,2025-05-18,2025-05-18,Day Care,Yes,Transferred
P103193,H023,Oncology,2025-12-11,2025-12-17,Outpatient,Yes,Transferred
P103194,H041,Dermatology,2025-04-07,2025-04-11,Day Care,No,Transferred
P103195,H088,Emergency,2026-05-04,2026-05-09,Emergency,No,Under Treatment
P103196,H100,Radiology,2025-11-20,2025-11-29,Day Care,Yes,Recovered
P103197,H031,General Medicine,2026-03-07,2026-03-13,Day Care,No,Recovered
P103198,H074,Radiology,2025-12-06,2025-12-10,Outpatient,Yes,Transferred
P103199,H040,Neurology,2026-03-19,2026-03-26,Emergency,Yes,Under Treatment
P103200,H096,Dermatology,2025-12-23,2025-12-29,Day Care,No,Transferred
P103201,H029,Oncology,2026-05-03,2026-05-05,Inpatient,Yes,Recovered
P103202,H063,Emergency,2026-01-18,2026-01-23,Inpatient,Yes,Transferred
P103203,H089,Dermatology,2025-01-31,2025-02-02,Emergency,No,Transferred
P103204,H053,Radiology,2026-03-10,2026-03-20,Inpatient,No,Under Treatment
P103205,H062,Cardiology,2025-04-05,2025-04-06,Emergency,No,Transferred
P103206,H097,ICU,2026-03-12,2026-03-17,Inpatient,Yes,Under Treatment
P103207,H035,General Medicine,2025-11-21,2025-11-23,Outpatient,No,Under Treatment
P103208,H058,Dermatology,2025-10-16,2025-10-19,Inpatient,No,Transferred
P103209,H086,Radiology,2025-06-16,2025-06-20,Outpatient,Yes,Transferred
P103210,H008,Oncology,2025-09-11,2025-09-19,Outpatient,No,Transferred
P103211,H055,Cardiology,2025-12-15,2025-12-21,Day Care,No,Under Treatment
P103212,H079,Orthopedics,2026-02-04,2026-02-12,Day Care,Yes,Under Treatment
P103213,H007,General Medicine,2025-03-29,2025-04-03,Outpatient,Yes,Recovered
P103214,H045,Pediatrics,2025-04-24,2025-04-25,Day Care,No,Under Treatment
P103215,H001,Pediatrics,2025-01-26,2025-01-30,Outpatient,Yes,Recovered
P103216,H033,Cardiology,2026-03-17,2026-03-27,Day Care,No,Under Treatment
P103217,H054,Cardiology,2026-02-03,2026-02-09,Emergency,Yes,Transferred
P103218,H034,Oncology,2025-03-24,2025-03-31,Day Care,No,Recovered
P103219,H067,Cardiology,2025-01-03,2025-01-06,Outpatient,Yes,Recovered
P103220,H099,Radiology,2025-07-08,2025-07-16,Day Care,Yes,Transferred
P103221,H058,Oncology,2025-08-16,2025-08-23,Emergency,Yes,Recovered
P103222,H027,Neurology,2025-03-15,2025-03-24,Day Care,No,Transferred
P103223,H020,Dermatology,2025-08-07,2025-08-11,Outpatient,No,Recovered
P103224,H091,Neurology,2026-05-04,2026-05-07,Emergency,No,Transferred
P103225,H030,Pediatrics,2025-01-30,2025-02-04,Emergency,Yes,Transferred
P103226,H085,Orthopedics,2025-06-16,2025-06-21,Inpatient,Yes,Transferred
P103227,H090,General Medicine,2025-07-25,2025-08-03,Day Care,No,Under Treatment
P103228,H020,General Medicine,2025-10-01,2025-10-08,Outpatient,No,Recovered
P103229,H047,Neurology,2026-01-31,2026-02-01,Inpatient,Yes,Transferred
P103230,H028,ICU,2025-10-15,2025-10-18,Emergency,Yes,Transferred
P103231,H065,Cardiology,2025-01-27,2025-01-27,Day Care,Yes,Recovered
P103232,H068,Cardiology,2026-02-04,2026-02-04,Day Care,Yes,Recovered
P103233,H094,Neurology,2026-04-18,2026-04-24,Day Care,No,Under Treatment
P103234,H029,Radiology,2025-04-22,2025-04-27,Inpatient,Yes,Recovered
P103235,H027,General Medicine,2025-01-22,2025-01-22,Day Care,Yes,Under Treatment
P103236,H077,ICU,2025-09-14,2025-09-24,Day Care,Yes,Recovered
P103237,H016,Dermatology,2025-04-03,2025-04-07,Emergency,Yes,Under Treatment
P103238,H080,Orthopedics,2025-05-03,2025-05-07,Outpatient,Yes,Recovered
P103239,H038,Radiology,2025-02-12,2025-02-17,Emergency,Yes,Transferred
P103240,H012,ICU,2026-03-30,2026-04-09,Outpatient,No,Transferred
P103241,H072,Dermatology,2025-07-01,2025-07-10,Day Care,Yes,Recovered
P103242,H080,Oncology,2025-11-21,2025-11-30,Inpatient,Yes,Recovered
P103243,H029,General Medicine,2025-08-05,2025-08-13,Day Care,Yes,Under Treatment
P103244,H083,Neurology,2026-05-12,2026-05-20,Outpatient,No,Under Treatment
P103245,H080,Radiology,2026-02-04,2026-02-09,Outpatient,No,Under Treatment
P103246,H013,Orthopedics,2025-10-25,2025-11-04,Inpatient,No,Recovered
P103247,H037,Cardiology,2025-09-25,2025-09-27,Day Care,No,Transferred
P103248,H014,Dermatology,2025-09-28,2025-09-29,Day Care,No,Transferred
P103249,H030,Emergency,2025-11-24,2025-12-01,Outpatient,Yes,Under Treatment
P103250,H007,Cardiology,2025-10-30,2025-10-30,Day Care,Yes,Under Treatment
P103251,H077,Neurology,2026-03-17,2026-03-20,Inpatient,No,Recovered
P103252,H002,Pediatrics,2026-04-08,2026-04-08,Day Care,Yes,Recovered
P103253,H015,Pediatrics,2025-08-27,2025-09-02,Day Care,Yes,Recovered
P103254,H007,Dermatology,2025-02-23,2025-03-01,Emergency,No,Recovered
P103255,H079,Neurology,2025-06-10,2025-06-18,Emergency,Yes,Recovered
P103256,H067,Dermatology,2025-08-03,2025-08-10,Emergency,No,Recovered
P103257,H010,Dermatology,2025-05-30,2025-06-04,Outpatient,Yes,Under Treatment
P103258,H055,Orthopedics,2025-02-23,2025-03-04,Inpatient,Yes,Transferred
P103259,H010,Oncology,2026-04-24,2026-04-29,Emergency,Yes,Under Treatment
P103260,H038,Pediatrics,2025-03-03,2025-03-13,Outpatient,No,Recovered
P103261,H021,Oncology,2025-04-04,2025-04-07,Day Care,No,Recovered
P103262,H035,ICU,2026-05-13,2026-05-22,Day Care,Yes,Transferred
P103263,H027,ICU,2026-03-13,2026-03-23,Outpatient,No,Recovered
P103264,H090,Orthopedics,2025-08-23,2025-08-30,Emergency,Yes,Transferred
P103265,H055,Oncology,2025-07-31,2025-07-31,Day Care,No,Transferred
P103266,H046,Dermatology,2025-03-26,2025-04-05,Emergency,No,Transferred
P103267,H074,ICU,2026-01-13,2026-01-14,Day Care,No,Transferred
P103268,H022,Pediatrics,2026-01-20,2026-01-29,Outpatient,Yes,Transferred
P103269,H031,General Medicine,2025-05-12,2025-05-20,Day Care,No,Recovered
P103270,H001,Cardiology,2025-12-03,2025-12-08,Emergency,Yes,Transferred
P103271,H006,Oncology,2025-11-02,2025-11-02,Day Care,Yes,Recovered
P103272,H012,Dermatology,2025-08-25,2025-08-27,Emergency,Yes,Recovered
P103273,H001,General Medicine,2025-03-23,2025-03-23,Day Care,No,Transferred
P103274,H003,Orthopedics,2025-09-27,2025-10-05,Outpatient,No,Under Treatment
P103275,H047,Radiology,2025-10-01,2025-10-07,Inpatient,Yes,Transferred
P103276,H097,General Medicine,2025-01-05,2025-01-09,Outpatient,Yes,Under Treatment
P103277,H100,General Medicine,2026-04-16,2026-04-24,Inpatient,No,Under Treatment
P103278,H054,Radiology,2025-06-20,2025-06-20,Emergency,No,Transferred
P103279,H035,Emergency,2025-12-30,2025-12-30,Day Care,No,Recovered
P103280,H007,Radiology,2025-12-06,2025-12-14,Inpatient,Yes,Under Treatment
P103281,H021,Radiology,2026-01-13,2026-01-16,Inpatient,No,Recovered
P103282,H062,Radiology,2025-06-08,2025-06-15,Day Care,Yes,Recovered
P103283,H037,ICU,2026-02-24,2026-02-25,Inpatient,No,Under Treatment
P103284,H092,Emergency,2025-09-07,2025-09-15,Emergency,No,Recovered
P103285,H008,ICU,2026-03-24,2026-03-28,Outpatient,No,Recovered
P103286,H068,General Medicine,2025-08-11,2025-08-21,Inpatient,No,Transferred
P103287,H003,Radiology,2025-08-30,2025-09-07,Emergency,Yes,Under Treatment
P103288,H074,ICU,2025-12-02,2025-12-12,Inpatient,Yes,Under Treatment
P103289,H011,Pediatrics,2025-11-10,2025-11-18,Outpatient,No,Recovered
P103290,H099,Orthopedics,2025-08-06,2025-08-11,Outpatient,No,Under Treatment
P103291,H005,ICU,2025-11-10,2025-11-17,Outpatient,Yes,Under Treatment
P103292,H086,Radiology,2026-01-19,2026-01-26,Day Care,Yes,Recovered
P103293,H069,General Medicine,2025-02-24,2025-02-27,Inpatient,No,Transferred
P103294,H044,Pediatrics,2025-02-21,2025-02-21,Inpatient,Yes,Recovered
P103295,H053,Dermatology,2025-11-07,2025-11-13,Outpatient,Yes,Under Treatment
P103296,H093,Emergency,2025-10-21,2025-10-23,Outpatient,Yes,Transferred
P103297,H047,Neurology,2025-05-13,2025-05-15,Emergency,Yes,Recovered
P103298,H078,Pediatrics,2026-05-07,2026-05-09,Outpatient,No,Recovered
P103299,H055,Pediatrics,2025-06-19,2025-06-22,Outpatient,No,Transferred
P103300,H021,Pediatrics,2025-08-19,2025-08-28,Emergency,Yes,Under Treatment
P103301,H060,Emergency,2025-06-20,2025-06-27,Inpatient,Yes,Under Treatment
P103302,H048,Emergency,2025-05-01,2025-05-03,Outpatient,Yes,Under Treatment
P103303,H045,Neurology,2025-03-22,2025-03-23,Emergency,No,Under Treatment
P103304,H068,Radiology,2025-10-05,2025-10-15,Day Care,Yes,Under Treatment
P103305,H057,Pediatrics,2026-02-03,2026-02-09,Day Care,No,Recovered
P103306,H080,Cardiology,2025-12-13,2025-12-19,Inpatient,No,Recovered
P103307,H041,Oncology,2025-12-13,2025-12-23,Outpatient,Yes,Recovered
P103308,H069,Orthopedics,2025-05-01,2025-05-03,Inpatient,Yes,Recovered
P103309,H043,Cardiology,2025-09-23,2025-09-25,Emergency,No,Under Treatment
P103310,H012,Neurology,2025-06-02,2025-06-03,Day Care,Yes,Transferred
P103311,H043,ICU,2025-09-05,2025-09-13,Emergency,Yes,Transferred
P103312,H045,Radiology,2025-05-27,2025-06-03,Outpatient,No,Transferred
P103313,H072,Radiology,2025-09-28,2025-10-08,Emergency,No,Transferred
P103314,H062,Neurology,2025-07-17,2025-07-20,Emergency,No,Transferred
P103315,H059,Dermatology,2025-10-11,2025-10-18,Outpatient,Yes,Recovered
P103316,H099,Neurology,2025-10-21,2025-10-28,Emergency,No,Transferred
P103317,H032,Cardiology,2026-04-30,2026-05-10,Emergency,No,Recovered
P103318,H060,Cardiology,2026-03-05,2026-03-12,Emergency,No,Recovered
P103319,H028,Neurology,2025-05-10,2025-05-13,Day Care,Yes,Transferred
P103320,H011,Dermatology,2025-12-05,2025-12-07,Outpatient,No,Under Treatment
P103321,H078,Emergency,2025-01-20,2025-01-27,Emergency,Yes,Transferred
P103322,H057,ICU,2025-08-27,2025-08-27,Day Care,No,Under Treatment
P103323,H016,Pediatrics,2026-03-13,2026-03-14,Day Care,No,Transferred
P103324,H004,Neurology,2025-12-11,2025-12-21,Inpatient,No,Under Treatment
P103325,H046,Dermatology,2026-03-13,2026-03-16,Inpatient,No,Transferred
P103326,H098,Neurology,2025-11-02,2025-11-09,Emergency,Yes,Transferred
P103327,H035,Pediatrics,2026-02-09,2026-02-16,Emergency,No,Under Treatment
P103328,H033,Emergency,2025-11-10,2025-11-17,Day Care,Yes,Recovered
P103329,H096,Cardiology,2025-09-21,2025-09-30,Day Care,No,Under Treatment
P103330,H099,ICU,2026-01-13,2026-01-17,Outpatient,Yes,Under Treatment
P103331,H093,Pediatrics,2026-01-10,2026-01-18,Inpatient,Yes,Under Treatment
P103332,H090,ICU,2025-02-25,2025-03-06,Inpatient,No,Transferred
P103333,H057,Neurology,2025-09-19,2025-09-25,Day Care,Yes,Recovered
P103334,H067,ICU,2026-01-17,2026-01-27,Day Care,Yes,Transferred
P103335,H023,Emergency,2025-11-12,2025-11-22,Outpatient,No,Recovered
P103336,H046,Neurology,2025-05-04,2025-05-08,Inpatient,Yes,Transferred
P103337,H036,Dermatology,2025-12-08,2025-12-18,Day Care,Yes,Recovered
P103338,H082,Oncology,2025-05-13,2025-05-14,Outpatient,No,Under Treatment
P103339,H097,Pediatrics,2025-03-02,2025-03-10,Emergency,Yes,Under Treatment
P103340,H015,Oncology,2025-05-19,2025-05-27,Day Care,No,Recovered
P103341,H077,Radiology,2025-11-23,2025-12-01,Day Care,No,Recovered
P103342,H058,Dermatology,2025-04-17,2025-04-25,Emergency,Yes,Transferred
P103343,H019,Radiology,2026-02-22,2026-02-26,Day Care,Yes,Transferred
P103344,H098,Oncology,2025-06-18,2025-06-25,Inpatient,No,Recovered
P103345,H082,Radiology,2026-05-02,2026-05-09,Inpatient,No,Transferred
P103346,H098,General Medicine,2025-11-25,2025-12-02,Outpatient,Yes,Recovered
P103347,H051,Cardiology,2026-02-23,2026-03-03,Inpatient,Yes,Recovered
P103348,H077,Emergency,2025-09-16,2025-09-18,Day Care,Yes,Transferred
P103349,H041,Emergency,2025-03-29,2025-04-03,Day Care,No,Recovered
P103350,H096,Orthopedics,2025-03-10,2025-03-11,Outpatient,No,Transferred
P103351,H053,Pediatrics,2025-02-22,2025-02-28,Inpatient,No,Transferred
P103352,H080,Pediatrics,2025-06-23,2025-07-02,Emergency,Yes,Under Treatment
P103353,H004,Radiology,2025-05-21,2025-05-22,Outpatient,Yes,Under Treatment
P103354,H038,ICU,2025-05-13,2025-05-15,Outpatient,No,Transferred
P103355,H027,Pediatrics,2025-09-05,2025-09-11,Outpatient,No,Recovered
P103356,H010,Radiology,2025-03-03,2025-03-06,Day Care,Yes,Under Treatment
P103357,H025,General Medicine,2025-10-30,2025-11-01,Inpatient,No,Transferred
P103358,H094,Orthopedics,2025-12-29,2025-12-31,Emergency,Yes,Transferred
P103359,H048,Oncology,2026-04-10,2026-04-17,Outpatient,No,Under Treatment
P103360,H092,Cardiology,2025-06-17,2025-06-23,Inpatient,Yes,Transferred
P103361,H022,Neurology,2025-08-24,2025-09-03,Emergency,No,Recovered
P103362,H055,Dermatology,2025-03-17,2025-03-20,Outpatient,Yes,Under Treatment
P103363,H098,Emergency,2025-02-03,2025-02-05,Emergency,No,Under Treatment
P103364,H062,Oncology,2026-03-05,2026-03-12,Day Care,Yes,Transferred
P103365,H074,General Medicine,2025-10-11,2025-10-20,Inpatient,Yes,Under Treatment
P103366,H065,Pediatrics,2025-12-30,2026-01-09,Outpatient,No,Under Treatment
P103367,H048,Neurology,2025-07-08,2025-07-17,Day Care,Yes,Recovered
P103368,H017,Orthopedics,2025-12-09,2025-12-10,Outpatient,No,Under Treatment
P103369,H047,Pediatrics,2025-04-10,2025-04-20,Outpatient,Yes,Recovered
P103370,H020,ICU,2025-04-20,2025-04-26,Inpatient,No,Transferred
P103371,H029,General Medicine,2025-12-09,2025-12-09,Emergency,Yes,Transferred
P103372,H065,Dermatology,2025-06-19,2025-06-29,Outpatient,No,Transferred
P103373,H067,Emergency,2026-01-25,2026-01-29,Inpatient,No,Under Treatment
P103374,H053,Oncology,2025-06-30,2025-06-30,Emergency,No,Under Treatment
P103375,H095,Emergency,2025-09-21,2025-09-23,Outpatient,Yes,Recovered
P103376,H053,Oncology,2025-10-02,2025-10-02,Day Care,No,Recovered
P103377,H089,Neurology,2025-07-02,2025-07-04,Day Care,Yes,Transferred
P103378,H057,Oncology,2025-08-21,2025-08-25,Day Care,No,Recovered
P103379,H089,Cardiology,2026-03-25,2026-03-28,Emergency,No,Under Treatment
P103380,H049,Cardiology,2025-10-17,2025-10-21,Emergency,No,Under Treatment
P103381,H063,General Medicine,2025-10-25,2025-10-30,Emergency,Yes,Recovered
P103382,H033,Radiology,2025-11-15,2025-11-21,Outpatient,No,Recovered
P103383,H047,Radiology,2025-09-28,2025-10-07,Day Care,No,Recovered
P103384,H082,Oncology,2025-11-27,2025-12-05,Outpatient,No,Under Treatment
P103385,H079,General Medicine,2026-02-12,2026-02-13,Outpatient,Yes,Recovered
P103386,H065,Radiology,2026-03-18,2026-03-19,Day Care,No,Under Treatment
P103387,H070,Orthopedics,2026-03-30,2026-03-31,Emergency,No,Transferred
P103388,H066,General Medicine,2025-07-13,2025-07-21,Inpatient,Yes,Recovered
P103389,H055,Emergency,2025-05-24,2025-05-31,Inpatient,No,Under Treatment
P103390,H015,Neurology,2025-12-04,2025-12-07,Day Care,Yes,Recovered
P103391,H087,Radiology,2025-08-16,2025-08-22,Outpatient,No,Recovered
P103392,H013,General Medicine,2025-04-28,2025-05-03,Day Care,No,Recovered
P103393,H099,Radiology,2025-01-09,2025-01-17,Day Care,Yes,Recovered
P103394,H034,ICU,2025-01-05,2025-01-11,Emergency,Yes,Transferred
P103395,H051,Dermatology,2025-06-13,2025-06-20,Emergency,No,Transferred
P103396,H023,Oncology,2025-12-23,2025-12-29,Day Care,No,Transferred
P103397,H090,Neurology,2025-06-17,2025-06-22,Day Care,Yes,Under Treatment
P103398,H080,Neurology,2025-11-13,2025-11-13,Day Care,No,Transferred
P103399,H082,Neurology,2025-08-25,2025-08-29,Outpatient,Yes,Under Treatment
P103400,H089,Cardiology,2025-05-10,2025-05-10,Inpatient,No,Transferred
P103401,H100,Emergency,2025-12-11,2025-12-21,Emergency,No,Under Treatment
P103402,H043,Emergency,2025-03-18,2025-03-28,Outpatient,Yes,Transferred
P103403,H085,General Medicine,2025-05-13,2025-05-14,Emergency,Yes,Under Treatment
P103404,H052,Oncology,2026-03-23,2026-03-24,Day Care,No,Under Treatment
P103405,H056,Emergency,2026-04-30,2026-05-01,Outpatient,No,Under Treatment
P103406,H036,Emergency,2025-12-22,2026-01-01,Day Care,Yes,Recovered
P103407,H082,Dermatology,2026-04-21,2026-04-28,Day Care,No,Recovered
P103408,H025,Dermatology,2026-05-10,2026-05-13,Outpatient,No,Under Treatment
P103409,H017,Radiology,2025-12-23,2026-01-02,Emergency,Yes,Transferred
P103410,H093,Orthopedics,2025-02-18,2025-02-22,Emergency,No,Transferred
P103411,H067,Neurology,2025-08-06,2025-08-14,Day Care,No,Transferred
P103412,H019,Cardiology,2025-10-03,2025-10-09,Outpatient,Yes,Transferred
P103413,H049,Oncology,2025-10-22,2025-10-26,Outpatient,Yes,Transferred
P103414,H004,Cardiology,2025-12-10,2025-12-10,Inpatient,No,Transferred
P103415,H091,ICU,2025-08-19,2025-08-27,Day Care,Yes,Recovered
P103416,H065,Cardiology,2025-09-28,2025-09-29,Day Care,Yes,Transferred
P103417,H005,Orthopedics,2025-01-04,2025-01-13,Day Care,Yes,Under Treatment
P103418,H055,General Medicine,2025-12-10,2025-12-16,Inpatient,No,Transferred
P103419,H001,Dermatology,2025-12-07,2025-12-16,Day Care,No,Transferred
P103420,H008,Oncology,2025-03-01,2025-03-09,Emergency,Yes,Transferred
P103421,H066,General Medicine,2025-11-17,2025-11-23,Outpatient,Yes,Transferred
P103422,H028,Radiology,2025-09-21,2025-09-29,Inpatient,No,Under Treatment
P103423,H013,Pediatrics,2025-02-03,2025-02-03,Outpatient,No,Transferred
P103424,H019,ICU,2025-08-17,2025-08-22,Day Care,Yes,Transferred
P103425,H071,Orthopedics,2025-04-12,2025-04-21,Emergency,No,Under Treatment
P103426,H068,Cardiology,2025-11-21,2025-11-25,Day Care,Yes,Transferred
P103427,H002,ICU,2026-03-07,2026-03-14,Inpatient,No,Under Treatment
P103428,H091,General Medicine,2026-02-26,2026-03-03,Day Care,No,Under Treatment
P103429,H027,Dermatology,2026-03-25,2026-03-29,Day Care,Yes,Transferred
P103430,H026,Neurology,2025-07-08,2025-07-10,Inpatient,Yes,Transferred
P103431,H066,Cardiology,2025-11-25,2025-11-27,Outpatient,No,Recovered
P103432,H100,Oncology,2026-05-01,2026-05-03,Inpatient,No,Transferred
P103433,H094,Orthopedics,2026-01-15,2026-01-25,Day Care,No,Transferred
P103434,H100,Pediatrics,2025-02-06,2025-02-06,Inpatient,Yes,Recovered
P103435,H065,Emergency,2025-12-29,2026-01-02,Emergency,Yes,Recovered
P103436,H085,Radiology,2025-11-18,2025-11-21,Inpatient,Yes,Under Treatment
P103437,H028,Radiology,2026-03-14,2026-03-14,Inpatient,No,Recovered
P103438,H064,Radiology,2025-11-16,2025-11-25,Emergency,Yes,Under Treatment
P103439,H051,ICU,2025-03-20,2025-03-28,Emergency,No,Transferred
P103440,H037,Cardiology,2025-07-15,2025-07-19,Day Care,No,Transferred
P103441,H070,Dermatology,2025-08-29,2025-09-07,Inpatient,Yes,Recovered
P103442,H094,Emergency,2026-04-23,2026-05-01,Emergency,Yes,Under Treatment
P103443,H042,Cardiology,2025-01-10,2025-01-10,Inpatient,No,Under Treatment
P103444,H083,Dermatology,2026-01-11,2026-01-17,Outpatient,No,Transferred
P103445,H011,Dermatology,2025-09-17,2025-09-26,Outpatient,Yes,Recovered
P103446,H077,General Medicine,2026-04-11,2026-04-20,Outpatient,No,Transferred
P103447,H076,ICU,2025-06-11,2025-06-13,Outpatient,No,Transferred
P103448,H023,Oncology,2025-12-31,2026-01-04,Outpatient,No,Under Treatment
P103449,H058,Neurology,2025-06-12,2025-06-19,Outpatient,No,Under Treatment
P103450,H006,Emergency,2026-03-10,2026-03-18,Day Care,Yes,Transferred
P103451,H018,Neurology,2025-08-27,2025-09-04,Outpatient,Yes,Under Treatment
P103452,H096,Neurology,2026-02-15,2026-02-19,Emergency,No,Under Treatment
P103453,H089,Dermatology,2025-06-09,2025-06-16,Day Care,Yes,Recovered
P103454,H043,Radiology,2025-04-04,2025-04-10,Inpatient,No,Transferred
P103455,H100,Dermatology,2026-03-01,2026-03-01,Outpatient,No,Under Treatment
P103456,H020,Orthopedics,2025-09-28,2025-09-28,Outpatient,Yes,Under Treatment
P103457,H072,General Medicine,2026-02-04,2026-02-04,Outpatient,No,Under Treatment
P103458,H031,ICU,2025-03-15,2025-03-18,Emergency,No,Transferred
P103459,H097,Neurology,2025-03-17,2025-03-21,Emergency,No,Transferred
P103460,H070,Radiology,2025-11-18,2025-11-20,Day Care,No,Transferred
P103461,H041,ICU,2026-02-26,2026-02-26,Emergency,Yes,Under Treatment
P103462,H036,Emergency,2026-04-04,2026-04-04,Emergency,No,Recovered
P103463,H084,Pediatrics,2025-03-18,2025-03-22,Day Care,No,Transferred
P103464,H021,Orthopedics,2025-01-21,2025-01-24,Emergency,Yes,Transferred
P103465,H032,Emergency,2025-02-22,2025-03-04,Emergency,No,Recovered
P103466,H063,General Medicine,2026-03-05,2026-03-07,Day Care,Yes,Transferred
P103467,H084,Dermatology,2025-06-03,2025-06-08,Outpatient,No,Recovered
P103468,H012,Pediatrics,2025-11-06,2025-11-11,Day Care,No,Transferred
P103469,H051,Radiology,2025-07-24,2025-07-24,Outpatient,No,Transferred
P103470,H007,Neurology,2025-02-24,2025-02-28,Outpatient,Yes,Recovered
P103471,H041,Pediatrics,2025-09-27,2025-10-05,Inpatient,Yes,Transferred
P103472,H022,Neurology,2025-09-09,2025-09-17,Day Care,No,Transferred
P103473,H010,ICU,2026-02-24,2026-02-24,Emergency,No,Under Treatment
P103474,H095,Orthopedics,2025-10-13,2025-10-19,Inpatient,No,Transferred
P103475,H069,ICU,2026-02-18,2026-02-20,Day Care,No,Transferred
P103476,H043,Pediatrics,2025-03-14,2025-03-16,Outpatient,Yes,Transferred
P103477,H063,Orthopedics,2026-04-28,2026-05-08,Inpatient,Yes,Transferred
P103478,H021,Radiology,2026-03-11,2026-03-16,Emergency,Yes,Transferred
P103479,H065,Dermatology,2025-04-25,2025-05-04,Emergency,Yes,Transferred
P103480,H074,Oncology,2025-04-04,2025-04-07,Day Care,No,Recovered
P103481,H089,Neurology,2025-12-12,2025-12-13,Outpatient,Yes,Recovered
P103482,H073,ICU,2026-03-14,2026-03-15,Inpatient,No,Transferred
P103483,H026,Radiology,2025-05-14,2025-05-24,Day Care,No,Recovered
P103484,H081,Orthopedics,2025-01-23,2025-01-25,Inpatient,No,Transferred
P103485,H100,Pediatrics,2025-03-08,2025-03-11,Outpatient,No,Under Treatment
P103486,H057,ICU,2025-10-04,2025-10-08,Outpatient,No,Transferred
P103487,H001,Orthopedics,2025-11-25,2025-12-02,Inpatient,No,Under Treatment
P103488,H017,Cardiology,2025-11-04,2025-11-06,Outpatient,No,Transferred
P103489,H013,ICU,2025-10-12,2025-10-21,Emergency,No,Recovered
P103490,H028,Cardiology,2025-05-13,2025-05-18,Inpatient,No,Recovered
P103491,H039,Oncology,2025-10-20,2025-10-26,Outpatient,No,Recovered
P103492,H005,Dermatology,2026-02-21,2026-03-02,Day Care,No,Recovered
P103493,H022,Pediatrics,2025-10-28,2025-11-02,Day Care,Yes,Under Treatment
P103494,H009,Neurology,2025-02-24,2025-02-26,Inpatient,No,Transferred
P103495,H019,Oncology,2025-11-12,2025-11-16,Inpatient,Yes,Recovered
P103496,H058,Orthopedics,2025-04-17,2025-04-21,Day Care,No,Recovered
P103497,H030,General Medicine,2025-01-04,2025-01-13,Inpatient,Yes,Recovered
P103498,H013,Radiology,2025-02-24,2025-03-04,Day Care,Yes,Under Treatment
P103499,H008,Emergency,2025-08-01,2025-08-04,Inpatient,Yes,Under Treatment
P103500,H034,Radiology,2025-11-07,2025-11-09,Inpatient,Yes,Recovered
P103501,H091,Orthopedics,2026-01-18,2026-01-26,Day Care,Yes,Transferred
P103502,H011,General Medicine,2025-06-10,2025-06-16,Inpatient,No,Under Treatment
P103503,H061,Neurology,2025-05-21,2025-05-29,Inpatient,No,Under Treatment
P103504,H030,Orthopedics,2025-01-17,2025-01-18,Inpatient,No,Under Treatment
P103505,H030,ICU,2026-03-25,2026-03-30,Outpatient,Yes,Recovered
P103506,H056,Orthopedics,2026-03-29,2026-03-30,Outpatient,Yes,Transferred
P103507,H097,Dermatology,2025-06-03,2025-06-03,Emergency,No,Recovered
P103508,H096,Oncology,2025-06-20,2025-06-20,Outpatient,Yes,Recovered
P103509,H013,Neurology,2025-10-10,2025-10-16,Inpatient,Yes,Under Treatment
P103510,H084,Neurology,2025-07-26,2025-08-01,Day Care,No,Transferred
P103511,H093,Cardiology,2026-03-08,2026-03-16,Emergency,No,Recovered
P103512,H033,ICU,2026-05-06,2026-05-11,Emergency,Yes,Under Treatment
P103513,H012,Cardiology,2025-11-12,2025-11-12,Emergency,Yes,Under Treatment
P103514,H065,ICU,2025-07-23,2025-07-28,Emergency,Yes,Recovered
P103515,H061,Dermatology,2025-09-06,2025-09-08,Day Care,No,Transferred
P103516,H046,General Medicine,2026-03-02,2026-03-03,Emergency,Yes,Recovered
P103517,H019,Emergency,2026-01-28,2026-02-01,Emergency,Yes,Transferred
P103518,H035,Oncology,2025-12-07,2025-12-13,Outpatient,Yes,Transferred
P103519,H090,Radiology,2025-10-01,2025-10-06,Emergency,No,Transferred
P103520,H054,Cardiology,2025-06-18,2025-06-26,Day Care,Yes,Transferred
P103521,H050,Emergency,2026-03-20,2026-03-29,Inpatient,Yes,Under Treatment
P103522,H050,Pediatrics,2025-01-18,2025-01-26,Outpatient,Yes,Under Treatment
P103523,H036,Dermatology,2025-07-09,2025-07-19,Inpatient,No,Transferred
P103524,H100,ICU,2025-11-02,2025-11-11,Day Care,Yes,Recovered
P103525,H069,General Medicine,2025-09-08,2025-09-18,Inpatient,No,Under Treatment
P103526,H068,General Medicine,2026-04-27,2026-05-07,Outpatient,Yes,Transferred
P103527,H015,Dermatology,2025-08-12,2025-08-12,Emergency,No,Recovered
P103528,H043,Cardiology,2025-06-20,2025-06-25,Inpatient,No,Under Treatment
P103529,H059,Dermatology,2025-11-28,2025-12-08,Inpatient,Yes,Recovered
P103530,H048,Neurology,2025-06-21,2025-06-28,Emergency,Yes,Under Treatment
P103531,H006,Dermatology,2025-03-01,2025-03-06,Emergency,Yes,Recovered
P103532,H068,Dermatology,2026-04-10,2026-04-11,Inpatient,No,Recovered
P103533,H093,Neurology,2026-05-10,2026-05-10,Day Care,Yes,Under Treatment
P103534,H026,Oncology,2026-04-24,2026-04-26,Emergency,No,Recovered
P103535,H092,Pediatrics,2025-01-09,2025-01-18,Outpatient,Yes,Transferred
P103536,H027,Orthopedics,2025-07-16,2025-07-16,Inpatient,Yes,Under Treatment
P103537,H057,Orthopedics,2026-01-30,2026-02-02,Emergency,No,Under Treatment
P103538,H089,ICU,2025-07-26,2025-08-01,Emergency,No,Under Treatment
P103539,H068,Oncology,2026-01-19,2026-01-21,Inpatient,Yes,Under Treatment
P103540,H085,Oncology,2025-04-22,2025-04-28,Emergency,Yes,Recovered
P103541,H002,Pediatrics,2025-10-09,2025-10-19,Inpatient,No,Under Treatment
P103542,H046,General Medicine,2025-12-10,2025-12-14,Inpatient,No,Transferred
P103543,H084,Neurology,2025-02-12,2025-02-18,Outpatient,Yes,Recovered
P103544,H073,Radiology,2025-05-06,2025-05-09,Inpatient,No,Under Treatment
P103545,H080,Emergency,2025-11-16,2025-11-23,Day Care,No,Under Treatment
P103546,H007,Pediatrics,2026-02-24,2026-02-26,Emergency,Yes,Under Treatment
P103547,H076,ICU,2025-03-31,2025-04-09,Inpatient,Yes,Recovered
P103548,H054,Dermatology,2026-04-09,2026-04-14,Day Care,No,Under Treatment
P103549,H048,Dermatology,2025-09-10,2025-09-14,Inpatient,No,Transferred
P103550,H014,General Medicine,2025-09-09,2025-09-12,Day Care,No,Recovered
P103551,H048,General Medicine,2025-06-27,2025-07-01,Outpatient,No,Transferred
P103552,H075,Orthopedics,2025-01-07,2025-01-09,Inpatient,Yes,Transferred
P103553,H072,Orthopedics,2025-01-29,2025-01-31,Emergency,No,Recovered
P103554,H026,General Medicine,2026-03-29,2026-04-01,Outpatient,Yes,Recovered
P103555,H071,Radiology,2025-12-16,2025-12-19,Emergency,Yes,Under Treatment
P103556,H077,Pediatrics,2025-03-04,2025-03-05,Day Care,Yes,Transferred
P103557,H010,Radiology,2025-10-06,2025-10-10,Emergency,No,Transferred
P103558,H071,Oncology,2025-11-29,2025-12-01,Emergency,No,Transferred
P103559,H025,Emergency,2025-02-18,2025-02-19,Day Care,No,Transferred
P103560,H069,Dermatology,2025-07-24,2025-07-25,Inpatient,No,Recovered
P103561,H093,Oncology,2026-03-22,2026-03-22,Day Care,No,Under Treatment
P103562,H025,Emergency,2025-10-23,2025-10-31,Inpatient,Yes,Transferred
P103563,H045,Cardiology,2025-06-03,2025-06-06,Outpatient,Yes,Transferred
P103564,H096,Dermatology,2026-05-02,2026-05-11,Day Care,Yes,Transferred
P103565,H052,Orthopedics,2026-04-04,2026-04-12,Inpatient,No,Under Treatment
P103566,H032,Emergency,2026-01-28,2026-02-03,Outpatient,Yes,Recovered
P103567,H086,Neurology,2026-01-06,2026-01-12,Inpatient,No,Transferred
P103568,H011,Oncology,2026-03-23,2026-03-29,Inpatient,Yes,Transferred
P103569,H094,Radiology,2025-12-12,2025-12-18,Outpatient,Yes,Recovered
P103570,H073,Radiology,2026-02-07,2026-02-16,Outpatient,Yes,Under Treatment
P103571,H032,Neurology,2025-12-23,2025-12-29,Inpatient,No,Transferred
P103572,H047,Emergency,2025-06-26,2025-06-27,Day Care,No,Recovered
P103573,H067,ICU,2026-04-27,2026-05-05,Emergency,No,Transferred
P103574,H091,Orthopedics,2026-01-27,2026-02-06,Day Care,No,Under Treatment
P103575,H045,Cardiology,2025-04-22,2025-04-27,Emergency,Yes,Under Treatment
P103576,H044,Emergency,2025-04-10,2025-04-12,Emergency,No,Transferred
P103577,H045,Dermatology,2026-05-08,2026-05-15,Emergency,No,Transferred
P103578,H077,Radiology,2026-04-02,2026-04-02,Emergency,Yes,Recovered
P103579,H006,Orthopedics,2025-06-05,2025-06-09,Emergency,Yes,Recovered
P103580,H092,Emergency,2026-01-01,2026-01-08,Inpatient,Yes,Transferred
P103581,H004,Orthopedics,2026-05-07,2026-05-11,Inpatient,No,Under Treatment
P103582,H069,Radiology,2025-09-16,2025-09-21,Outpatient,No,Under Treatment
P103583,H056,Radiology,2026-01-30,2026-02-09,Inpatient,No,Under Treatment
P103584,H011,Oncology,2025-10-27,2025-11-02,Inpatient,Yes,Transferred
P103585,H084,Dermatology,2025-10-12,2025-10-20,Emergency,Yes,Recovered
P103586,H010,Neurology,2025-10-01,2025-10-05,Outpatient,No,Under Treatment
P103587,H024,Oncology,2025-05-23,2025-05-23,Emergency,Yes,Transferred
P103588,H079,ICU,2025-09-23,2025-10-02,Outpatient,Yes,Under Treatment
P103589,H013,Radiology,2025-07-07,2025-07-16,Emergency,Yes,Recovered
P103590,H037,Oncology,2025-03-19,2025-03-19,Day Care,No,Under Treatment
P103591,H098,Dermatology,2025-02-22,2025-03-01,Day Care,No,Transferred
P103592,H040,Cardiology,2025-01-27,2025-02-03,Outpatient,Yes,Recovered
P103593,H022,Orthopedics,2025-06-25,2025-07-03,Emergency,No,Recovered
P103594,H092,General Medicine,2025-03-22,2025-03-30,Emergency,No,Recovered
P103595,H019,Neurology,2025-06-22,2025-06-29,Emergency,No,Recovered
P103596,H082,Pediatrics,2025-09-28,2025-10-04,Inpatient,No,Under Treatment
P103597,H070,Radiology,2026-02-23,2026-02-28,Inpatient,No,Recovered
P103598,H090,Neurology,2025-07-17,2025-07-26,Outpatient,Yes,Transferred
P103599,H061,Oncology,2025-08-20,2025-08-29,Day Care,No,Recovered
P103600,H062,ICU,2025-11-05,2025-11-08,Inpatient,Yes,Transferred
P103601,H016,Radiology,2025-09-12,2025-09-20,Emergency,No,Transferred
P103602,H048,Neurology,2025-12-06,2025-12-16,Day Care,Yes,Recovered
P103603,H008,Emergency,2025-07-19,2025-07-27,Day Care,Yes,Recovered
P103604,H077,Neurology,2025-02-24,2025-03-01,Emergency,Yes,Under Treatment
P103605,H006,Neurology,2025-04-29,2025-04-30,Outpatient,No,Under Treatment
P103606,H062,Pediatrics,2025-04-03,2025-04-05,Day Care,No,Under Treatment
P103607,H078,Emergency,2025-06-17,2025-06-19,Emergency,Yes,Transferred
P103608,H030,Dermatology,2025-09-26,2025-09-30,Inpatient,Yes,Recovered
P103609,H040,General Medicine,2025-09-24,2025-09-24,Day Care,No,Transferred
P103610,H068,General Medicine,2025-01-29,2025-01-30,Outpatient,No,Transferred
P103611,H030,Radiology,2026-05-12,2026-05-22,Day Care,Yes,Under Treatment
P103612,H097,Orthopedics,2026-01-24,2026-01-29,Inpatient,No,Recovered
P103613,H035,Neurology,2025-06-06,2025-06-11,Outpatient,Yes,Transferred
P103614,H025,Cardiology,2026-02-03,2026-02-03,Emergency,Yes,Transferred
P103615,H025,General Medicine,2026-01-03,2026-01-11,Day Care,No,Transferred
P103616,H042,Dermatology,2025-06-25,2025-06-26,Day Care,No,Transferred
P103617,H015,Pediatrics,2025-01-12,2025-01-15,Emergency,No,Under Treatment
P103618,H034,Cardiology,2026-02-20,2026-02-26,Inpatient,Yes,Transferred
P103619,H028,Orthopedics,2025-07-02,2025-07-10,Day Care,No,Under Treatment
P103620,H052,Dermatology,2025-09-10,2025-09-11,Outpatient,Yes,Recovered
P103621,H054,Dermatology,2026-04-08,2026-04-16,Outpatient,No,Transferred
P103622,H058,Emergency,2025-10-29,2025-11-05,Outpatient,No,Recovered
P103623,H024,Radiology,2025-01-27,2025-02-04,Outpatient,No,Transferred
P103624,H062,Emergency,2025-01-04,2025-01-11,Inpatient,Yes,Recovered
P103625,H021,ICU,2026-01-11,2026-01-13,Day Care,No,Transferred
P103626,H086,Emergency,2025-10-15,2025-10-22,Outpatient,Yes,Transferred
P103627,H010,Radiology,2026-01-17,2026-01-27,Outpatient,Yes,Transferred
P103628,H006,Pediatrics,2026-01-06,2026-01-12,Emergency,No,Under Treatment
P103629,H035,Oncology,2025-07-20,2025-07-26,Outpatient,No,Recovered
P103630,H027,Neurology,2025-03-11,2025-03-15,Inpatient,Yes,Recovered
P103631,H094,Orthopedics,2025-07-23,2025-07-28,Outpatient,No,Recovered
P103632,H029,Dermatology,2026-03-16,2026-03-23,Emergency,Yes,Recovered
P103633,H057,ICU,2025-04-03,2025-04-06,Outpatient,No,Transferred
P103634,H097,Pediatrics,2025-11-16,2025-11-25,Outpatient,Yes,Under Treatment
P103635,H049,Radiology,2025-12-29,2026-01-03,Inpatient,Yes,Under Treatment
P103636,H031,Emergency,2025-11-23,2025-11-27,Emergency,Yes,Under Treatment
P103637,H056,ICU,2025-12-20,2025-12-29,Inpatient,No,Recovered
P103638,H021,Radiology,2025-08-04,2025-08-07,Emergency,No,Under Treatment
P103639,H067,ICU,2026-04-16,2026-04-17,Emergency,Yes,Recovered
P103640,H062,Cardiology,2025-05-22,2025-05-30,Emergency,No,Recovered
P103641,H025,Neurology,2026-03-02,2026-03-05,Emergency,Yes,Under Treatment
P103642,H053,Oncology,2025-02-07,2025-02-08,Outpatient,No,Under Treatment
P103643,H066,General Medicine,2025-10-10,2025-10-14,Emergency,No,Transferred
P103644,H085,ICU,2025-01-13,2025-01-15,Day Care,No,Under Treatment
P103645,H100,Dermatology,2025-11-16,2025-11-24,Inpatient,Yes,Recovered
P103646,H015,Neurology,2025-10-02,2025-10-03,Emergency,Yes,Transferred
P103647,H022,General Medicine,2025-06-21,2025-06-29,Outpatient,Yes,Under Treatment
P103648,H020,Neurology,2025-01-06,2025-01-13,Inpatient,Yes,Under Treatment
P103649,H062,Radiology,2025-10-28,2025-11-05,Inpatient,No,Transferred
P103650,H044,Oncology,2025-05-05,2025-05-09,Day Care,Yes,Transferred
P103651,H022,General Medicine,2025-05-03,2025-05-03,Inpatient,Yes,Recovered
P103652,H054,Emergency,2025-04-28,2025-05-06,Day Care,Yes,Transferred
P103653,H007,Orthopedics,2025-03-20,2025-03-22,Day Care,No,Under Treatment
P103654,H020,Neurology,2025-08-31,2025-09-08,Outpatient,No,Transferred
P103655,H010,Cardiology,2026-01-25,2026-01-30,Inpatient,Yes,Under Treatment
P103656,H086,General Medicine,2026-02-02,2026-02-05,Outpatient,No,Under Treatment
P103657,H041,Neurology,2025-03-19,2025-03-20,Outpatient,Yes,Recovered
P103658,H065,Emergency,2025-04-26,2025-05-05,Outpatient,Yes,Transferred
P103659,H056,Orthopedics,2025-03-30,2025-04-05,Emergency,Yes,Transferred
P103660,H002,Cardiology,2026-01-23,2026-01-24,Day Care,No,Recovered
P103661,H047,Dermatology,2025-02-21,2025-02-25,Emergency,No,Recovered
P103662,H071,Emergency,2026-01-28,2026-01-31,Outpatient,No,Transferred
P103663,H006,Radiology,2025-08-07,2025-08-09,Inpatient,No,Transferred
P103664,H003,ICU,2025-03-12,2025-03-16,Emergency,Yes,Under Treatment
P103665,H081,Pediatrics,2025-09-12,2025-09-19,Inpatient,Yes,Recovered
P103666,H019,Radiology,2025-06-24,2025-07-01,Day Care,No,Under Treatment
P103667,H064,General Medicine,2025-03-03,2025-03-04,Day Care,No,Under Treatment
P103668,H007,Orthopedics,2026-05-05,2026-05-09,Outpatient,No,Transferred
P103669,H043,Emergency,2025-11-26,2025-12-02,Day Care,No,Recovered
P103670,H007,Radiology,2025-03-26,2025-04-03,Day Care,Yes,Transferred
P103671,H097,ICU,2026-03-06,2026-03-13,Outpatient,Yes,Under Treatment
P103672,H023,Dermatology,2025-02-24,2025-02-27,Inpatient,Yes,Recovered
P103673,H072,Oncology,2026-01-22,2026-01-22,Day Care,Yes,Transferred
P103674,H037,Oncology,2026-01-12,2026-01-14,Outpatient,Yes,Recovered
P103675,H042,Pediatrics,2025-06-04,2025-06-10,Outpatient,No,Under Treatment
P103676,H026,Dermatology,2025-12-23,2025-12-25,Day Care,No,Under Treatment
P103677,H014,Dermatology,2025-09-04,2025-09-10,Day Care,Yes,Recovered
P103678,H001,Orthopedics,2026-02-17,2026-02-21,Inpatient,No,Under Treatment
P103679,H080,General Medicine,2025-05-13,2025-05-17,Day Care,No,Under Treatment
P103680,H076,Pediatrics,2025-10-01,2025-10-11,Emergency,No,Recovered
P103681,H093,Oncology,2025-09-12,2025-09-17,Day Care,No,Under Treatment
P103682,H047,Oncology,2025-06-06,2025-06-16,Outpatient,Yes,Under Treatment
P103683,H065,General Medicine,2025-11-04,2025-11-04,Inpatient,No,Transferred
P103684,H007,Oncology,2026-01-17,2026-01-21,Inpatient,Yes,Recovered
P103685,H085,ICU,2025-11-30,2025-12-06,Outpatient,No,Transferred
P103686,H087,Cardiology,2025-09-30,2025-10-05,Emergency,No,Recovered
P103687,H039,Dermatology,2025-07-07,2025-07-14,Outpatient,Yes,Under Treatment
P103688,H013,Oncology,2025-01-18,2025-01-23,Day Care,Yes,Transferred
P103689,H018,Oncology,2025-08-18,2025-08-19,Day Care,No,Transferred
P103690,H071,Neurology,2025-11-02,2025-11-09,Day Care,No,Under Treatment
P103691,H088,Emergency,2025-03-04,2025-03-08,Inpatient,Yes,Transferred
P103692,H063,Dermatology,2025-07-10,2025-07-16,Inpatient,No,Under Treatment
P103693,H003,Orthopedics,2026-03-08,2026-03-08,Day Care,No,Recovered
P103694,H041,Radiology,2026-04-05,2026-04-07,Inpatient,Yes,Transferred
P103695,H083,Neurology,2026-03-14,2026-03-23,Inpatient,No,Recovered
P103696,H049,Orthopedics,2025-08-10,2025-08-13,Day Care,Yes,Under Treatment
P103697,H042,Oncology,2025-11-04,2025-11-04,Emergency,Yes,Transferred
P103698,H020,ICU,2025-07-31,2025-08-10,Day Care,No,Transferred
P103699,H067,Neurology,2025-10-28,2025-10-28,Inpatient,Yes,Transferred
P103700,H007,Radiology,2025-09-30,2025-10-02,Inpatient,Yes,Transferred
P103701,H054,Pediatrics,2025-05-04,2025-05-14,Day Care,Yes,Transferred
P103702,H060,ICU,2025-03-13,2025-03-17,Day Care,No,Recovered
P103703,H062,Neurology,2025-03-31,2025-04-09,Day Care,Yes,Transferred
P103704,H070,General Medicine,2025-09-01,2025-09-02,Outpatient,Yes,Under Treatment
P103705,H023,General Medicine,2025-08-31,2025-09-05,Emergency,Yes,Under Treatment
P103706,H067,Dermatology,2025-01-14,2025-01-14,Emergency,No,Transferred
P103707,H039,Neurology,2026-03-10,2026-03-18,Outpatient,No,Under Treatment
P103708,H027,Cardiology,2025-06-17,2025-06-17,Emergency,No,Under Treatment
P103709,H027,Dermatology,2025-02-03,2025-02-10,Outpatient,Yes,Recovered
P103710,H072,Oncology,2026-01-06,2026-01-11,Day Care,No,Under Treatment
P103711,H063,Cardiology,2025-05-24,2025-05-25,Emergency,No,Transferred
P103712,H017,Dermatology,2025-10-22,2025-10-26,Outpatient,Yes,Recovered
P103713,H046,Dermatology,2025-08-04,2025-08-10,Outpatient,Yes,Transferred
P103714,H028,Cardiology,2025-11-19,2025-11-26,Outpatient,Yes,Transferred
P103715,H005,Radiology,2025-04-18,2025-04-22,Emergency,No,Transferred
P103716,H043,General Medicine,2025-06-07,2025-06-17,Inpatient,Yes,Under Treatment
P103717,H086,Dermatology,2025-09-02,2025-09-06,Outpatient,No,Transferred
P103718,H058,Dermatology,2025-03-21,2025-03-28,Inpatient,No,Transferred
P103719,H025,Neurology,2025-07-14,2025-07-20,Emergency,Yes,Transferred
P103720,H030,Pediatrics,2026-03-07,2026-03-11,Emergency,No,Transferred
P103721,H094,Neurology,2025-11-21,2025-11-22,Day Care,No,Recovered
P103722,H053,Orthopedics,2025-05-02,2025-05-02,Outpatient,No,Under Treatment
P103723,H020,Dermatology,2026-03-09,2026-03-17,Inpatient,Yes,Under Treatment
P103724,H024,Cardiology,2025-03-07,2025-03-14,Outpatient,No,Transferred
P103725,H044,Orthopedics,2025-04-03,2025-04-09,Outpatient,No,Transferred
P103726,H038,General Medicine,2025-04-25,2025-04-26,Emergency,Yes,Under Treatment
P103727,H018,Dermatology,2025-04-21,2025-04-21,Inpatient,Yes,Transferred
P103728,H077,Oncology,2025-10-02,2025-10-07,Inpatient,No,Transferred
P103729,H008,General Medicine,2025-07-02,2025-07-06,Inpatient,Yes,Transferred
P103730,H095,General Medicine,2025-08-09,2025-08-15,Inpatient,Yes,Recovered
P103731,H044,Oncology,2025-05-02,2025-05-03,Emergency,Yes,Transferred
P103732,H060,Cardiology,2025-12-09,2025-12-10,Emergency,Yes,Under Treatment
P103733,H076,Orthopedics,2026-01-06,2026-01-06,Emergency,No,Transferred
P103734,H026,ICU,2025-10-02,2025-10-07,Outpatient,Yes,Recovered
P103735,H007,Neurology,2025-09-11,2025-09-20,Outpatient,Yes,Transferred
P103736,H062,Cardiology,2025-06-29,2025-07-06,Day Care,Yes,Under Treatment
P103737,H061,ICU,2025-04-09,2025-04-12,Outpatient,No,Transferred
P103738,H047,Radiology,2025-04-10,2025-04-12,Emergency,No,Recovered
P103739,H016,Orthopedics,2026-01-10,2026-01-18,Emergency,No,Recovered
P103740,H097,Dermatology,2025-07-19,2025-07-28,Outpatient,Yes,Under Treatment
P103741,H079,Pediatrics,2025-09-13,2025-09-15,Day Care,No,Recovered
P103742,H061,Orthopedics,2026-02-03,2026-02-10,Inpatient,No,Recovered
P103743,H027,Emergency,2025-10-01,2025-10-11,Inpatient,No,Under Treatment
P103744,H062,ICU,2025-01-31,2025-02-07,Outpatient,No,Under Treatment
P103745,H045,ICU,2025-10-14,2025-10-23,Inpatient,Yes,Transferred
P103746,H039,Oncology,2025-12-28,2026-01-03,Emergency,Yes,Recovered
P103747,H067,Dermatology,2025-08-24,2025-08-29,Outpatient,Yes,Under Treatment
P103748,H086,Oncology,2025-10-15,2025-10-23,Day Care,Yes,Recovered
P103749,H007,Orthopedics,2026-04-06,2026-04-11,Day Care,Yes,Under Treatment
P103750,H076,Radiology,2025-12-21,2025-12-27,Day Care,Yes,Transferred
P103751,H056,General Medicine,2026-04-01,2026-04-10,Day Care,Yes,Recovered
P103752,H060,Radiology,2025-06-22,2025-06-26,Inpatient,No,Transferred
P103753,H046,Cardiology,2026-02-16,2026-02-24,Outpatient,No,Under Treatment
P103754,H036,Cardiology,2025-04-17,2025-04-23,Outpatient,No,Transferred
P103755,H037,Pediatrics,2026-03-31,2026-04-04,Day Care,Yes,Under Treatment
P103756,H093,Dermatology,2025-09-04,2025-09-04,Outpatient,No,Under Treatment
P103757,H073,General Medicine,2026-04-29,2026-04-30,Outpatient,Yes,Recovered
P103758,H092,General Medicine,2025-06-12,2025-06-20,Emergency,Yes,Recovered
P103759,H078,Orthopedics,2026-03-08,2026-03-17,Emergency,No,Under Treatment
P103760,H070,Oncology,2026-03-03,2026-03-08,Inpatient,No,Under Treatment
P103761,H083,Orthopedics,2025-06-13,2025-06-19,Outpatient,Yes,Under Treatment
P103762,H001,Cardiology,2026-04-10,2026-04-10,Inpatient,Yes,Under Treatment
P103763,H071,Neurology,2025-01-13,2025-01-20,Emergency,Yes,Recovered
P103764,H056,Cardiology,2025-01-05,2025-01-14,Inpatient,Yes,Recovered
P103765,H010,Orthopedics,2025-09-27,2025-09-27,Day Care,Yes,Under Treatment
P103766,H091,Dermatology,2025-12-17,2025-12-21,Emergency,No,Transferred
P103767,H049,Orthopedics,2025-04-01,2025-04-07,Day Care,No,Recovered
P103768,H064,Oncology,2025-05-05,2025-05-13,Day Care,Yes,Under Treatment
P103769,H012,General Medicine,2025-07-24,2025-07-27,Emergency,No,Under Treatment
P103770,H047,ICU,2026-01-29,2026-02-02,Day Care,Yes,Transferred
P103771,H005,Radiology,2025-09-14,2025-09-14,Emergency,No,Recovered
P103772,H057,Neurology,2026-04-27,2026-04-29,Day Care,Yes,Recovered
P103773,H011,Radiology,2025-12-31,2026-01-06,Outpatient,Yes,Transferred
P103774,H065,General Medicine,2025-08-29,2025-09-01,Inpatient,No,Transferred
P103775,H087,Cardiology,2025-12-04,2025-12-07,Outpatient,Yes,Transferred
P103776,H018,Emergency,2026-05-16,2026-05-21,Outpatient,No,Recovered
P103777,H098,Orthopedics,2025-03-17,2025-03-17,Inpatient,Yes,Under Treatment
P103778,H064,Pediatrics,2025-11-07,2025-11-16,Outpatient,Yes,Under Treatment
P103779,H007,Cardiology,2026-01-13,2026-01-14,Inpatient,Yes,Under Treatment
P103780,H035,Cardiology,2026-02-03,2026-02-04,Day Care,Yes,Recovered
P103781,H034,Pediatrics,2025-07-21,2025-07-28,Day Care,No,Recovered
P103782,H098,Oncology,2025-10-09,2025-10-18,Inpatient,Yes,Transferred
P103783,H066,Neurology,2026-02-19,2026-02-24,Emergency,Yes,Recovered
P103784,H070,Orthopedics,2025-10-26,2025-10-27,Day Care,Yes,Under Treatment
P103785,H036,Dermatology,2026-03-21,2026-03-22,Inpatient,No,Recovered
P103786,H084,Cardiology,2025-03-01,2025-03-06,Inpatient,No,Transferred
P103787,H002,Radiology,2025-06-02,2025-06-06,Outpatient,No,Transferred
P103788,H081,General Medicine,2026-04-14,2026-04-16,Inpatient,No,Under Treatment
P103789,H094,Emergency,2025-10-12,2025-10-21,Inpatient,No,Transferred
P103790,H047,Cardiology,2025-06-30,2025-07-06,Emergency,Yes,Recovered
P103791,H018,Pediatrics,2025-05-18,2025-05-24,Emergency,Yes,Under Treatment
P103792,H096,ICU,2025-10-25,2025-10-30,Outpatient,No,Recovered
P103793,H087,Dermatology,2025-04-06,2025-04-10,Outpatient,Yes,Under Treatment
P103794,H073,Cardiology,2025-05-29,2025-05-31,Emergency,No,Recovered
P103795,H023,Dermatology,2025-10-20,2025-10-21,Outpatient,No,Under Treatment
P103796,H005,Radiology,2025-09-11,2025-09-13,Outpatient,No,Transferred
P103797,H014,Pediatrics,2026-01-25,2026-01-31,Outpatient,Yes,Recovered
P103798,H060,General Medicine,2025-10-11,2025-10-15,Emergency,Yes,Recovered
P103799,H042,Cardiology,2025-08-12,2025-08-21,Day Care,No,Under Treatment
P103800,H092,ICU,2025-03-19,2025-03-24,Day Care,Yes,Transferred
P103801,H077,Orthopedics,2026-01-31,2026-02-05,Day Care,No,Transferred
P103802,H003,Cardiology,2026-01-22,2026-01-28,Day Care,No,Transferred
P103803,H079,Cardiology,2025-02-28,2025-03-06,Emergency,No,Under Treatment
P103804,H018,Emergency,2026-03-11,2026-03-18,Inpatient,Yes,Under Treatment
P103805,H038,Neurology,2025-06-22,2025-06-27,Inpatient,Yes,Transferred
P103806,H100,Neurology,2025-08-14,2025-08-21,Emergency,No,Under Treatment
P103807,H049,Neurology,2025-11-29,2025-12-01,Outpatient,No,Under Treatment
P103808,H088,General Medicine,2026-05-04,2026-05-11,Day Care,No,Recovered
P103809,H051,Dermatology,2025-01-26,2025-02-04,Inpatient,Yes,Under Treatment
P103810,H056,Emergency,2026-01-28,2026-01-30,Outpatient,No,Recovered
P103811,H048,Emergency,2025-08-13,2025-08-21,Day Care,Yes,Recovered
P103812,H058,Cardiology,2025-03-03,2025-03-13,Outpatient,Yes,Under Treatment
P103813,H097,Oncology,2026-01-19,2026-01-27,Day Care,Yes,Recovered
P103814,H032,Orthopedics,2025-04-29,2025-04-30,Day Care,No,Under Treatment
P103815,H044,General Medicine,2025-07-25,2025-07-29,Inpatient,No,Recovered
P103816,H042,General Medicine,2026-02-09,2026-02-09,Outpatient,Yes,Transferred
P103817,H013,Pediatrics,2026-03-25,2026-03-31,Inpatient,Yes,Recovered
P103818,H080,Dermatology,2025-06-27,2025-07-05,Day Care,Yes,Transferred
P103819,H038,Neurology,2026-01-29,2026-01-30,Inpatient,Yes,Under Treatment
P103820,H062,Emergency,2025-01-06,2025-01-09,Inpatient,Yes,Transferred
P103821,H013,Dermatology,2025-07-17,2025-07-25,Inpatient,No,Under Treatment
P103822,H055,Dermatology,2026-05-13,2026-05-14,Inpatient,No,Under Treatment
P103823,H050,Pediatrics,2025-05-02,2025-05-04,Day Care,Yes,Recovered
P103824,H037,Orthopedics,2025-05-14,2025-05-17,Outpatient,Yes,Transferred
P103825,H092,Pediatrics,2026-03-19,2026-03-21,Emergency,Yes,Transferred
P103826,H031,General Medicine,2025-06-02,2025-06-03,Inpatient,Yes,Transferred
P103827,H004,Dermatology,2025-09-04,2025-09-09,Outpatient,No,Recovered
P103828,H089,Oncology,2025-07-30,2025-08-04,Emergency,Yes,Recovered
P103829,H013,Emergency,2025-11-24,2025-11-24,Day Care,Yes,Transferred
P103830,H062,Pediatrics,2025-02-01,2025-02-11,Inpatient,No,Recovered
P103831,H021,General Medicine,2025-07-03,2025-07-05,Outpatient,Yes,Transferred
P103832,H026,Emergency,2025-12-29,2025-12-29,Inpatient,No,Recovered
P103833,H030,Cardiology,2026-04-28,2026-05-03,Inpatient,No,Transferred
P103834,H070,Orthopedics,2026-04-28,2026-05-05,Day Care,Yes,Transferred
P103835,H095,ICU,2025-08-26,2025-08-29,Emergency,No,Under Treatment
P103836,H041,Orthopedics,2026-01-07,2026-01-13,Day Care,No,Under Treatment
P103837,H077,General Medicine,2025-09-22,2025-09-25,Emergency,Yes,Under Treatment
P103838,H077,Neurology,2025-08-19,2025-08-26,Outpatient,No,Transferred
P103839,H052,Cardiology,2025-08-08,2025-08-10,Emergency,Yes,Transferred
P103840,H063,Orthopedics,2025-05-27,2025-06-01,Day Care,No,Transferred
P103841,H016,ICU,2025-04-18,2025-04-27,Day Care,No,Recovered
P103842,H068,Oncology,2025-01-23,2025-01-27,Emergency,Yes,Under Treatment
P103843,H010,General Medicine,2025-07-07,2025-07-08,Emergency,No,Under Treatment
P103844,H059,Emergency,2026-05-04,2026-05-10,Emergency,No,Transferred
P103845,H012,General Medicine,2025-11-07,2025-11-17,Inpatient,Yes,Transferred
P103846,H080,Emergency,2025-12-31,2026-01-01,Day Care,No,Transferred
P103847,H042,Cardiology,2025-11-25,2025-11-28,Inpatient,Yes,Under Treatment
P103848,H026,General Medicine,2026-02-01,2026-02-09,Outpatient,No,Transferred
P103849,H025,Radiology,2025-11-13,2025-11-20,Outpatient,No,Transferred
P103850,H068,Dermatology,2025-12-08,2025-12-16,Inpatient,Yes,Under Treatment
P103851,H053,Orthopedics,2025-03-30,2025-04-02,Inpatient,No,Recovered
P103852,H014,Neurology,2025-12-06,2025-12-08,Emergency,Yes,Transferred
P103853,H002,Pediatrics,2026-03-28,2026-04-01,Emergency,No,Recovered
P103854,H059,Orthopedics,2026-01-23,2026-01-24,Inpatient,Yes,Recovered
P103855,H041,Dermatology,2025-07-13,2025-07-19,Day Care,No,Transferred
P103856,H013,Neurology,2025-04-19,2025-04-28,Outpatient,No,Recovered
P103857,H006,Neurology,2025-10-26,2025-10-29,Day Care,Yes,Recovered
P103858,H075,ICU,2025-10-30,2025-11-06,Emergency,No,Transferred
P103859,H065,Dermatology,2026-01-20,2026-01-27,Day Care,No,Recovered
P103860,H022,Radiology,2026-03-02,2026-03-08,Emergency,Yes,Transferred
P103861,H089,Dermatology,2025-03-23,2025-03-27,Inpatient,Yes,Recovered
P103862,H074,Oncology,2025-11-06,2025-11-06,Inpatient,No,Recovered
P103863,H066,Neurology,2026-02-13,2026-02-23,Outpatient,No,Transferred
P103864,H019,Cardiology,2025-07-29,2025-08-04,Day Care,Yes,Recovered
P103865,H022,Cardiology,2025-02-11,2025-02-12,Day Care,No,Transferred
P103866,H015,General Medicine,2025-11-27,2025-12-05,Outpatient,No,Transferred
P103867,H059,Emergency,2025-02-06,2025-02-06,Inpatient,Yes,Under Treatment
P103868,H004,Oncology,2025-01-27,2025-01-27,Outpatient,Yes,Under Treatment
P103869,H068,ICU,2025-10-27,2025-11-03,Outpatient,No,Recovered
P103870,H050,Neurology,2025-03-31,2025-04-04,Emergency,No,Transferred
P103871,H015,Dermatology,2025-07-07,2025-07-08,Outpatient,Yes,Recovered
P103872,H083,Orthopedics,2025-08-04,2025-08-10,Emergency,Yes,Under Treatment
P103873,H070,Cardiology,2025-03-04,2025-03-11,Inpatient,No,Transferred
P103874,H073,Pediatrics,2025-11-03,2025-11-03,Emergency,No,Transferred
P103875,H070,General Medicine,2025-05-21,2025-05-28,Inpatient,No,Under Treatment
P103876,H027,ICU,2025-02-07,2025-02-09,Inpatient,Yes,Transferred
P103877,H092,ICU,2025-12-31,2026-01-01,Emergency,Yes,Under Treatment
P103878,H071,Pediatrics,2025-04-24,2025-04-30,Emergency,No,Under Treatment
P103879,H093,ICU,2026-01-05,2026-01-13,Day Care,No,Under Treatment
P103880,H033,Pediatrics,2026-02-02,2026-02-05,Inpatient,Yes,Transferred
P103881,H066,Dermatology,2026-05-02,2026-05-03,Inpatient,No,Under Treatment
P103882,H040,ICU,2026-03-20,2026-03-26,Inpatient,No,Recovered
P103883,H022,Cardiology,2025-07-11,2025-07-15,Inpatient,No,Under Treatment
P103884,H026,Pediatrics,2025-06-29,2025-07-09,Day Care,No,Under Treatment
P103885,H017,ICU,2025-06-06,2025-06-07,Outpatient,Yes,Recovered
P103886,H037,Oncology,2025-01-19,2025-01-26,Day Care,Yes,Under Treatment
P103887,H094,Pediatrics,2025-04-15,2025-04-24,Outpatient,No,Under Treatment
P103888,H057,General Medicine,2026-03-18,2026-03-22,Day Care,No,Transferred
P103889,H001,ICU,2025-06-02,2025-06-09,Day Care,No,Transferred
P103890,H035,ICU,2025-04-20,2025-04-21,Outpatient,No,Transferred
P103891,H067,Orthopedics,2025-04-13,2025-04-19,Outpatient,No,Under Treatment
P103892,H083,General Medicine,2025-05-20,2025-05-22,Outpatient,No,Under Treatment
P103893,H038,Cardiology,2025-06-10,2025-06-20,Inpatient,No,Under Treatment
P103894,H010,Radiology,2025-07-05,2025-07-12,Outpatient,Yes,Recovered
P103895,H071,Emergency,2025-08-10,2025-08-11,Outpatient,Yes,Transferred
P103896,H024,Cardiology,2025-12-14,2025-12-14,Outpatient,No,Under Treatment
P103897,H032,Pediatrics,2026-01-05,2026-01-05,Outpatient,No,Recovered
P103898,H062,ICU,2025-07-19,2025-07-21,Emergency,Yes,Recovered
P103899,H094,Pediatrics,2025-03-06,2025-03-15,Outpatient,Yes,Transferred
P103900,H059,Pediatrics,2025-12-27,2026-01-01,Outpatient,Yes,Under Treatment
P103901,H018,Oncology,2025-12-13,2025-12-13,Day Care,No,Under Treatment
P103902,H066,Neurology,2025-08-17,2025-08-27,Outpatient,Yes,Recovered
P103903,H056,Cardiology,2026-03-30,2026-03-31,Outpatient,No,Under Treatment
P103904,H002,Emergency,2025-08-07,2025-08-07,Outpatient,No,Recovered
P103905,H070,Orthopedics,2025-08-29,2025-09-06,Inpatient,No,Under Treatment
P103906,H057,ICU,2025-12-24,2026-01-01,Emergency,No,Transferred
P103907,H092,ICU,2026-02-09,2026-02-19,Outpatient,Yes,Recovered
P103908,H085,Dermatology,2025-04-18,2025-04-19,Outpatient,No,Recovered
P103909,H047,ICU,2025-04-06,2025-04-09,Inpatient,Yes,Recovered
P103910,H043,General Medicine,2026-01-05,2026-01-11,Outpatient,No,Under Treatment
P103911,H045,Cardiology,2025-04-30,2025-05-08,Emergency,Yes,Transferred
P103912,H035,General Medicine,2025-07-15,2025-07-25,Inpatient,Yes,Recovered
P103913,H011,Oncology,2025-12-05,2025-12-08,Outpatient,Yes,Recovered
P103914,H007,Pediatrics,2025-12-15,2025-12-17,Inpatient,Yes,Under Treatment
P103915,H050,Cardiology,2025-09-09,2025-09-12,Outpatient,Yes,Recovered
P103916,H048,Oncology,2025-12-23,2025-12-29,Inpatient,No,Recovered
P103917,H006,Oncology,2025-03-06,2025-03-07,Emergency,Yes,Recovered
P103918,H035,Dermatology,2025-10-31,2025-11-10,Outpatient,No,Under Treatment
P103919,H017,Neurology,2026-04-14,2026-04-21,Inpatient,Yes,Transferred
P103920,H017,Orthopedics,2025-04-11,2025-04-12,Outpatient,No,Recovered
P103921,H047,Orthopedics,2025-08-24,2025-08-31,Day Care,No,Under Treatment
P103922,H087,ICU,2026-02-19,2026-02-28,Outpatient,No,Recovered
P103923,H097,Orthopedics,2026-02-24,2026-02-28,Outpatient,No,Transferred
P103924,H089,Radiology,2025-07-02,2025-07-11,Emergency,No,Transferred
P103925,H023,Pediatrics,2026-02-26,2026-03-07,Outpatient,No,Under Treatment
P103926,H014,General Medicine,2026-04-17,2026-04-24,Emergency,Yes,Under Treatment
P103927,H072,Orthopedics,2025-09-22,2025-09-23,Day Care,Yes,Recovered
P103928,H055,Orthopedics,2025-05-18,2025-05-23,Emergency,Yes,Recovered
P103929,H038,Emergency,2025-02-11,2025-02-17,Day Care,Yes,Recovered
P103930,H071,Emergency,2026-01-06,2026-01-14,Emergency,No,Recovered
P103931,H086,Cardiology,2025-09-24,2025-09-30,Outpatient,Yes,Transferred
P103932,H084,ICU,2025-11-08,2025-11-09,Emergency,Yes,Under Treatment
P103933,H054,Oncology,2025-11-16,2025-11-20,Outpatient,No,Recovered
P103934,H048,ICU,2025-07-14,2025-07-24,Outpatient,No,Transferred
P103935,H048,Dermatology,2025-04-27,2025-04-30,Emergency,Yes,Under Treatment
P103936,H089,Oncology,2025-03-26,2025-03-27,Emergency,Yes,Transferred
P103937,H048,Emergency,2025-10-12,2025-10-20,Emergency,No,Under Treatment
P103938,H084,Radiology,2025-06-28,2025-07-08,Outpatient,No,Transferred
P103939,H028,Oncology,2026-05-14,2026-05-19,Outpatient,No,Under Treatment
P103940,H056,Oncology,2026-04-28,2026-04-29,Inpatient,Yes,Recovered
P103941,H093,Radiology,2025-07-17,2025-07-18,Emergency,No,Transferred
P103942,H095,Cardiology,2026-04-01,2026-04-05,Day Care,Yes,Under Treatment
P103943,H058,Orthopedics,2026-04-10,2026-04-18,Emergency,Yes,Recovered
P103944,H002,Oncology,2025-08-28,2025-09-03,Emergency,No,Under Treatment
P103945,H036,Cardiology,2025-07-03,2025-07-09,Inpatient,Yes,Recovered
P103946,H092,Neurology,2025-09-26,2025-10-03,Outpatient,Yes,Under Treatment
P103947,H043,Oncology,2025-06-17,2025-06-25,Inpatient,Yes,Transferred
P103948,H100,Emergency,2025-09-20,2025-09-20,Emergency,Yes,Transferred
P103949,H054,ICU,2025-01-15,2025-01-18,Outpatient,No,Under Treatment
P103950,H004,Emergency,2025-01-14,2025-01-21,Inpatient,Yes,Recovered
P103951,H071,General Medicine,2026-02-16,2026-02-26,Emergency,No,Under Treatment
P103952,H082,Orthopedics,2025-04-30,2025-05-10,Emergency,Yes,Transferred
P103953,H083,Oncology,2026-01-25,2026-01-28,Emergency,No,Recovered
P103954,H067,Dermatology,2026-01-26,2026-02-02,Outpatient,No,Transferred
P103955,H038,Radiology,2025-08-14,2025-08-18,Day Care,Yes,Recovered
P103956,H086,Neurology,2025-11-25,2025-11-25,Emergency,Yes,Under Treatment
P103957,H091,Dermatology,2025-01-28,2025-01-29,Day Care,Yes,Transferred
P103958,H067,Radiology,2025-06-30,2025-07-01,Emergency,No,Recovered
P103959,H007,Orthopedics,2025-06-11,2025-06-14,Inpatient,Yes,Under Treatment
P103960,H097,ICU,2026-03-07,2026-03-17,Emergency,Yes,Recovered
P103961,H083,Pediatrics,2025-06-06,2025-06-15,Inpatient,No,Under Treatment
P103962,H092,Pediatrics,2025-01-02,2025-01-03,Day Care,No,Transferred
P103963,H079,ICU,2025-01-11,2025-01-14,Emergency,No,Transferred
P103964,H079,Orthopedics,2025-06-10,2025-06-13,Inpatient,No,Under Treatment
P103965,H095,Neurology,2025-04-08,2025-04-13,Emergency,Yes,Recovered
P103966,H085,Oncology,2026-02-07,2026-02-17,Emergency,Yes,Recovered
P103967,H072,Dermatology,2026-01-04,2026-01-07,Day Care,No,Transferred
P103968,H080,General Medicine,2025-11-18,2025-11-24,Inpatient,No,Under Treatment
P103969,H052,Oncology,2026-01-30,2026-02-03,Outpatient,Yes,Transferred
P103970,H058,Emergency,2025-09-22,2025-09-29,Emergency,Yes,Recovered
P103971,H062,General Medicine,2025-08-13,2025-08-23,Outpatient,No,Recovered
P103972,H098,Neurology,2025-10-09,2025-10-13,Inpatient,No,Transferred
P103973,H033,ICU,2025-06-12,2025-06-20,Emergency,Yes,Recovered
P103974,H054,Oncology,2025-02-23,2025-03-02,Outpatient,No,Under Treatment
P103975,H097,Radiology,2025-05-30,2025-06-01,Outpatient,Yes,Under Treatment
P103976,H078,Neurology,2025-05-28,2025-05-31,Inpatient,No,Recovered
P103977,H087,Dermatology,2025-08-14,2025-08-14,Day Care,Yes,Under Treatment
P103978,H096,Cardiology,2025-03-20,2025-03-30,Inpatient,Yes,Under Treatment
P103979,H100,Emergency,2025-05-26,2025-06-04,Outpatient,No,Recovered
P103980,H079,Oncology,2025-02-12,2025-02-20,Outpatient,Yes,Recovered
P103981,H066,Oncology,2025-03-30,2025-04-07,Inpatient,Yes,Recovered
P103982,H070,Pediatrics,2026-03-13,2026-03-13,Inpatient,No,Under Treatment
P103983,H018,Oncology,2026-03-15,2026-03-25,Outpatient,Yes,Under Treatment
P103984,H028,Orthopedics,2026-02-12,2026-02-16,Inpatient,Yes,Recovered
P103985,H082,Cardiology,2025-12-15,2025-12-17,Outpatient,No,Under Treatment
P103986,H089,Neurology,2025-08-02,2025-08-05,Outpatient,No,Transferred
P103987,H028,Pediatrics,2025-04-04,2025-04-14,Inpatient,Yes,Transferred
P103988,H048,General Medicine,2025-12-23,2026-01-01,Inpatient,Yes,Under Treatment
P103989,H069,Emergency,2025-03-04,2025-03-04,Outpatient,Yes,Under Treatment
P103990,H088,ICU,2025-03-18,2025-03-25,Inpatient,Yes,Transferred
P103991,H033,Neurology,2025-10-01,2025-10-11,Emergency,No,Recovered
P103992,H091,Pediatrics,2025-04-18,2025-04-26,Inpatient,No,Transferred
P103993,H046,Pediatrics,2026-05-07,2026-05-07,Emergency,No,Under Treatment
P103994,H081,ICU,2025-10-13,2025-10-19,Emergency,No,Transferred
P103995,H019,Oncology,2025-05-27,2025-06-02,Emergency,Yes,Transferred
P103996,H022,Emergency,2025-02-16,2025-02-26,Outpatient,No,Recovered
P103997,H079,Neurology,2025-12-02,2025-12-08,Outpatient,No,Transferred
P103998,H069,Emergency,2025-07-10,2025-07-17,Emergency,Yes,Under Treatment
P103999,H009,Pediatrics,2025-10-11,2025-10-11,Inpatient,Yes,Recovered
P104000,H052,Orthopedics,2025-04-30,2025-05-10,Outpatient,Yes,Recovered
P104001,H080,Oncology,2025-02-12,2025-02-21,Outpatient,Yes,Recovered
P104002,H017,Cardiology,2025-08-17,2025-08-26,Inpatient,No,Transferred
P104003,H058,Emergency,2026-03-11,2026-03-20,Emergency,Yes,Recovered
P104004,H095,General Medicine,2026-01-18,2026-01-28,Inpatient,No,Transferred
P104005,H040,Neurology,2026-01-11,2026-01-12,Day Care,Yes,Transferred
P104006,H021,Emergency,2026-04-02,2026-04-02,Emergency,No,Transferred
P104007,H056,Orthopedics,2025-11-14,2025-11-22,Inpatient,No,Under Treatment
P104008,H067,Emergency,2025-06-27,2025-07-05,Emergency,Yes,Transferred
P104009,H082,Neurology,2026-05-11,2026-05-18,Day Care,No,Recovered
P104010,H032,Oncology,2025-01-09,2025-01-11,Inpatient,Yes,Recovered
P104011,H045,Neurology,2025-03-21,2025-03-28,Inpatient,Yes,Recovered
P104012,H075,General Medicine,2026-01-25,2026-01-29,Emergency,No,Transferred
P104013,H018,Pediatrics,2025-11-21,2025-11-29,Outpatient,No,Transferred
P104014,H018,Emergency,2025-05-24,2025-05-27,Inpatient,No,Recovered
P104015,H050,Emergency,2025-03-07,2025-03-12,Outpatient,No,Transferred
P104016,H076,Neurology,2025-01-08,2025-01-11,Emergency,Yes,Transferred
P104017,H093,Neurology,2025-07-08,2025-07-12,Emergency,No,Under Treatment
P104018,H092,Dermatology,2025-06-20,2025-06-28,Inpatient,No,Under Treatment
P104019,H001,Neurology,2025-03-25,2025-03-25,Outpatient,Yes,Recovered
P104020,H009,Oncology,2026-04-08,2026-04-11,Emergency,No,Recovered
P104021,H016,Oncology,2026-01-31,2026-02-05,Emergency,Yes,Under Treatment
P104022,H031,General Medicine,2025-05-20,2025-05-22,Outpatient,No,Recovered
P104023,H013,Radiology,2025-12-06,2025-12-12,Inpatient,No,Recovered
P104024,H002,Neurology,2025-06-06,2025-06-16,Inpatient,Yes,Recovered
P104025,H006,Dermatology,2026-05-08,2026-05-12,Inpatient,No,Transferred
P104026,H061,Dermatology,2026-04-08,2026-04-16,Emergency,No,Transferred
P104027,H088,Dermatology,2025-01-31,2025-02-07,Day Care,Yes,Under Treatment
P104028,H040,Cardiology,2025-05-19,2025-05-21,Inpatient,Yes,Transferred
P104029,H092,Emergency,2025-04-22,2025-04-26,Inpatient,Yes,Transferred
P104030,H052,Emergency,2025-04-21,2025-04-22,Outpatient,Yes,Recovered
P104031,H099,Radiology,2025-04-10,2025-04-16,Inpatient,No,Under Treatment
P104032,H070,Pediatrics,2025-05-15,2025-05-25,Outpatient,No,Under Treatment
P104033,H063,Pediatrics,2025-11-29,2025-12-03,Emergency,Yes,Recovered
P104034,H018,Pediatrics,2026-01-27,2026-01-28,Day Care,No,Under Treatment
P104035,H097,Neurology,2026-02-14,2026-02-24,Day Care,No,Under Treatment
P104036,H082,Dermatology,2026-03-07,2026-03-14,Inpatient,No,Transferred
P104037,H090,Pediatrics,2026-01-09,2026-01-09,Inpatient,Yes,Under Treatment
P104038,H036,Dermatology,2025-02-10,2025-02-13,Outpatient,No,Recovered
P104039,H073,Pediatrics,2025-08-27,2025-08-29,Day Care,Yes,Recovered
P104040,H050,Emergency,2025-02-04,2025-02-09,Day Care,No,Transferred
P104041,H012,ICU,2025-08-25,2025-08-29,Outpatient,No,Transferred
P104042,H083,Neurology,2026-05-11,2026-05-14,Day Care,No,Under Treatment
P104043,H031,Cardiology,2026-05-02,2026-05-03,Day Care,No,Under Treatment
P104044,H048,Orthopedics,2025-10-17,2025-10-27,Day Care,No,Under Treatment
P104045,H021,Pediatrics,2025-11-21,2025-11-24,Emergency,No,Recovered
P104046,H011,Pediatrics,2025-11-10,2025-11-12,Day Care,Yes,Recovered
P104047,H021,Oncology,2025-11-12,2025-11-19,Emergency,Yes,Under Treatment
P104048,H080,Cardiology,2025-07-19,2025-07-25,Inpatient,No,Transferred
P104049,H031,Oncology,2025-05-26,2025-05-29,Inpatient,No,Transferred
P104050,H094,Dermatology,2026-04-27,2026-05-04,Day Care,No,Transferred
P104051,H083,Neurology,2026-03-28,2026-04-02,Day Care,No,Recovered
P104052,H053,Radiology,2026-02-09,2026-02-19,Inpatient,Yes,Under Treatment
P104053,H012,Orthopedics,2026-05-11,2026-05-21,Inpatient,Yes,Recovered
P104054,H039,Emergency,2025-02-05,2025-02-13,Inpatient,Yes,Recovered
P104055,H079,General Medicine,2026-05-11,2026-05-13,Emergency,Yes,Recovered
P104056,H040,Emergency,2025-07-24,2025-07-29,Emergency,No,Recovered
P104057,H023,General Medicine,2025-03-05,2025-03-15,Day Care,Yes,Under Treatment
P104058,H030,Oncology,2025-06-19,2025-06-28,Emergency,No,Transferred
P104059,H090,Dermatology,2025-10-21,2025-10-28,Inpatient,No,Under Treatment
P104060,H086,Oncology,2025-09-20,2025-09-25,Day Care,No,Under Treatment
P104061,H039,ICU,2025-03-25,2025-04-02,Outpatient,No,Recovered
P104062,H070,Emergency,2026-03-18,2026-03-21,Day Care,No,Under Treatment
P104063,H006,Dermatology,2026-04-26,2026-04-28,Outpatient,No,Recovered
P104064,H047,ICU,2025-10-03,2025-10-10,Day Care,No,Recovered
P104065,H080,General Medicine,2026-02-21,2026-03-02,Day Care,Yes,Transferred
P104066,H053,Dermatology,2026-03-15,2026-03-18,Day Care,No,Transferred
P104067,H070,Oncology,2025-05-06,2025-05-15,Emergency,Yes,Transferred
P104068,H041,Emergency,2025-09-07,2025-09-09,Emergency,Yes,Under Treatment
P104069,H031,Neurology,2026-04-13,2026-04-16,Emergency,Yes,Recovered
P104070,H090,Oncology,2025-01-24,2025-01-31,Outpatient,No,Transferred
P104071,H011,ICU,2026-04-19,2026-04-19,Day Care,Yes,Recovered
P104072,H083,General Medicine,2025-01-26,2025-02-01,Emergency,Yes,Recovered
P104073,H097,Orthopedics,2026-05-03,2026-05-11,Inpatient,No,Recovered
P104074,H025,General Medicine,2025-04-27,2025-04-27,Emergency,Yes,Transferred
P104075,H064,Dermatology,2025-06-05,2025-06-06,Day Care,Yes,Recovered
P104076,H030,Oncology,2025-07-10,2025-07-12,Outpatient,Yes,Recovered
P104077,H086,ICU,2025-09-10,2025-09-15,Day Care,No,Transferred
P104078,H048,General Medicine,2025-03-24,2025-03-29,Day Care,No,Recovered
P104079,H029,Radiology,2026-02-10,2026-02-17,Outpatient,Yes,Transferred
P104080,H031,Dermatology,2025-04-22,2025-04-26,Emergency,Yes,Recovered
P104081,H029,Dermatology,2025-11-21,2025-11-26,Inpatient,No,Transferred
P104082,H069,Radiology,2025-09-26,2025-10-03,Inpatient,Yes,Under Treatment
P104083,H045,Cardiology,2025-05-05,2025-05-15,Emergency,No,Recovered
P104084,H026,Oncology,2025-07-21,2025-07-26,Inpatient,Yes,Recovered
P104085,H096,Cardiology,2025-11-06,2025-11-12,Day Care,No,Under Treatment
P104086,H024,Neurology,2025-08-06,2025-08-08,Emergency,No,Under Treatment
P104087,H044,Radiology,2025-10-03,2025-10-11,Emergency,Yes,Transferred
P104088,H059,ICU,2025-10-14,2025-10-19,Inpatient,Yes,Under Treatment
P104089,H084,Oncology,2025-02-02,2025-02-02,Emergency,No,Recovered
P104090,H054,ICU,2026-02-26,2026-02-28,Emergency,No,Under Treatment
P104091,H011,ICU,2025-10-26,2025-11-01,Emergency,No,Recovered
P104092,H074,Neurology,2026-01-14,2026-01-14,Emergency,Yes,Recovered
P104093,H055,ICU,2025-08-02,2025-08-12,Day Care,No,Recovered
P104094,H067,Orthopedics,2025-03-27,2025-04-02,Emergency,No,Under Treatment
P104095,H099,Dermatology,2025-11-01,2025-11-11,Outpatient,Yes,Recovered
P104096,H018,Dermatology,2025-11-28,2025-12-07,Outpatient,Yes,Under Treatment
P104097,H046,Orthopedics,2025-05-06,2025-05-06,Inpatient,No,Recovered
P104098,H055,Oncology,2025-11-21,2025-11-26,Outpatient,Yes,Transferred
P104099,H030,Neurology,2025-10-19,2025-10-23,Day Care,No,Under Treatment
P104100,H059,Pediatrics,2026-04-07,2026-04-16,Inpatient,No,Transferred
P104101,H088,General Medicine,2025-06-05,2025-06-11,Outpatient,No,Under Treatment
P104102,H029,Neurology,2025-05-31,2025-06-03,Emergency,No,Recovered
P104103,H031,Pediatrics,2025-02-08,2025-02-09,Emergency,No,Recovered
P104104,H046,Dermatology,2026-02-16,2026-02-21,Emergency,Yes,Recovered
P104105,H065,Cardiology,2025-12-12,2025-12-21,Emergency,Yes,Recovered
P104106,H044,ICU,2025-04-19,2025-04-23,Inpatient,Yes,Under Treatment
P104107,H040,Oncology,2025-08-21,2025-08-25,Inpatient,No,Recovered
P104108,H012,Pediatrics,2025-06-13,2025-06-20,Emergency,Yes,Recovered
P104109,H076,ICU,2025-12-11,2025-12-12,Emergency,No,Transferred
P104110,H100,Oncology,2025-01-09,2025-01-15,Day Care,Yes,Under Treatment
P104111,H025,Neurology,2025-04-05,2025-04-09,Day Care,No,Recovered
P104112,H095,Cardiology,2025-09-07,2025-09-09,Outpatient,No,Transferred
P104113,H019,Neurology,2025-06-10,2025-06-17,Outpatient,Yes,Recovered
P104114,H034,General Medicine,2025-10-09,2025-10-18,Day Care,No,Transferred
P104115,H047,Dermatology,2025-08-01,2025-08-09,Emergency,Yes,Recovered
P104116,H071,Dermatology,2026-01-03,2026-01-05,Day Care,No,Transferred
P104117,H076,Dermatology,2025-11-09,2025-11-09,Emergency,No,Under Treatment
P104118,H017,Cardiology,2026-05-04,2026-05-06,Outpatient,No,Recovered
P104119,H098,General Medicine,2025-08-19,2025-08-25,Day Care,No,Transferred
P104120,H056,Radiology,2025-04-21,2025-05-01,Inpatient,No,Under Treatment
P104121,H070,Pediatrics,2025-03-05,2025-03-12,Inpatient,No,Transferred
P104122,H079,Oncology,2026-05-07,2026-05-15,Emergency,Yes,Under Treatment
P104123,H094,Dermatology,2025-01-04,2025-01-11,Day Care,No,Recovered
P104124,H048,Orthopedics,2025-01-14,2025-01-17,Emergency,Yes,Under Treatment
P104125,H029,Oncology,2025-09-27,2025-10-03,Inpatient,No,Transferred
P104126,H068,Pediatrics,2025-06-08,2025-06-17,Day Care,No,Recovered
P104127,H016,Emergency,2025-07-07,2025-07-17,Outpatient,No,Under Treatment
P104128,H001,Cardiology,2025-11-27,2025-12-03,Outpatient,Yes,Under Treatment
P104129,H020,Dermatology,2025-01-30,2025-02-01,Emergency,No,Recovered
P104130,H057,Oncology,2025-04-03,2025-04-07,Day Care,No,Transferred
P104131,H074,Dermatology,2025-10-04,2025-10-05,Emergency,No,Recovered
P104132,H082,Radiology,2025-09-04,2025-09-08,Outpatient,No,Recovered
P104133,H019,Neurology,2025-11-10,2025-11-17,Inpatient,Yes,Recovered
P104134,H054,Emergency,2026-04-04,2026-04-08,Outpatient,Yes,Recovered
P104135,H040,General Medicine,2025-08-05,2025-08-08,Emergency,Yes,Transferred
P104136,H100,Orthopedics,2025-02-21,2025-02-24,Day Care,No,Under Treatment
P104137,H040,Neurology,2025-11-25,2025-12-02,Inpatient,No,Transferred
P104138,H066,ICU,2026-01-17,2026-01-26,Inpatient,No,Recovered
P104139,H032,General Medicine,2025-05-09,2025-05-14,Day Care,No,Transferred
P104140,H071,Oncology,2025-02-15,2025-02-21,Outpatient,No,Under Treatment
P104141,H036,Emergency,2026-02-11,2026-02-19,Outpatient,Yes,Under Treatment
P104142,H006,Pediatrics,2025-05-27,2025-06-05,Inpatient,No,Under Treatment
P104143,H015,Orthopedics,2025-04-20,2025-04-30,Day Care,No,Recovered
P104144,H076,Radiology,2025-11-03,2025-11-09,Inpatient,Yes,Under Treatment
P104145,H054,Cardiology,2025-12-02,2025-12-09,Inpatient,No,Under Treatment
P104146,H075,Cardiology,2025-04-22,2025-04-25,Outpatient,No,Recovered
P104147,H014,Orthopedics,2026-02-12,2026-02-22,Emergency,Yes,Under Treatment
P104148,H098,Radiology,2025-08-13,2025-08-19,Outpatient,No,Transferred
P104149,H086,Neurology,2026-04-20,2026-04-23,Inpatient,No,Under Treatment
P104150,H008,General Medicine,2025-06-16,2025-06-20,Outpatient,No,Recovered
P104151,H016,Orthopedics,2026-02-01,2026-02-09,Outpatient,No,Recovered
P104152,H012,ICU,2025-05-30,2025-06-01,Inpatient,Yes,Transferred
P104153,H066,General Medicine,2025-08-28,2025-08-28,Day Care,No,Transferred
P104154,H007,Orthopedics,2025-12-11,2025-12-15,Emergency,No,Recovered
P104155,H008,Dermatology,2025-09-28,2025-09-29,Emergency,Yes,Under Treatment
P104156,H048,Pediatrics,2025-10-02,2025-10-02,Emergency,Yes,Recovered
P104157,H092,Dermatology,2025-09-23,2025-09-28,Inpatient,No,Under Treatment
P104158,H048,Cardiology,2025-06-12,2025-06-14,Outpatient,No,Transferred
P104159,H016,Cardiology,2025-08-21,2025-08-24,Day Care,Yes,Recovered
P104160,H068,General Medicine,2025-03-07,2025-03-09,Emergency,No,Transferred
P104161,H050,ICU,2025-11-25,2025-11-29,Emergency,Yes,Transferred
P104162,H026,Pediatrics,2026-03-06,2026-03-10,Day Care,Yes,Recovered
P104163,H031,Pediatrics,2025-01-13,2025-01-20,Inpatient,Yes,Transferred
P104164,H083,Radiology,2026-05-09,2026-05-11,Day Care,Yes,Recovered
P104165,H065,General Medicine,2026-01-25,2026-01-25,Outpatient,Yes,Transferred
P104166,H041,Dermatology,2025-01-07,2025-01-16,Day Care,Yes,Transferred
P104167,H081,General Medicine,2025-03-15,2025-03-19,Inpatient,No,Under Treatment
P104168,H038,Pediatrics,2025-02-18,2025-02-19,Inpatient,No,Under Treatment
P104169,H034,Dermatology,2026-01-29,2026-02-04,Emergency,No,Under Treatment
P104170,H070,Dermatology,2025-12-10,2025-12-17,Inpatient,No,Under Treatment
P104171,H039,Dermatology,2025-07-14,2025-07-19,Emergency,No,Under Treatment
P104172,H007,Cardiology,2026-03-09,2026-03-09,Inpatient,No,Recovered
P104173,H048,Cardiology,2026-03-30,2026-03-31,Emergency,Yes,Transferred
P104174,H068,Pediatrics,2025-03-13,2025-03-22,Inpatient,No,Under Treatment
P104175,H075,Radiology,2025-09-26,2025-09-29,Inpatient,Yes,Under Treatment
P104176,H004,Radiology,2025-02-28,2025-03-07,Inpatient,Yes,Under Treatment
P104177,H004,Orthopedics,2026-01-08,2026-01-16,Inpatient,Yes,Recovered
P104178,H032,Orthopedics,2025-09-02,2025-09-10,Inpatient,Yes,Recovered
P104179,H073,Neurology,2026-03-13,2026-03-17,Outpatient,No,Transferred
P104180,H027,ICU,2026-03-10,2026-03-16,Day Care,Yes,Under Treatment
P104181,H038,Dermatology,2026-02-13,2026-02-23,Emergency,No,Transferred
P104182,H071,Orthopedics,2025-02-10,2025-02-10,Day Care,Yes,Under Treatment
P104183,H070,Pediatrics,2026-03-30,2026-03-30,Outpatient,No,Transferred
P104184,H027,ICU,2026-03-07,2026-03-16,Day Care,No,Recovered
P104185,H026,ICU,2025-06-06,2025-06-12,Day Care,No,Recovered
P104186,H099,General Medicine,2025-04-15,2025-04-22,Day Care,Yes,Under Treatment
P104187,H073,ICU,2025-08-31,2025-09-04,Inpatient,No,Transferred
P104188,H075,Emergency,2026-04-14,2026-04-21,Day Care,Yes,Recovered
P104189,H072,General Medicine,2025-07-11,2025-07-16,Outpatient,Yes,Recovered
P104190,H017,Pediatrics,2026-02-17,2026-02-23,Inpatient,No,Recovered
P104191,H019,Orthopedics,2026-02-28,2026-03-05,Inpatient,No,Under Treatment
P104192,H066,Pediatrics,2026-03-05,2026-03-14,Emergency,Yes,Recovered
P104193,H001,ICU,2025-07-06,2025-07-15,Day Care,No,Under Treatment
P104194,H018,General Medicine,2025-09-02,2025-09-10,Emergency,Yes,Under Treatment
P104195,H047,Oncology,2025-08-25,2025-09-04,Day Care,Yes,Recovered
P104196,H093,Neurology,2025-07-18,2025-07-20,Outpatient,Yes,Transferred
P104197,H046,Radiology,2026-02-03,2026-02-05,Emergency,No,Transferred
P104198,H088,Emergency,2025-09-18,2025-09-18,Day Care,No,Transferred
P104199,H034,Orthopedics,2025-02-12,2025-02-16,Emergency,Yes,Transferred
P104200,H087,Radiology,2025-11-06,2025-11-10,Day Care,No,Transferred
P104201,H040,Neurology,2025-06-26,2025-06-26,Day Care,No,Under Treatment
P104202,H042,Emergency,2025-03-15,2025-03-21,Day Care,Yes,Transferred
P104203,H100,Orthopedics,2026-02-11,2026-02-19,Day Care,Yes,Transferred
P104204,H078,Pediatrics,2025-05-13,2025-05-17,Outpatient,No,Under Treatment
P104205,H072,Radiology,2025-10-21,2025-10-27,Outpatient,No,Transferred
P104206,H067,Pediatrics,2025-07-16,2025-07-17,Inpatient,Yes,Under Treatment
P104207,H034,ICU,2026-03-23,2026-03-24,Outpatient,Yes,Under Treatment
P104208,H018,Dermatology,2025-12-10,2025-12-19,Inpatient,Yes,Recovered
P104209,H027,Radiology,2025-03-10,2025-03-10,Emergency,No,Recovered
P104210,H045,Cardiology,2026-03-15,2026-03-20,Day Care,No,Under Treatment
P104211,H019,Neurology,2025-05-14,2025-05-23,Day Care,No,Recovered
P104212,H009,Cardiology,2025-08-05,2025-08-15,Day Care,No,Transferred
P104213,H060,Oncology,2025-04-30,2025-05-07,Day Care,Yes,Transferred
P104214,H050,Cardiology,2025-08-10,2025-08-19,Emergency,Yes,Recovered
P104215,H089,Orthopedics,2025-03-19,2025-03-21,Emergency,No,Recovered
P104216,H081,Emergency,2025-10-12,2025-10-16,Inpatient,No,Under Treatment
P104217,H037,Dermatology,2026-03-31,2026-04-07,Emergency,No,Under Treatment
P104218,H033,Cardiology,2025-02-28,2025-03-08,Inpatient,No,Transferred
P104219,H067,Neurology,2026-04-27,2026-04-30,Inpatient,Yes,Recovered
P104220,H030,ICU,2025-07-19,2025-07-29,Inpatient,No,Under Treatment
P104221,H095,Pediatrics,2026-01-09,2026-01-18,Outpatient,Yes,Transferred
P104222,H016,Neurology,2026-04-04,2026-04-14,Day Care,No,Transferred
P104223,H034,Radiology,2026-04-18,2026-04-25,Outpatient,Yes,Recovered
P104224,H082,Emergency,2025-05-18,2025-05-19,Inpatient,No,Recovered
P104225,H019,Radiology,2025-03-10,2025-03-19,Outpatient,No,Under Treatment
P104226,H045,Dermatology,2025-08-31,2025-09-03,Outpatient,No,Under Treatment
P104227,H062,Neurology,2025-08-30,2025-09-09,Day Care,No,Recovered
P104228,H024,Pediatrics,2025-09-16,2025-09-19,Inpatient,Yes,Recovered
P104229,H052,Neurology,2025-12-13,2025-12-18,Emergency,Yes,Under Treatment
P104230,H027,Radiology,2026-01-11,2026-01-18,Emergency,Yes,Under Treatment
P104231,H020,Emergency,2026-03-19,2026-03-24,Day Care,No,Transferred
P104232,H011,ICU,2026-04-21,2026-04-22,Outpatient,No,Under Treatment
P104233,H043,Pediatrics,2025-02-18,2025-02-18,Day Care,No,Transferred
P104234,H066,ICU,2025-09-23,2025-10-01,Outpatient,No,Transferred
P104235,H019,ICU,2025-12-21,2025-12-29,Inpatient,No,Recovered
P104236,H075,Neurology,2025-02-05,2025-02-06,Day Care,Yes,Recovered
P104237,H099,General Medicine,2025-03-01,2025-03-03,Emergency,No,Transferred
P104238,H022,ICU,2025-01-26,2025-01-30,Outpatient,No,Transferred
P104239,H018,Oncology,2025-12-09,2025-12-11,Inpatient,No,Transferred
P104240,H012,Pediatrics,2026-03-16,2026-03-24,Inpatient,Yes,Transferred
P104241,H075,Pediatrics,2026-01-17,2026-01-24,Emergency,Yes,Transferred
P104242,H030,Emergency,2025-01-28,2025-02-03,Day Care,No,Transferred
P104243,H006,Pediatrics,2025-06-23,2025-06-25,Outpatient,No,Under Treatment
P104244,H094,Dermatology,2025-03-10,2025-03-13,Outpatient,Yes,Recovered
P104245,H048,Cardiology,2025-04-04,2025-04-09,Inpatient,Yes,Under Treatment
P104246,H099,Dermatology,2025-05-15,2025-05-21,Outpatient,Yes,Transferred
P104247,H030,Radiology,2026-02-27,2026-03-07,Emergency,Yes,Under Treatment
P104248,H068,Oncology,2025-08-05,2025-08-13,Inpatient,No,Transferred
P104249,H089,General Medicine,2026-02-15,2026-02-21,Emergency,No,Transferred
P104250,H041,Dermatology,2026-01-31,2026-02-03,Emergency,Yes,Recovered
P104251,H067,ICU,2025-09-04,2025-09-05,Outpatient,Yes,Under Treatment
P104252,H020,Orthopedics,2025-12-08,2025-12-15,Inpatient,Yes,Recovered
P104253,H074,Orthopedics,2025-11-27,2025-12-07,Outpatient,No,Transferred
P104254,H031,Radiology,2025-12-03,2025-12-06,Outpatient,Yes,Transferred
P104255,H098,Cardiology,2025-02-07,2025-02-16,Outpatient,Yes,Transferred
P104256,H085,Neurology,2026-04-19,2026-04-28,Day Care,No,Under Treatment
P104257,H093,Cardiology,2025-04-26,2025-04-27,Inpatient,No,Recovered
P104258,H093,Radiology,2025-03-02,2025-03-10,Inpatient,Yes,Recovered
P104259,H041,Emergency,2025-12-03,2025-12-06,Day Care,No,Transferred
P104260,H029,Neurology,2025-03-21,2025-03-29,Emergency,No,Under Treatment
P104261,H077,Pediatrics,2025-05-06,2025-05-09,Inpatient,No,Under Treatment
P104262,H081,Orthopedics,2025-02-11,2025-02-17,Day Care,No,Under Treatment
P104263,H033,Pediatrics,2026-03-07,2026-03-12,Inpatient,No,Under Treatment
P104264,H033,Orthopedics,2026-03-22,2026-03-23,Day Care,No,Under Treatment
P104265,H093,Emergency,2025-01-15,2025-01-15,Emergency,No,Transferred
P104266,H022,ICU,2025-09-12,2025-09-17,Outpatient,No,Transferred
P104267,H078,Orthopedics,2025-10-12,2025-10-21,Day Care,No,Under Treatment
P104268,H010,Cardiology,2026-03-13,2026-03-19,Outpatient,Yes,Recovered
P104269,H062,Orthopedics,2025-02-19,2025-02-27,Outpatient,No,Under Treatment
P104270,H045,Emergency,2026-01-06,2026-01-11,Outpatient,Yes,Recovered
P104271,H067,Neurology,2025-01-15,2025-01-23,Day Care,No,Recovered
P104272,H080,Pediatrics,2025-12-08,2025-12-11,Outpatient,Yes,Transferred
P104273,H060,Pediatrics,2025-10-24,2025-10-27,Emergency,No,Under Treatment
P104274,H040,Neurology,2025-01-03,2025-01-12,Day Care,No,Under Treatment
P104275,H061,Radiology,2025-12-07,2025-12-13,Day Care,No,Recovered
P104276,H072,Radiology,2026-04-03,2026-04-03,Outpatient,No,Transferred
P104277,H090,Orthopedics,2025-08-20,2025-08-26,Outpatient,Yes,Recovered
P104278,H060,Radiology,2025-01-19,2025-01-26,Day Care,Yes,Recovered
P104279,H085,Cardiology,2025-12-09,2025-12-18,Day Care,No,Under Treatment
P104280,H038,Neurology,2025-08-06,2025-08-08,Inpatient,Yes,Recovered
P104281,H046,Dermatology,2025-03-05,2025-03-10,Day Care,Yes,Recovered
P104282,H040,Emergency,2025-01-16,2025-01-21,Day Care,Yes,Transferred
P104283,H003,ICU,2025-01-14,2025-01-19,Inpatient,Yes,Transferred
P104284,H012,General Medicine,2026-02-27,2026-03-02,Day Care,Yes,Transferred
P104285,H086,Cardiology,2025-01-10,2025-01-18,Inpatient,Yes,Recovered
P104286,H084,Orthopedics,2025-10-07,2025-10-10,Outpatient,Yes,Recovered
P104287,H052,ICU,2025-06-29,2025-07-05,Emergency,Yes,Transferred
P104288,H041,General Medicine,2025-02-05,2025-02-14,Day Care,Yes,Recovered
P104289,H073,Oncology,2025-02-22,2025-02-24,Emergency,Yes,Under Treatment
P104290,H100,Orthopedics,2025-11-27,2025-11-29,Day Care,Yes,Transferred
P104291,H057,Emergency,2025-05-05,2025-05-11,Day Care,Yes,Transferred
P104292,H025,General Medicine,2026-01-28,2026-02-06,Emergency,No,Transferred
P104293,H022,Pediatrics,2025-11-11,2025-11-21,Inpatient,No,Transferred
P104294,H093,Neurology,2025-04-23,2025-04-25,Outpatient,No,Recovered
P104295,H046,Emergency,2025-07-08,2025-07-15,Emergency,Yes,Under Treatment
P104296,H090,Pediatrics,2026-01-10,2026-01-15,Emergency,Yes,Under Treatment
P104297,H081,Neurology,2026-01-04,2026-01-09,Inpatient,No,Transferred
P104298,H061,Emergency,2025-07-15,2025-07-20,Outpatient,Yes,Under Treatment
P104299,H031,Emergency,2025-07-25,2025-07-31,Emergency,Yes,Under Treatment
P104300,H001,Emergency,2025-06-13,2025-06-17,Day Care,Yes,Recovered
P104301,H066,Cardiology,2025-07-03,2025-07-13,Emergency,Yes,Under Treatment
P104302,H091,Neurology,2026-04-27,2026-04-30,Outpatient,Yes,Transferred
P104303,H081,ICU,2025-08-05,2025-08-05,Inpatient,Yes,Recovered
P104304,H015,Pediatrics,2025-12-16,2025-12-21,Emergency,No,Under Treatment
P104305,H031,Oncology,2026-05-12,2026-05-16,Outpatient,No,Transferred
P104306,H066,Orthopedics,2025-12-11,2025-12-17,Outpatient,Yes,Recovered
P104307,H073,General Medicine,2025-07-29,2025-07-30,Inpatient,No,Recovered
P104308,H046,Dermatology,2026-02-04,2026-02-05,Outpatient,No,Transferred
P104309,H001,Pediatrics,2026-01-10,2026-01-13,Inpatient,Yes,Transferred
P104310,H005,Orthopedics,2025-11-23,2025-11-24,Emergency,Yes,Under Treatment
P104311,H075,Neurology,2026-01-03,2026-01-07,Outpatient,Yes,Transferred
P104312,H012,Radiology,2025-02-22,2025-02-22,Inpatient,Yes,Transferred
P104313,H037,Cardiology,2025-03-26,2025-03-28,Emergency,Yes,Transferred
P104314,H033,Orthopedics,2025-01-06,2025-01-10,Day Care,Yes,Recovered
P104315,H086,Orthopedics,2025-01-11,2025-01-21,Inpatient,Yes,Transferred
P104316,H066,Emergency,2025-10-28,2025-11-04,Inpatient,Yes,Transferred
P104317,H025,Pediatrics,2025-10-17,2025-10-22,Outpatient,Yes,Recovered
P104318,H015,Emergency,2026-04-02,2026-04-08,Inpatient,Yes,Under Treatment
P104319,H045,Cardiology,2026-03-18,2026-03-24,Emergency,No,Transferred
P104320,H049,Oncology,2025-02-18,2025-02-21,Day Care,Yes,Recovered
P104321,H007,Radiology,2026-05-09,2026-05-15,Emergency,No,Recovered
P104322,H038,Cardiology,2025-11-18,2025-11-21,Day Care,Yes,Under Treatment
P104323,H068,Pediatrics,2025-01-19,2025-01-25,Inpatient,No,Under Treatment
P104324,H100,General Medicine,2025-11-26,2025-12-01,Emergency,No,Recovered
P104325,H007,General Medicine,2025-02-21,2025-02-22,Emergency,No,Transferred
P104326,H001,Emergency,2026-04-20,2026-04-22,Inpatient,No,Transferred
P104327,H096,Orthopedics,2025-07-27,2025-07-28,Emergency,No,Under Treatment
P104328,H035,Dermatology,2025-04-28,2025-05-08,Outpatient,Yes,Under Treatment
P104329,H037,Radiology,2025-07-27,2025-08-04,Emergency,No,Recovered
P104330,H070,General Medicine,2025-04-28,2025-05-02,Day Care,Yes,Under Treatment
P104331,H004,Neurology,2025-09-26,2025-10-04,Emergency,No,Transferred
P104332,H089,Cardiology,2025-12-22,2025-12-24,Emergency,Yes,Under Treatment
P104333,H035,Emergency,2025-02-27,2025-03-01,Emergency,No,Recovered
P104334,H016,Emergency,2026-02-22,2026-02-22,Outpatient,No,Recovered
P104335,H100,Dermatology,2026-04-29,2026-05-03,Day Care,Yes,Under Treatment
P104336,H026,Dermatology,2025-01-10,2025-01-10,Day Care,No,Recovered
P104337,H066,Orthopedics,2025-06-16,2025-06-18,Emergency,No,Recovered
P104338,H027,Emergency,2025-12-08,2025-12-09,Inpatient,Yes,Recovered
P104339,H058,Radiology,2025-04-18,2025-04-22,Outpatient,Yes,Transferred
P104340,H056,Dermatology,2025-08-22,2025-08-31,Day Care,Yes,Under Treatment
P104341,H079,General Medicine,2025-11-26,2025-11-30,Emergency,Yes,Recovered
P104342,H004,ICU,2025-10-21,2025-10-28,Emergency,No,Transferred
P104343,H039,Orthopedics,2025-12-26,2026-01-02,Outpatient,Yes,Transferred
P104344,H067,Neurology,2025-07-30,2025-08-02,Inpatient,Yes,Under Treatment
P104345,H067,Emergency,2025-04-02,2025-04-10,Inpatient,No,Under Treatment
P104346,H042,Radiology,2025-04-02,2025-04-08,Day Care,No,Under Treatment
P104347,H067,Radiology,2026-02-03,2026-02-12,Day Care,No,Recovered
P104348,H044,Dermatology,2025-02-16,2025-02-18,Day Care,No,Recovered
P104349,H065,General Medicine,2025-03-15,2025-03-19,Day Care,Yes,Transferred
P104350,H072,ICU,2025-12-26,2026-01-04,Outpatient,Yes,Recovered
P104351,H008,Dermatology,2025-10-12,2025-10-17,Emergency,No,Transferred
P104352,H062,Oncology,2025-10-07,2025-10-07,Inpatient,No,Under Treatment
P104353,H018,Dermatology,2025-11-24,2025-11-26,Day Care,No,Recovered
P104354,H046,ICU,2025-11-20,2025-11-21,Day Care,No,Transferred
P104355,H085,General Medicine,2025-02-09,2025-02-15,Inpatient,No,Recovered
P104356,H098,Emergency,2025-03-01,2025-03-05,Inpatient,No,Recovered
P104357,H043,Emergency,2025-06-29,2025-07-03,Inpatient,Yes,Transferred
P104358,H006,Orthopedics,2025-08-08,2025-08-16,Outpatient,Yes,Recovered
P104359,H044,General Medicine,2025-03-27,2025-03-27,Outpatient,No,Transferred
P104360,H038,Pediatrics,2026-04-07,2026-04-08,Inpatient,No,Transferred
P104361,H076,ICU,2025-12-15,2025-12-25,Inpatient,No,Under Treatment
P104362,H009,Pediatrics,2025-02-06,2025-02-11,Inpatient,No,Transferred
P104363,H045,Radiology,2025-03-09,2025-03-10,Inpatient,No,Recovered
P104364,H065,General Medicine,2025-05-14,2025-05-17,Emergency,No,Under Treatment
P104365,H099,Cardiology,2025-04-10,2025-04-15,Day Care,No,Recovered
P104366,H009,Oncology,2026-03-11,2026-03-20,Day Care,Yes,Transferred
P104367,H064,General Medicine,2026-02-26,2026-03-02,Inpatient,Yes,Recovered
P104368,H087,Cardiology,2025-07-11,2025-07-20,Emergency,Yes,Recovered
P104369,H047,Cardiology,2025-09-17,2025-09-27,Emergency,Yes,Transferred
P104370,H086,Orthopedics,2025-07-13,2025-07-20,Outpatient,No,Under Treatment
P104371,H054,Oncology,2025-10-15,2025-10-17,Emergency,No,Transferred
P104372,H035,Oncology,2025-11-16,2025-11-18,Emergency,No,Transferred
P104373,H073,Orthopedics,2025-05-09,2025-05-15,Emergency,No,Recovered
P104374,H027,ICU,2025-03-14,2025-03-20,Outpatient,Yes,Recovered
P104375,H008,Pediatrics,2025-01-07,2025-01-14,Emergency,No,Recovered
P104376,H061,Neurology,2025-01-25,2025-01-25,Outpatient,Yes,Transferred
P104377,H030,Dermatology,2025-02-16,2025-02-18,Inpatient,No,Recovered
P104378,H094,General Medicine,2025-01-23,2025-01-29,Outpatient,No,Transferred
P104379,H029,Neurology,2025-06-22,2025-06-30,Day Care,Yes,Transferred
P104380,H047,Neurology,2025-05-03,2025-05-05,Outpatient,Yes,Recovered
P104381,H032,Radiology,2025-02-23,2025-03-03,Outpatient,No,Under Treatment
P104382,H085,Emergency,2025-01-19,2025-01-27,Day Care,Yes,Transferred
P104383,H008,Neurology,2025-03-20,2025-03-26,Day Care,No,Recovered
P104384,H057,Dermatology,2025-05-18,2025-05-19,Emergency,Yes,Under Treatment
P104385,H023,Pediatrics,2025-10-01,2025-10-09,Outpatient,Yes,Transferred
P104386,H036,Oncology,2025-09-30,2025-10-02,Inpatient,No,Recovered
P104387,H011,General Medicine,2025-01-07,2025-01-17,Day Care,No,Under Treatment
P104388,H066,Cardiology,2025-12-13,2025-12-13,Day Care,No,Under Treatment
P104389,H048,Emergency,2025-05-10,2025-05-17,Emergency,No,Transferred
P104390,H042,Neurology,2026-03-15,2026-03-18,Day Care,Yes,Recovered
P104391,H028,Neurology,2025-04-26,2025-04-28,Inpatient,Yes,Transferred
P104392,H081,Cardiology,2026-01-14,2026-01-17,Outpatient,No,Transferred
P104393,H018,Radiology,2025-12-21,2025-12-22,Outpatient,Yes,Transferred
P104394,H052,Emergency,2026-02-26,2026-03-07,Emergency,No,Recovered
P104395,H072,Pediatrics,2025-10-17,2025-10-25,Day Care,Yes,Transferred
P104396,H001,Orthopedics,2025-10-01,2025-10-11,Emergency,Yes,Recovered
P104397,H034,Oncology,2025-09-26,2025-10-05,Day Care,No,Recovered
P104398,H045,Emergency,2025-12-17,2025-12-23,Day Care,No,Transferred
P104399,H093,Dermatology,2025-08-01,2025-08-02,Day Care,Yes,Recovered
P104400,H061,Radiology,2026-01-30,2026-02-04,Inpatient,Yes,Recovered
P104401,H058,Orthopedics,2026-02-02,2026-02-06,Outpatient,No,Recovered
P104402,H097,Oncology,2025-09-02,2025-09-02,Inpatient,Yes,Recovered
P104403,H087,Radiology,2025-08-28,2025-09-02,Day Care,No,Under Treatment
P104404,H097,Oncology,2025-12-08,2025-12-17,Emergency,No,Transferred
P104405,H062,Emergency,2026-04-19,2026-04-27,Emergency,Yes,Under Treatment
P104406,H023,Neurology,2025-10-24,2025-10-31,Day Care,No,Transferred
P104407,H097,ICU,2026-02-24,2026-03-04,Inpatient,No,Recovered
P104408,H077,Cardiology,2025-07-29,2025-08-02,Emergency,No,Under Treatment
P104409,H007,Cardiology,2026-04-14,2026-04-16,Emergency,No,Recovered
P104410,H075,ICU,2025-12-06,2025-12-12,Day Care,Yes,Transferred
P104411,H010,Neurology,2026-02-26,2026-03-08,Emergency,No,Recovered
P104412,H041,Dermatology,2026-01-15,2026-01-19,Day Care,No,Under Treatment
P104413,H050,Neurology,2026-04-14,2026-04-16,Day Care,No,Recovered
P104414,H010,Pediatrics,2025-12-20,2025-12-20,Inpatient,Yes,Recovered
P104415,H030,Radiology,2026-02-28,2026-03-06,Day Care,Yes,Transferred
P104416,H004,ICU,2025-02-13,2025-02-20,Inpatient,Yes,Transferred
P104417,H037,Pediatrics,2025-06-22,2025-07-01,Outpatient,Yes,Transferred
P104418,H033,Dermatology,2025-11-05,2025-11-12,Emergency,Yes,Recovered
P104419,H039,Oncology,2025-02-05,2025-02-07,Emergency,No,Under Treatment
P104420,H041,Oncology,2025-11-02,2025-11-04,Outpatient,Yes,Under Treatment
P104421,H030,Neurology,2026-03-30,2026-04-03,Outpatient,No,Transferred
P104422,H005,Emergency,2025-07-04,2025-07-05,Outpatient,No,Recovered
P104423,H032,Dermatology,2025-02-23,2025-03-03,Emergency,No,Recovered
P104424,H056,Neurology,2025-12-14,2025-12-19,Inpatient,No,Under Treatment
P104425,H047,Pediatrics,2025-09-20,2025-09-27,Emergency,Yes,Under Treatment
P104426,H006,Cardiology,2026-01-13,2026-01-15,Inpatient,Yes,Transferred
P104427,H008,Dermatology,2025-08-02,2025-08-06,Day Care,No,Transferred
P104428,H024,Pediatrics,2025-10-16,2025-10-20,Inpatient,Yes,Transferred
P104429,H042,Pediatrics,2025-12-19,2025-12-22,Inpatient,No,Under Treatment
P104430,H015,Pediatrics,2025-11-19,2025-11-20,Day Care,No,Transferred
P104431,H082,Neurology,2026-01-24,2026-01-29,Day Care,No,Under Treatment
P104432,H076,Oncology,2026-01-15,2026-01-19,Day Care,Yes,Recovered
P104433,H056,Oncology,2025-02-12,2025-02-13,Day Care,No,Recovered
P104434,H035,Radiology,2025-01-08,2025-01-10,Day Care,No,Under Treatment
P104435,H099,Cardiology,2025-05-11,2025-05-20,Day Care,Yes,Recovered
P104436,H014,Radiology,2025-03-28,2025-04-01,Day Care,Yes,Transferred
P104437,H086,Oncology,2025-06-29,2025-07-02,Emergency,No,Recovered
P104438,H080,Orthopedics,2025-05-09,2025-05-09,Inpatient,Yes,Under Treatment
P104439,H018,Cardiology,2025-03-21,2025-03-30,Emergency,No,Under Treatment
P104440,H040,General Medicine,2026-03-18,2026-03-19,Day Care,Yes,Transferred
P104441,H062,Emergency,2025-02-06,2025-02-16,Outpatient,Yes,Transferred
P104442,H006,Pediatrics,2025-08-22,2025-08-24,Inpatient,Yes,Transferred
P104443,H033,ICU,2025-11-21,2025-12-01,Day Care,Yes,Recovered
P104444,H095,Oncology,2026-02-12,2026-02-19,Inpatient,No,Recovered
P104445,H052,Orthopedics,2025-01-13,2025-01-22,Day Care,Yes,Recovered
P104446,H057,General Medicine,2025-07-14,2025-07-18,Day Care,Yes,Transferred
P104447,H032,Dermatology,2025-08-11,2025-08-17,Inpatient,Yes,Under Treatment
P104448,H066,Oncology,2025-08-19,2025-08-27,Inpatient,Yes,Recovered
P104449,H009,Emergency,2025-04-14,2025-04-14,Outpatient,No,Under Treatment
P104450,H002,Orthopedics,2025-07-03,2025-07-10,Emergency,Yes,Recovered
P104451,H092,General Medicine,2025-11-28,2025-11-29,Outpatient,Yes,Recovered
P104452,H086,ICU,2025-06-06,2025-06-06,Emergency,No,Recovered
P104453,H053,Dermatology,2025-12-06,2025-12-11,Emergency,Yes,Under Treatment
P104454,H063,ICU,2025-04-16,2025-04-25,Emergency,No,Transferred
P104455,H054,Dermatology,2025-11-25,2025-11-25,Emergency,Yes,Transferred
P104456,H067,Oncology,2025-04-25,2025-04-26,Emergency,Yes,Recovered
P104457,H044,Radiology,2026-01-30,2026-02-08,Inpatient,No,Recovered
P104458,H085,Orthopedics,2025-05-17,2025-05-25,Inpatient,Yes,Under Treatment
P104459,H088,Orthopedics,2025-10-28,2025-11-07,Emergency,Yes,Under Treatment
P104460,H067,Radiology,2025-03-07,2025-03-14,Day Care,No,Recovered
P104461,H090,Neurology,2026-01-14,2026-01-18,Inpatient,Yes,Recovered
P104462,H003,Radiology,2025-12-02,2025-12-05,Inpatient,Yes,Transferred
P104463,H086,ICU,2025-03-26,2025-04-01,Day Care,No,Transferred
P104464,H059,Oncology,2026-05-16,2026-05-19,Inpatient,No,Recovered
P104465,H004,Pediatrics,2025-12-14,2025-12-17,Emergency,Yes,Recovered
P104466,H091,Oncology,2025-03-09,2025-03-17,Day Care,No,Transferred
P104467,H081,Dermatology,2025-04-02,2025-04-05,Inpatient,No,Under Treatment
P104468,H096,Oncology,2025-02-11,2025-02-21,Inpatient,No,Transferred
P104469,H094,General Medicine,2025-09-21,2025-09-23,Emergency,No,Under Treatment
P104470,H013,ICU,2026-02-14,2026-02-20,Emergency,Yes,Transferred
P104471,H038,Emergency,2025-11-12,2025-11-22,Day Care,No,Transferred
P104472,H077,Neurology,2025-06-28,2025-06-29,Inpatient,No,Recovered
P104473,H032,Neurology,2026-03-08,2026-03-12,Day Care,Yes,Under Treatment
P104474,H074,ICU,2025-06-20,2025-06-21,Emergency,No,Recovered
P104475,H032,Cardiology,2026-01-10,2026-01-11,Outpatient,No,Recovered
P104476,H071,Dermatology,2026-02-15,2026-02-18,Outpatient,No,Transferred
P104477,H055,ICU,2026-04-10,2026-04-12,Day Care,No,Recovered
P104478,H002,Radiology,2026-01-24,2026-01-28,Emergency,Yes,Recovered
P104479,H089,Pediatrics,2025-12-30,2026-01-02,Day Care,No,Under Treatment
P104480,H033,Pediatrics,2026-01-10,2026-01-16,Inpatient,Yes,Transferred
P104481,H081,Oncology,2025-07-24,2025-07-30,Emergency,No,Recovered
P104482,H017,Dermatology,2025-10-16,2025-10-23,Inpatient,Yes,Recovered
P104483,H016,Dermatology,2025-05-14,2025-05-21,Outpatient,Yes,Transferred
P104484,H022,Pediatrics,2025-09-26,2025-10-04,Inpatient,No,Under Treatment
P104485,H013,Dermatology,2025-12-13,2025-12-23,Day Care,Yes,Recovered
P104486,H039,Orthopedics,2025-10-18,2025-10-19,Emergency,Yes,Transferred
P104487,H066,Oncology,2025-03-21,2025-03-22,Outpatient,No,Recovered
P104488,H073,Cardiology,2025-11-21,2025-11-29,Inpatient,No,Under Treatment
P104489,H086,Radiology,2025-11-27,2025-11-30,Outpatient,No,Under Treatment
P104490,H086,Emergency,2025-12-17,2025-12-18,Inpatient,No,Under Treatment
P104491,H034,Orthopedics,2025-10-21,2025-10-27,Emergency,No,Transferred
P104492,H017,Dermatology,2025-11-14,2025-11-22,Day Care,Yes,Under Treatment
P104493,H099,Oncology,2025-01-09,2025-01-16,Inpatient,No,Under Treatment
P104494,H003,Dermatology,2026-02-17,2026-02-24,Emergency,Yes,Under Treatment
P104495,H042,Neurology,2025-12-21,2025-12-24,Outpatient,Yes,Under Treatment
P104496,H092,Radiology,2025-02-28,2025-03-03,Day Care,Yes,Under Treatment
P104497,H070,Pediatrics,2025-11-06,2025-11-11,Outpatient,No,Recovered
P104498,H042,General Medicine,2025-06-01,2025-06-10,Day Care,Yes,Under Treatment
P104499,H093,Radiology,2025-08-27,2025-09-05,Inpatient,Yes,Transferred
P104500,H046,Cardiology,2025-10-23,2025-10-27,Outpatient,Yes,Transferred
P104501,H010,Oncology,2025-09-02,2025-09-08,Emergency,No,Transferred
P104502,H069,Radiology,2026-01-21,2026-01-30,Emergency,No,Under Treatment
P104503,H048,Radiology,2025-07-19,2025-07-26,Day Care,Yes,Transferred
P104504,H005,ICU,2026-04-30,2026-05-08,Outpatient,Yes,Under Treatment
P104505,H084,Radiology,2025-01-26,2025-01-30,Day Care,Yes,Recovered
P104506,H020,Radiology,2025-04-19,2025-04-29,Emergency,No,Transferred
P104507,H011,Pediatrics,2025-12-06,2025-12-11,Emergency,Yes,Under Treatment
P104508,H040,Cardiology,2025-02-26,2025-02-26,Day Care,No,Under Treatment
P104509,H093,Pediatrics,2025-08-16,2025-08-25,Inpatient,No,Under Treatment
P104510,H025,Radiology,2025-01-10,2025-01-17,Emergency,Yes,Transferred
P104511,H065,Radiology,2025-06-27,2025-07-07,Inpatient,Yes,Under Treatment
P104512,H023,Dermatology,2026-04-06,2026-04-14,Inpatient,No,Transferred
P104513,H044,Dermatology,2025-01-18,2025-01-22,Outpatient,Yes,Under Treatment
P104514,H050,General Medicine,2025-06-17,2025-06-18,Day Care,Yes,Transferred
P104515,H063,Radiology,2025-03-21,2025-03-21,Day Care,Yes,Under Treatment
P104516,H065,General Medicine,2025-05-05,2025-05-11,Inpatient,No,Transferred
P104517,H048,Oncology,2025-11-03,2025-11-13,Outpatient,Yes,Recovered
P104518,H051,Neurology,2025-03-04,2025-03-13,Emergency,Yes,Transferred
P104519,H018,Radiology,2025-11-29,2025-12-07,Inpatient,Yes,Under Treatment
P104520,H032,Cardiology,2025-01-29,2025-01-29,Day Care,No,Recovered
P104521,H062,Neurology,2026-05-07,2026-05-11,Outpatient,Yes,Transferred
P104522,H052,Dermatology,2026-03-02,2026-03-02,Outpatient,No,Recovered
P104523,H051,Pediatrics,2025-05-21,2025-05-24,Outpatient,Yes,Transferred
P104524,H070,General Medicine,2025-06-25,2025-06-30,Day Care,No,Under Treatment
P104525,H098,Dermatology,2025-03-07,2025-03-13,Outpatient,No,Transferred
P104526,H094,Radiology,2025-04-16,2025-04-16,Outpatient,Yes,Transferred
P104527,H006,Emergency,2025-02-22,2025-02-28,Emergency,Yes,Under Treatment
P104528,H100,Radiology,2026-03-25,2026-03-30,Emergency,Yes,Transferred
P104529,H029,Dermatology,2025-11-06,2025-11-08,Inpatient,No,Recovered
P104530,H087,Radiology,2026-05-02,2026-05-12,Day Care,Yes,Under Treatment
P104531,H071,General Medicine,2026-04-12,2026-04-19,Emergency,No,Transferred
P104532,H092,Orthopedics,2025-04-21,2025-04-22,Inpatient,Yes,Transferred
P104533,H008,Radiology,2026-05-14,2026-05-17,Inpatient,Yes,Under Treatment
P104534,H089,Dermatology,2026-01-09,2026-01-16,Emergency,No,Under Treatment
P104535,H068,Emergency,2025-03-31,2025-04-06,Day Care,Yes,Transferred
P104536,H045,Oncology,2025-10-30,2025-11-07,Day Care,No,Recovered
P104537,H038,General Medicine,2026-04-07,2026-04-13,Emergency,No,Transferred
P104538,H092,Orthopedics,2025-03-09,2025-03-12,Inpatient,Yes,Recovered
P104539,H097,General Medicine,2025-06-19,2025-06-28,Outpatient,No,Recovered
P104540,H046,Oncology,2025-09-06,2025-09-12,Inpatient,Yes,Recovered
P104541,H026,Pediatrics,2025-08-16,2025-08-26,Outpatient,Yes,Recovered
P104542,H012,Orthopedics,2025-03-25,2025-04-01,Inpatient,Yes,Recovered
P104543,H072,General Medicine,2025-09-16,2025-09-23,Inpatient,Yes,Transferred
P104544,H036,Pediatrics,2025-09-24,2025-10-04,Inpatient,No,Transferred
P104545,H025,General Medicine,2026-04-29,2026-05-02,Emergency,No,Recovered
P104546,H051,ICU,2026-04-28,2026-05-01,Emergency,No,Under Treatment
P104547,H094,ICU,2025-12-28,2026-01-03,Outpatient,Yes,Transferred
P104548,H006,ICU,2025-03-22,2025-03-28,Day Care,No,Transferred
P104549,H049,ICU,2025-07-29,2025-08-02,Inpatient,No,Recovered
P104550,H002,Dermatology,2025-04-18,2025-04-18,Outpatient,No,Transferred
P104551,H099,Cardiology,2026-01-13,2026-01-13,Day Care,Yes,Under Treatment
P104552,H018,Pediatrics,2025-11-04,2025-11-08,Emergency,Yes,Recovered
P104553,H013,Emergency,2025-11-26,2025-11-29,Outpatient,No,Under Treatment
P104554,H060,Pediatrics,2025-03-27,2025-04-04,Emergency,Yes,Under Treatment
P104555,H042,Neurology,2025-08-13,2025-08-23,Day Care,No,Transferred
P104556,H043,Oncology,2026-02-26,2026-03-03,Emergency,No,Under Treatment
P104557,H089,Neurology,2025-10-07,2025-10-08,Day Care,No,Transferred
P104558,H056,Emergency,2025-07-13,2025-07-21,Inpatient,No,Recovered
P104559,H033,ICU,2025-08-19,2025-08-28,Emergency,Yes,Transferred
P104560,H006,Oncology,2025-11-25,2025-11-29,Emergency,Yes,Under Treatment
P104561,H064,Oncology,2025-02-13,2025-02-19,Emergency,No,Recovered
P104562,H018,Orthopedics,2025-11-21,2025-12-01,Day Care,No,Transferred
P104563,H023,Oncology,2025-12-20,2025-12-25,Inpatient,No,Transferred
P104564,H018,Neurology,2026-05-08,2026-05-10,Day Care,No,Recovered
P104565,H041,Cardiology,2025-06-13,2025-06-20,Inpatient,No,Under Treatment
P104566,H098,Neurology,2026-01-19,2026-01-26,Day Care,No,Transferred
P104567,H081,Emergency,2025-06-03,2025-06-05,Outpatient,Yes,Recovered
P104568,H027,General Medicine,2025-05-03,2025-05-08,Day Care,Yes,Transferred
P104569,H095,Emergency,2025-08-29,2025-08-30,Inpatient,Yes,Under Treatment
P104570,H088,Orthopedics,2026-03-17,2026-03-17,Day Care,Yes,Transferred
P104571,H046,Pediatrics,2026-02-22,2026-02-22,Day Care,Yes,Recovered
P104572,H084,Cardiology,2025-02-03,2025-02-04,Outpatient,No,Under Treatment
P104573,H022,Oncology,2025-07-08,2025-07-13,Inpatient,Yes,Under Treatment
P104574,H083,Radiology,2025-10-11,2025-10-14,Emergency,Yes,Under Treatment
P104575,H074,ICU,2025-09-02,2025-09-03,Emergency,No,Recovered
P104576,H078,Radiology,2025-01-15,2025-01-24,Inpatient,Yes,Transferred
P104577,H100,ICU,2026-02-14,2026-02-16,Day Care,Yes,Under Treatment
P104578,H052,ICU,2025-01-15,2025-01-16,Day Care,No,Recovered
P104579,H063,Emergency,2025-04-19,2025-04-27,Outpatient,Yes,Under Treatment
P104580,H091,Radiology,2025-11-29,2025-12-05,Inpatient,Yes,Recovered
P104581,H013,General Medicine,2026-01-29,2026-02-06,Outpatient,Yes,Transferred
P104582,H045,General Medicine,2025-11-06,2025-11-10,Outpatient,No,Under Treatment
P104583,H031,General Medicine,2025-02-10,2025-02-16,Emergency,No,Recovered
P104584,H061,Oncology,2025-08-11,2025-08-12,Emergency,Yes,Under Treatment
P104585,H092,Cardiology,2025-02-15,2025-02-18,Day Care,No,Recovered
P104586,H047,General Medicine,2025-09-13,2025-09-14,Inpatient,No,Transferred
P104587,H013,Pediatrics,2025-12-30,2026-01-01,Outpatient,No,Transferred
P104588,H039,Neurology,2025-01-26,2025-02-04,Emergency,No,Transferred
P104589,H053,General Medicine,2025-06-21,2025-06-25,Outpatient,Yes,Transferred
P104590,H049,Radiology,2026-04-17,2026-04-18,Outpatient,No,Under Treatment
P104591,H035,Pediatrics,2025-04-30,2025-05-04,Emergency,No,Recovered
P104592,H004,Dermatology,2025-10-09,2025-10-19,Day Care,Yes,Under Treatment
P104593,H063,General Medicine,2025-05-12,2025-05-22,Outpatient,Yes,Under Treatment
P104594,H024,Pediatrics,2025-03-22,2025-04-01,Inpatient,Yes,Recovered
P104595,H084,Emergency,2025-11-18,2025-11-24,Outpatient,Yes,Under Treatment
P104596,H020,General Medicine,2025-09-29,2025-10-06,Day Care,No,Under Treatment
P104597,H094,Radiology,2025-04-14,2025-04-15,Outpatient,No,Recovered
P104598,H030,ICU,2026-05-12,2026-05-19,Emergency,Yes,Recovered
P104599,H075,ICU,2026-03-29,2026-03-29,Outpatient,No,Under Treatment
P104600,H066,Oncology,2025-04-26,2025-04-26,Emergency,Yes,Transferred
P104601,H038,Neurology,2025-11-01,2025-11-09,Day Care,No,Recovered
P104602,H013,General Medicine,2025-04-15,2025-04-21,Day Care,No,Transferred
P104603,H087,Emergency,2025-05-05,2025-05-15,Inpatient,Yes,Transferred
P104604,H076,Pediatrics,2025-07-18,2025-07-25,Inpatient,Yes,Under Treatment
P104605,H063,Oncology,2025-10-12,2025-10-12,Day Care,No,Recovered
P104606,H034,General Medicine,2025-01-25,2025-01-28,Outpatient,No,Under Treatment
P104607,H025,Cardiology,2025-08-11,2025-08-20,Inpatient,Yes,Transferred
P104608,H095,ICU,2025-07-13,2025-07-17,Inpatient,No,Transferred
P104609,H024,Cardiology,2025-11-15,2025-11-15,Day Care,Yes,Recovered
P104610,H022,Neurology,2025-10-14,2025-10-23,Inpatient,Yes,Under Treatment
P104611,H019,Oncology,2025-04-22,2025-04-23,Inpatient,Yes,Recovered
P104612,H066,General Medicine,2025-01-26,2025-02-03,Day Care,Yes,Under Treatment
P104613,H083,Oncology,2025-11-22,2025-11-28,Outpatient,Yes,Recovered
P104614,H016,Dermatology,2025-02-23,2025-03-05,Outpatient,Yes,Transferred
P104615,H054,Radiology,2025-06-30,2025-07-05,Emergency,Yes,Under Treatment
P104616,H025,Radiology,2025-12-02,2025-12-05,Emergency,No,Under Treatment
P104617,H098,Dermatology,2025-09-17,2025-09-24,Outpatient,No,Transferred
P104618,H069,Dermatology,2026-03-26,2026-03-29,Inpatient,No,Recovered
P104619,H015,Pediatrics,2026-03-23,2026-03-30,Emergency,Yes,Under Treatment
P104620,H054,Dermatology,2025-04-19,2025-04-27,Outpatient,Yes,Recovered
P104621,H072,ICU,2026-01-14,2026-01-18,Day Care,Yes,Under Treatment
P104622,H074,ICU,2025-11-11,2025-11-21,Emergency,Yes,Recovered
P104623,H016,Pediatrics,2026-01-12,2026-01-17,Emergency,No,Recovered
P104624,H073,Radiology,2026-03-26,2026-04-03,Inpatient,No,Under Treatment
P104625,H096,Neurology,2026-02-07,2026-02-15,Inpatient,Yes,Under Treatment
P104626,H006,Neurology,2025-09-27,2025-09-28,Inpatient,No,Recovered
P104627,H059,Orthopedics,2025-10-18,2025-10-22,Outpatient,Yes,Under Treatment
P104628,H009,Cardiology,2025-01-19,2025-01-26,Inpatient,No,Under Treatment
P104629,H063,Emergency,2025-09-11,2025-09-18,Outpatient,Yes,Under Treatment
P104630,H097,General Medicine,2026-02-28,2026-03-07,Inpatient,No,Recovered
P104631,H076,Oncology,2025-02-06,2025-02-15,Emergency,Yes,Under Treatment
P104632,H100,Orthopedics,2025-03-31,2025-03-31,Outpatient,Yes,Transferred
P104633,H039,Pediatrics,2025-01-20,2025-01-28,Inpatient,Yes,Transferred
P104634,H022,Radiology,2025-12-29,2026-01-05,Day Care,Yes,Recovered
P104635,H013,ICU,2025-02-02,2025-02-05,Day Care,No,Transferred
P104636,H014,Emergency,2025-01-12,2025-01-18,Day Care,Yes,Recovered
P104637,H030,General Medicine,2025-05-12,2025-05-15,Emergency,No,Recovered
P104638,H085,Neurology,2025-09-25,2025-09-29,Day Care,No,Recovered
P104639,H022,Pediatrics,2025-01-17,2025-01-23,Outpatient,Yes,Transferred
P104640,H065,Dermatology,2025-06-18,2025-06-28,Emergency,Yes,Transferred
P104641,H063,Radiology,2026-04-19,2026-04-26,Outpatient,Yes,Recovered
P104642,H065,Orthopedics,2025-10-06,2025-10-10,Inpatient,No,Transferred
P104643,H075,ICU,2025-10-08,2025-10-18,Emergency,No,Recovered
P104644,H027,Oncology,2025-12-01,2025-12-09,Day Care,No,Under Treatment
P104645,H025,Oncology,2025-10-14,2025-10-15,Outpatient,Yes,Under Treatment
P104646,H011,Radiology,2025-04-22,2025-05-02,Inpatient,Yes,Transferred
P104647,H021,Neurology,2025-06-18,2025-06-24,Outpatient,No,Under Treatment
P104648,H095,Emergency,2025-02-06,2025-02-08,Outpatient,No,Recovered
P104649,H079,Dermatology,2025-03-26,2025-04-01,Emergency,No,Transferred
P104650,H084,Dermatology,2025-08-01,2025-08-06,Inpatient,Yes,Recovered
P104651,H009,General Medicine,2025-06-22,2025-06-22,Day Care,No,Recovered
P104652,H004,Dermatology,2025-07-11,2025-07-16,Day Care,No,Under Treatment
P104653,H015,Pediatrics,2025-04-20,2025-04-30,Day Care,Yes,Transferred
P104654,H009,ICU,2025-11-08,2025-11-18,Inpatient,Yes,Recovered
P104655,H037,Oncology,2025-06-06,2025-06-10,Emergency,No,Recovered
P104656,H061,Pediatrics,2025-02-04,2025-02-07,Day Care,No,Transferred
P104657,H052,Dermatology,2025-10-18,2025-10-21,Emergency,No,Transferred
P104658,H077,Cardiology,2026-02-12,2026-02-17,Day Care,No,Recovered
P104659,H001,Radiology,2026-04-03,2026-04-05,Emergency,No,Recovered
P104660,H014,Neurology,2025-05-03,2025-05-07,Outpatient,Yes,Under Treatment
P104661,H072,Neurology,2025-04-07,2025-04-09,Inpatient,Yes,Transferred
P104662,H003,Radiology,2025-07-15,2025-07-17,Day Care,No,Recovered
P104663,H055,Pediatrics,2026-03-15,2026-03-15,Outpatient,No,Under Treatment
P104664,H039,Cardiology,2026-01-09,2026-01-15,Day Care,Yes,Recovered
P104665,H046,Radiology,2025-04-06,2025-04-09,Inpatient,Yes,Recovered
P104666,H005,Radiology,2025-04-05,2025-04-11,Emergency,Yes,Transferred
P104667,H024,ICU,2025-02-02,2025-02-08,Inpatient,No,Transferred
P104668,H060,Radiology,2026-05-01,2026-05-02,Day Care,No,Recovered
P104669,H045,Pediatrics,2025-05-03,2025-05-07,Day Care,No,Under Treatment
P104670,H067,Cardiology,2025-06-16,2025-06-23,Inpatient,Yes,Under Treatment
P104671,H064,General Medicine,2026-04-19,2026-04-20,Day Care,No,Recovered
P104672,H078,Radiology,2025-07-21,2025-07-24,Outpatient,Yes,Recovered
P104673,H057,Emergency,2025-03-10,2025-03-13,Emergency,Yes,Transferred
P104674,H100,Orthopedics,2026-01-13,2026-01-16,Emergency,No,Transferred
P104675,H089,Emergency,2025-04-04,2025-04-08,Inpatient,No,Recovered
P104676,H018,General Medicine,2025-04-13,2025-04-14,Day Care,Yes,Under Treatment
P104677,H049,General Medicine,2025-09-29,2025-10-01,Day Care,Yes,Under Treatment
P104678,H053,ICU,2026-04-19,2026-04-19,Outpatient,Yes,Under Treatment
P104679,H093,Emergency,2025-08-05,2025-08-05,Inpatient,No,Recovered
P104680,H072,Emergency,2026-02-22,2026-03-04,Inpatient,No,Transferred
P104681,H082,Orthopedics,2026-02-15,2026-02-22,Emergency,No,Under Treatment
P104682,H076,Dermatology,2025-10-09,2025-10-17,Inpatient,No,Under Treatment
P104683,H091,General Medicine,2025-12-21,2025-12-29,Outpatient,No,Under Treatment
P104684,H092,Pediatrics,2025-03-28,2025-04-03,Outpatient,No,Under Treatment
P104685,H003,Pediatrics,2025-02-09,2025-02-10,Emergency,No,Transferred
P104686,H045,Radiology,2025-08-08,2025-08-09,Inpatient,Yes,Under Treatment
P104687,H067,Emergency,2025-05-13,2025-05-19,Inpatient,Yes,Transferred
P104688,H078,ICU,2025-06-17,2025-06-21,Emergency,No,Under Treatment
P104689,H099,Emergency,2026-02-23,2026-02-26,Emergency,Yes,Transferred
P104690,H024,Oncology,2025-02-08,2025-02-13,Outpatient,No,Under Treatment
P104691,H013,Cardiology,2026-04-24,2026-04-29,Day Care,Yes,Transferred
P104692,H006,Oncology,2025-07-12,2025-07-20,Inpatient,Yes,Under Treatment
P104693,H050,Cardiology,2025-03-28,2025-04-03,Emergency,Yes,Under Treatment
P104694,H049,Emergency,2025-06-12,2025-06-22,Outpatient,No,Recovered
P104695,H085,Orthopedics,2025-04-18,2025-04-22,Outpatient,Yes,Recovered
P104696,H001,Pediatrics,2025-09-10,2025-09-16,Day Care,No,Transferred
P104697,H078,Orthopedics,2026-04-03,2026-04-09,Inpatient,No,Recovered
P104698,H006,Dermatology,2025-01-24,2025-02-02,Emergency,Yes,Recovered
P104699,H029,Oncology,2025-04-07,2025-04-08,Emergency,No,Transferred
P104700,H081,Oncology,2026-04-16,2026-04-17,Emergency,Yes,Recovered
P104701,H091,ICU,2025-07-11,2025-07-16,Inpatient,No,Transferred
P104702,H041,Radiology,2025-09-10,2025-09-16,Inpatient,No,Transferred
P104703,H093,General Medicine,2025-01-31,2025-02-04,Outpatient,Yes,Recovered
P104704,H003,Cardiology,2026-04-09,2026-04-15,Outpatient,Yes,Under Treatment
P104705,H071,Orthopedics,2025-04-18,2025-04-23,Day Care,Yes,Transferred
P104706,H031,General Medicine,2025-08-16,2025-08-24,Outpatient,Yes,Under Treatment
P104707,H035,General Medicine,2026-02-19,2026-02-28,Inpatient,No,Transferred
P104708,H073,ICU,2026-05-03,2026-05-05,Day Care,No,Transferred
P104709,H036,ICU,2025-08-28,2025-08-28,Outpatient,No,Under Treatment
P104710,H078,Neurology,2026-04-03,2026-04-07,Inpatient,No,Recovered
P104711,H048,Pediatrics,2025-02-22,2025-02-24,Day Care,Yes,Recovered
P104712,H037,ICU,2025-01-25,2025-01-30,Day Care,Yes,Transferred
P104713,H028,General Medicine,2025-06-01,2025-06-08,Day Care,Yes,Recovered
P104714,H051,Orthopedics,2025-03-20,2025-03-28,Outpatient,No,Under Treatment
P104715,H008,Radiology,2025-03-04,2025-03-07,Emergency,No,Under Treatment
P104716,H085,Oncology,2025-07-29,2025-08-07,Emergency,Yes,Transferred
P104717,H051,Dermatology,2026-02-05,2026-02-10,Inpatient,Yes,Under Treatment
P104718,H039,Radiology,2026-04-18,2026-04-23,Emergency,Yes,Transferred
P104719,H079,Oncology,2025-08-20,2025-08-27,Day Care,Yes,Transferred
P104720,H009,ICU,2025-04-04,2025-04-11,Outpatient,Yes,Recovered
P104721,H084,Cardiology,2026-02-16,2026-02-22,Outpatient,No,Transferred
P104722,H019,Radiology,2025-02-14,2025-02-15,Outpatient,No,Under Treatment
P104723,H052,Dermatology,2026-02-10,2026-02-14,Day Care,Yes,Recovered
P104724,H056,Radiology,2025-04-25,2025-05-01,Emergency,Yes,Transferred
P104725,H095,Emergency,2026-03-28,2026-03-31,Inpatient,No,Recovered
P104726,H061,Pediatrics,2025-11-06,2025-11-06,Inpatient,No,Under Treatment
P104727,H032,Orthopedics,2025-08-12,2025-08-14,Inpatient,Yes,Under Treatment
P104728,H014,Orthopedics,2025-04-24,2025-04-24,Inpatient,No,Recovered
P104729,H021,Cardiology,2025-09-15,2025-09-23,Emergency,Yes,Recovered
P104730,H050,ICU,2025-07-21,2025-07-31,Outpatient,Yes,Under Treatment
P104731,H047,Emergency,2026-04-10,2026-04-16,Emergency,Yes,Recovered
P104732,H083,Orthopedics,2025-12-07,2025-12-11,Inpatient,No,Transferred
P104733,H063,Orthopedics,2025-04-23,2025-04-29,Emergency,Yes,Recovered
P104734,H004,Oncology,2025-09-09,2025-09-14,Inpatient,Yes,Under Treatment
P104735,H090,Radiology,2025-06-19,2025-06-24,Emergency,No,Under Treatment
P104736,H086,Dermatology,2026-02-23,2026-02-23,Emergency,No,Transferred
P104737,H099,Oncology,2025-04-23,2025-05-02,Inpatient,No,Under Treatment
P104738,H056,ICU,2025-03-13,2025-03-22,Emergency,Yes,Transferred
P104739,H025,ICU,2025-11-01,2025-11-01,Emergency,Yes,Transferred
P104740,H017,Cardiology,2025-08-26,2025-08-31,Day Care,No,Transferred
P104741,H050,Neurology,2025-05-06,2025-05-06,Outpatient,Yes,Transferred
P104742,H084,Cardiology,2025-02-24,2025-03-05,Emergency,No,Transferred
P104743,H063,Emergency,2025-02-17,2025-02-25,Emergency,Yes,Recovered
P104744,H035,Radiology,2025-10-03,2025-10-12,Outpatient,Yes,Transferred
P104745,H073,Orthopedics,2026-05-06,2026-05-15,Inpatient,No,Under Treatment
P104746,H048,Pediatrics,2025-12-07,2025-12-10,Inpatient,Yes,Under Treatment
P104747,H094,ICU,2025-12-23,2025-12-31,Outpatient,No,Recovered
P104748,H070,Cardiology,2026-04-01,2026-04-01,Outpatient,No,Recovered
P104749,H091,Orthopedics,2025-07-27,2025-07-27,Outpatient,No,Transferred
P104750,H024,ICU,2025-11-24,2025-12-04,Emergency,No,Under Treatment
P104751,H005,Neurology,2025-04-07,2025-04-09,Day Care,No,Transferred
P104752,H063,Emergency,2026-05-09,2026-05-18,Emergency,No,Recovered
P104753,H080,Radiology,2025-12-02,2025-12-06,Day Care,No,Recovered
P104754,H013,Orthopedics,2025-12-22,2026-01-01,Emergency,No,Recovered
P104755,H058,Dermatology,2026-04-24,2026-05-03,Outpatient,No,Transferred
P104756,H024,ICU,2025-06-04,2025-06-12,Inpatient,Yes,Under Treatment
P104757,H089,Cardiology,2025-04-27,2025-04-28,Day Care,No,Under Treatment
P104758,H065,Radiology,2025-01-15,2025-01-19,Inpatient,No,Under Treatment
P104759,H057,General Medicine,2026-03-14,2026-03-20,Outpatient,Yes,Transferred
P104760,H065,Neurology,2025-09-26,2025-09-26,Day Care,No,Under Treatment
P104761,H059,Emergency,2025-04-22,2025-05-02,Inpatient,No,Under Treatment
P104762,H031,ICU,2026-04-09,2026-04-19,Day Care,Yes,Under Treatment
P104763,H092,Emergency,2025-06-27,2025-06-28,Inpatient,No,Transferred
P104764,H019,Pediatrics,2025-02-15,2025-02-20,Day Care,No,Under Treatment
P104765,H022,ICU,2025-10-05,2025-10-15,Emergency,Yes,Recovered
P104766,H074,Orthopedics,2025-03-25,2025-03-31,Day Care,No,Under Treatment
P104767,H067,Orthopedics,2026-01-19,2026-01-29,Outpatient,Yes,Transferred
P104768,H037,Dermatology,2025-04-08,2025-04-10,Emergency,No,Transferred
P104769,H078,Neurology,2025-09-22,2025-10-02,Inpatient,No,Recovered
P104770,H096,Emergency,2025-08-30,2025-09-07,Emergency,Yes,Recovered
P104771,H020,Orthopedics,2026-01-09,2026-01-18,Emergency,Yes,Transferred
P104772,H084,Oncology,2025-05-20,2025-05-26,Inpatient,Yes,Transferred
P104773,H056,Neurology,2025-05-30,2025-05-31,Inpatient,No,Under Treatment
P104774,H065,Oncology,2025-09-17,2025-09-26,Day Care,No,Transferred
P104775,H009,Pediatrics,2025-08-03,2025-08-11,Emergency,No,Recovered
P104776,H065,Dermatology,2025-07-22,2025-07-25,Inpatient,Yes,Recovered
P104777,H096,Neurology,2025-10-29,2025-11-04,Day Care,Yes,Under Treatment
P104778,H078,Radiology,2025-03-04,2025-03-06,Day Care,Yes,Transferred
P104779,H087,Radiology,2025-04-05,2025-04-12,Outpatient,Yes,Under Treatment
P104780,H014,Pediatrics,2025-01-16,2025-01-24,Emergency,Yes,Under Treatment
P104781,H064,Cardiology,2025-09-20,2025-09-25,Inpatient,No,Transferred
P104782,H057,ICU,2025-12-25,2025-12-26,Day Care,Yes,Recovered
P104783,H017,Radiology,2025-11-23,2025-11-30,Emergency,Yes,Recovered
P104784,H081,Dermatology,2025-08-10,2025-08-11,Outpatient,Yes,Recovered
P104785,H062,General Medicine,2026-01-10,2026-01-12,Outpatient,No,Transferred
P104786,H078,Oncology,2025-12-25,2025-12-26,Outpatient,Yes,Under Treatment
P104787,H063,Dermatology,2025-07-05,2025-07-14,Day Care,Yes,Under Treatment
P104788,H025,Orthopedics,2025-02-23,2025-02-27,Inpatient,Yes,Under Treatment
P104789,H070,Pediatrics,2025-04-28,2025-05-07,Day Care,Yes,Recovered
P104790,H064,Pediatrics,2026-02-23,2026-02-23,Outpatient,No,Recovered
P104791,H095,Orthopedics,2025-05-07,2025-05-11,Outpatient,Yes,Transferred
P104792,H039,Emergency,2025-10-05,2025-10-05,Inpatient,No,Recovered
P104793,H086,Dermatology,2025-03-13,2025-03-16,Day Care,No,Under Treatment
P104794,H057,Dermatology,2025-09-27,2025-10-06,Inpatient,No,Transferred
P104795,H072,ICU,2025-08-10,2025-08-14,Outpatient,Yes,Transferred
P104796,H008,Pediatrics,2025-03-31,2025-04-01,Day Care,Yes,Transferred
P104797,H094,Pediatrics,2026-01-13,2026-01-13,Inpatient,No,Under Treatment
P104798,H056,Neurology,2026-05-04,2026-05-06,Day Care,Yes,Recovered
P104799,H095,Dermatology,2025-01-13,2025-01-18,Outpatient,No,Recovered
P104800,H056,Neurology,2025-08-13,2025-08-20,Inpatient,Yes,Transferred
P104801,H027,General Medicine,2025-12-02,2025-12-11,Inpatient,No,Under Treatment
P104802,H076,ICU,2025-10-21,2025-10-25,Day Care,No,Recovered
P104803,H073,Orthopedics,2026-03-23,2026-03-27,Inpatient,No,Under Treatment
P104804,H085,Cardiology,2026-04-20,2026-04-27,Outpatient,No,Transferred
P104805,H051,Neurology,2025-02-12,2025-02-20,Day Care,No,Recovered
P104806,H092,Radiology,2025-12-21,2025-12-25,Inpatient,Yes,Transferred
P104807,H046,Emergency,2025-11-15,2025-11-15,Inpatient,No,Under Treatment
P104808,H080,Radiology,2025-04-09,2025-04-15,Emergency,Yes,Transferred
P104809,H096,Cardiology,2025-11-27,2025-12-04,Inpatient,Yes,Under Treatment
P104810,H080,Orthopedics,2026-01-22,2026-01-31,Emergency,Yes,Under Treatment
P104811,H046,Cardiology,2026-02-22,2026-03-02,Day Care,No,Recovered
P104812,H001,Dermatology,2025-02-24,2025-03-02,Emergency,Yes,Transferred
P104813,H081,Dermatology,2025-04-11,2025-04-20,Inpatient,No,Recovered
P104814,H039,Pediatrics,2025-03-27,2025-03-28,Emergency,Yes,Recovered
P104815,H007,Emergency,2026-05-09,2026-05-19,Day Care,Yes,Transferred
P104816,H043,Emergency,2025-04-16,2025-04-22,Emergency,No,Transferred
P104817,H032,Oncology,2025-10-18,2025-10-22,Outpatient,Yes,Transferred
P104818,H048,Pediatrics,2025-03-15,2025-03-20,Emergency,Yes,Recovered
P104819,H039,Dermatology,2026-03-17,2026-03-20,Outpatient,No,Recovered
P104820,H042,Oncology,2025-09-15,2025-09-23,Inpatient,No,Recovered
P104821,H071,ICU,2025-08-10,2025-08-10,Inpatient,No,Recovered
P104822,H070,General Medicine,2025-11-13,2025-11-18,Inpatient,Yes,Under Treatment
P104823,H001,ICU,2025-02-10,2025-02-10,Emergency,Yes,Under Treatment
P104824,H093,Neurology,2025-10-20,2025-10-23,Inpatient,No,Transferred
P104825,H002,Pediatrics,2025-02-27,2025-02-28,Emergency,Yes,Recovered
P104826,H068,Orthopedics,2025-06-10,2025-06-18,Emergency,No,Under Treatment
P104827,H058,Cardiology,2025-03-27,2025-04-05,Inpatient,No,Under Treatment
P104828,H015,Dermatology,2026-01-28,2026-02-07,Emergency,No,Recovered
P104829,H045,Orthopedics,2025-09-19,2025-09-24,Day Care,Yes,Transferred
P104830,H042,General Medicine,2025-02-09,2025-02-12,Day Care,No,Transferred
P104831,H011,General Medicine,2026-04-25,2026-05-03,Inpatient,Yes,Under Treatment
P104832,H084,Radiology,2025-03-21,2025-03-25,Emergency,No,Transferred
P104833,H019,Neurology,2026-04-12,2026-04-14,Outpatient,Yes,Transferred
P104834,H048,Oncology,2025-12-16,2025-12-19,Inpatient,No,Under Treatment
P104835,H034,Cardiology,2025-05-18,2025-05-23,Day Care,No,Transferred
P104836,H059,ICU,2026-03-03,2026-03-09,Outpatient,No,Under Treatment
P104837,H015,Pediatrics,2025-03-31,2025-04-02,Outpatient,No,Recovered
P104838,H001,Oncology,2026-02-15,2026-02-24,Day Care,No,Transferred
P104839,H041,ICU,2025-11-18,2025-11-26,Outpatient,Yes,Recovered
P104840,H008,General Medicine,2026-03-03,2026-03-04,Outpatient,Yes,Transferred
P104841,H069,Dermatology,2025-05-07,2025-05-09,Outpatient,No,Transferred
P104842,H082,ICU,2025-02-16,2025-02-26,Inpatient,No,Transferred
P104843,H079,General Medicine,2025-11-21,2025-11-22,Day Care,No,Recovered
P104844,H071,Cardiology,2025-08-31,2025-09-09,Emergency,No,Transferred
P104845,H092,Neurology,2025-04-26,2025-04-26,Outpatient,Yes,Under Treatment
P104846,H031,ICU,2025-07-16,2025-07-18,Outpatient,Yes,Recovered
P104847,H044,Cardiology,2026-05-08,2026-05-14,Emergency,No,Recovered
P104848,H087,Cardiology,2025-12-04,2025-12-14,Emergency,No,Transferred
P104849,H002,Neurology,2025-12-24,2026-01-03,Outpatient,Yes,Recovered
P104850,H089,Emergency,2025-01-26,2025-01-31,Day Care,Yes,Transferred
P104851,H014,Dermatology,2026-03-28,2026-04-02,Outpatient,Yes,Transferred
P104852,H018,ICU,2025-02-11,2025-02-14,Outpatient,No,Recovered
P104853,H074,Dermatology,2025-08-19,2025-08-24,Emergency,No,Under Treatment
P104854,H020,Emergency,2025-09-17,2025-09-22,Day Care,Yes,Recovered
P104855,H017,ICU,2025-08-18,2025-08-21,Outpatient,No,Recovered
P104856,H041,Emergency,2025-05-08,2025-05-17,Inpatient,Yes,Transferred
P104857,H044,Dermatology,2025-03-19,2025-03-25,Day Care,No,Recovered
P104858,H073,Emergency,2026-03-02,2026-03-09,Outpatient,Yes,Recovered
P104859,H013,Oncology,2025-04-11,2025-04-19,Inpatient,No,Transferred
P104860,H017,Orthopedics,2025-01-08,2025-01-09,Inpatient,Yes,Recovered
P104861,H066,Emergency,2025-02-13,2025-02-14,Inpatient,Yes,Recovered
P104862,H079,Radiology,2025-05-30,2025-06-06,Outpatient,No,Transferred
P104863,H090,Pediatrics,2026-04-24,2026-04-30,Emergency,No,Under Treatment
P104864,H010,Emergency,2025-12-24,2025-12-24,Day Care,Yes,Recovered
P104865,H054,Neurology,2025-01-04,2025-01-06,Outpatient,No,Under Treatment
P104866,H055,Cardiology,2026-02-11,2026-02-17,Inpatient,No,Under Treatment
P104867,H036,General Medicine,2025-04-20,2025-04-21,Outpatient,Yes,Recovered
P104868,H051,General Medicine,2025-02-08,2025-02-10,Emergency,No,Under Treatment
P104869,H015,Neurology,2025-12-11,2025-12-11,Outpatient,No,Recovered
P104870,H063,Cardiology,2026-03-31,2026-04-06,Inpatient,Yes,Recovered
P104871,H050,Cardiology,2025-12-14,2025-12-20,Inpatient,No,Under Treatment
P104872,H023,Pediatrics,2025-06-10,2025-06-18,Day Care,No,Recovered
P104873,H038,ICU,2026-01-16,2026-01-24,Outpatient,Yes,Recovered
P104874,H026,General Medicine,2026-02-05,2026-02-09,Outpatient,No,Recovered
P104875,H030,Emergency,2025-01-12,2025-01-19,Day Care,Yes,Transferred
P104876,H048,Emergency,2025-06-08,2025-06-15,Emergency,No,Transferred
P104877,H049,Pediatrics,2025-01-06,2025-01-08,Outpatient,Yes,Transferred
P104878,H046,Pediatrics,2025-12-22,2025-12-23,Outpatient,Yes,Recovered
P104879,H040,Orthopedics,2025-09-24,2025-09-27,Emergency,No,Transferred
P104880,H009,Cardiology,2025-12-04,2025-12-10,Inpatient,Yes,Transferred
P104881,H007,Emergency,2025-04-29,2025-05-05,Day Care,No,Under Treatment
P104882,H092,Neurology,2025-03-11,2025-03-14,Emergency,No,Under Treatment
P104883,H014,Cardiology,2025-01-06,2025-01-16,Outpatient,Yes,Recovered
P104884,H051,Radiology,2025-12-31,2026-01-05,Inpatient,No,Recovered
P104885,H005,Radiology,2026-05-14,2026-05-14,Day Care,No,Under Treatment
P104886,H074,ICU,2025-02-13,2025-02-17,Outpatient,Yes,Transferred
P104887,H048,General Medicine,2025-07-04,2025-07-09,Day Care,No,Transferred
P104888,H039,Pediatrics,2026-04-27,2026-05-05,Inpatient,No,Recovered
P104889,H086,Radiology,2025-02-14,2025-02-21,Outpatient,Yes,Transferred
P104890,H053,Oncology,2025-04-09,2025-04-18,Day Care,Yes,Transferred
P104891,H077,ICU,2025-05-19,2025-05-29,Outpatient,Yes,Transferred
P104892,H007,Oncology,2026-01-15,2026-01-19,Day Care,Yes,Recovered
P104893,H019,Radiology,2026-01-14,2026-01-14,Emergency,Yes,Under Treatment
P104894,H096,Dermatology,2025-07-15,2025-07-25,Emergency,Yes,Recovered
P104895,H061,Radiology,2025-11-30,2025-12-04,Emergency,No,Recovered
P104896,H016,Emergency,2025-07-14,2025-07-15,Day Care,Yes,Transferred
P104897,H041,Dermatology,2025-11-13,2025-11-14,Inpatient,Yes,Recovered
P104898,H092,Cardiology,2025-02-03,2025-02-05,Outpatient,No,Recovered
P104899,H020,ICU,2026-01-08,2026-01-14,Outpatient,Yes,Recovered
P104900,H090,General Medicine,2026-02-21,2026-02-24,Emergency,No,Recovered
P104901,H082,Cardiology,2025-06-02,2025-06-05,Emergency,Yes,Recovered
P104902,H043,Pediatrics,2025-02-05,2025-02-08,Inpatient,No,Transferred
P104903,H068,Radiology,2026-02-05,2026-02-06,Outpatient,Yes,Transferred
P104904,H007,Neurology,2025-03-08,2025-03-10,Outpatient,Yes,Transferred
P104905,H011,Emergency,2025-03-19,2025-03-19,Inpatient,No,Transferred
P104906,H050,Neurology,2025-03-13,2025-03-22,Day Care,Yes,Recovered
P104907,H010,ICU,2025-07-21,2025-07-30,Day Care,Yes,Under Treatment
P104908,H061,Neurology,2026-05-10,2026-05-16,Outpatient,No,Transferred
P104909,H072,Orthopedics,2026-04-10,2026-04-11,Emergency,No,Under Treatment
P104910,H050,Radiology,2026-01-12,2026-01-16,Day Care,No,Recovered
P104911,H022,Oncology,2025-03-04,2025-03-14,Emergency,No,Recovered
P104912,H071,Oncology,2025-02-06,2025-02-09,Emergency,No,Recovered
P104913,H064,Oncology,2025-11-18,2025-11-19,Outpatient,No,Under Treatment
P104914,H071,General Medicine,2026-02-04,2026-02-10,Day Care,No,Transferred
P104915,H075,ICU,2026-04-16,2026-04-25,Day Care,Yes,Transferred
P104916,H072,Oncology,2025-12-04,2025-12-06,Day Care,No,Under Treatment
P104917,H076,Neurology,2026-03-16,2026-03-17,Day Care,No,Recovered
P104918,H073,Neurology,2025-02-05,2025-02-12,Outpatient,Yes,Under Treatment
P104919,H070,General Medicine,2025-09-18,2025-09-21,Emergency,Yes,Under Treatment
P104920,H024,ICU,2025-09-16,2025-09-22,Outpatient,No,Recovered
P104921,H069,Cardiology,2025-09-22,2025-09-28,Outpatient,No,Recovered
P104922,H017,Neurology,2025-01-08,2025-01-18,Day Care,Yes,Transferred
P104923,H058,Pediatrics,2025-03-30,2025-04-09,Emergency,No,Recovered
P104924,H041,Oncology,2025-06-03,2025-06-11,Inpatient,No,Under Treatment
P104925,H074,Pediatrics,2025-01-30,2025-02-05,Outpatient,No,Under Treatment
P104926,H029,Cardiology,2026-03-01,2026-03-06,Day Care,No,Transferred
P104927,H030,General Medicine,2025-10-10,2025-10-17,Outpatient,Yes,Transferred
P104928,H091,Oncology,2025-03-24,2025-03-26,Emergency,No,Transferred
P104929,H035,Orthopedics,2025-10-02,2025-10-09,Outpatient,Yes,Recovered
P104930,H013,Emergency,2026-04-04,2026-04-04,Emergency,Yes,Recovered
P104931,H082,ICU,2026-05-01,2026-05-02,Outpatient,No,Under Treatment
P104932,H054,Dermatology,2025-04-07,2025-04-12,Inpatient,No,Under Treatment
P104933,H046,Emergency,2025-08-11,2025-08-21,Emergency,Yes,Recovered
P104934,H097,ICU,2025-03-23,2025-03-30,Inpatient,Yes,Under Treatment
P104935,H081,Orthopedics,2025-01-04,2025-01-07,Day Care,Yes,Recovered
P104936,H049,Orthopedics,2025-07-24,2025-07-27,Outpatient,No,Under Treatment
P104937,H024,Pediatrics,2025-10-06,2025-10-07,Outpatient,Yes,Recovered
P104938,H072,Dermatology,2025-06-29,2025-07-03,Inpatient,Yes,Transferred
P104939,H019,Oncology,2025-03-06,2025-03-08,Inpatient,Yes,Under Treatment
P104940,H046,Cardiology,2026-03-13,2026-03-13,Inpatient,Yes,Under Treatment
P104941,H077,Radiology,2025-07-20,2025-07-25,Day Care,No,Recovered
P104942,H007,ICU,2025-01-20,2025-01-23,Inpatient,No,Under Treatment
P104943,H011,Neurology,2025-03-01,2025-03-08,Inpatient,No,Under Treatment
P104944,H096,Orthopedics,2025-03-20,2025-03-23,Emergency,No,Transferred
P104945,H064,Oncology,2025-12-02,2025-12-10,Emergency,No,Transferred
P104946,H062,ICU,2026-03-20,2026-03-20,Day Care,Yes,Transferred
P104947,H033,Radiology,2025-01-05,2025-01-14,Emergency,No,Transferred
P104948,H023,Radiology,2025-05-15,2025-05-15,Day Care,No,Transferred
P104949,H036,Pediatrics,2025-05-28,2025-05-29,Inpatient,No,Recovered
P104950,H074,Orthopedics,2025-01-24,2025-02-01,Emergency,Yes,Under Treatment
P104951,H018,Orthopedics,2025-03-17,2025-03-17,Outpatient,No,Under Treatment
P104952,H056,Radiology,2025-04-17,2025-04-27,Emergency,Yes,Under Treatment
P104953,H094,Neurology,2025-09-18,2025-09-22,Day Care,Yes,Recovered
P104954,H018,Emergency,2025-10-24,2025-10-25,Outpatient,No,Under Treatment
P104955,H047,Neurology,2026-01-15,2026-01-19,Inpatient,No,Transferred
P104956,H031,Pediatrics,2025-01-22,2025-01-24,Outpatient,No,Transferred
P104957,H064,Emergency,2025-02-24,2025-03-02,Day Care,No,Recovered
P104958,H040,Emergency,2025-09-11,2025-09-15,Emergency,Yes,Recovered
P104959,H096,Dermatology,2025-08-17,2025-08-22,Emergency,Yes,Recovered
P104960,H075,Radiology,2026-04-14,2026-04-16,Inpatient,Yes,Under Treatment
P104961,H095,General Medicine,2025-09-10,2025-09-10,Emergency,Yes,Under Treatment
P104962,H033,ICU,2025-04-30,2025-05-10,Inpatient,Yes,Transferred
P104963,H099,General Medicine,2025-08-21,2025-08-21,Day Care,Yes,Under Treatment
P104964,H087,Pediatrics,2025-10-10,2025-10-11,Outpatient,Yes,Under Treatment
P104965,H066,Neurology,2025-11-18,2025-11-18,Day Care,Yes,Transferred
P104966,H035,Neurology,2025-06-27,2025-07-06,Outpatient,No,Recovered
P104967,H076,General Medicine,2025-02-06,2025-02-14,Inpatient,No,Under Treatment
P104968,H049,Dermatology,2025-08-01,2025-08-05,Emergency,Yes,Recovered
P104969,H094,Radiology,2025-02-18,2025-02-23,Day Care,No,Recovered
P104970,H030,Emergency,2025-06-02,2025-06-05,Emergency,Yes,Recovered
P104971,H099,General Medicine,2025-04-02,2025-04-12,Emergency,Yes,Transferred
P104972,H069,Oncology,2026-01-14,2026-01-18,Inpatient,Yes,Recovered
P104973,H076,Pediatrics,2025-11-26,2025-12-04,Outpatient,Yes,Under Treatment
P104974,H097,Orthopedics,2026-04-27,2026-05-07,Outpatient,Yes,Under Treatment
P104975,H039,General Medicine,2025-08-13,2025-08-15,Day Care,No,Under Treatment
P104976,H029,Dermatology,2026-04-19,2026-04-23,Outpatient,No,Under Treatment
P104977,H050,Orthopedics,2025-03-02,2025-03-05,Inpatient,No,Recovered
P104978,H092,General Medicine,2026-03-14,2026-03-14,Day Care,Yes,Under Treatment
P104979,H057,General Medicine,2025-01-26,2025-02-04,Day Care,No,Under Treatment
P104980,H067,ICU,2026-05-01,2026-05-05,Inpatient,No,Recovered
P104981,H023,Emergency,2025-06-01,2025-06-11,Outpatient,No,Recovered
P104982,H026,General Medicine,2026-02-13,2026-02-19,Inpatient,No,Transferred
P104983,H083,ICU,2025-08-03,2025-08-08,Inpatient,No,Recovered
P104984,H083,Dermatology,2026-05-11,2026-05-15,Outpatient,No,Recovered
P104985,H095,Cardiology,2025-11-27,2025-12-07,Day Care,Yes,Under Treatment
P104986,H038,Emergency,2025-05-15,2025-05-23,Emergency,Yes,Recovered
P104987,H099,ICU,2025-09-26,2025-09-30,Day Care,Yes,Under Treatment
P104988,H044,Pediatrics,2026-02-28,2026-03-01,Outpatient,No,Under Treatment
P104989,H035,Radiology,2025-09-25,2025-10-03,Emergency,Yes,Recovered
P104990,H003,ICU,2025-12-22,2025-12-22,Day Care,Yes,Transferred
P104991,H025,ICU,2025-04-08,2025-04-10,Emergency,No,Transferred
P104992,H079,Orthopedics,2025-10-26,2025-11-05,Emergency,No,Under Treatment
P104993,H059,General Medicine,2025-07-17,2025-07-27,Inpatient,Yes,Under Treatment
P104994,H098,Oncology,2025-01-04,2025-01-04,Outpatient,No,Recovered
P104995,H096,Orthopedics,2026-03-17,2026-03-27,Outpatient,No,Transferred
P104996,H017,Pediatrics,2026-04-21,2026-04-27,Day Care,No,Transferred
P104997,H010,Oncology,2025-07-21,2025-07-27,Outpatient,Yes,Recovered
P104998,H010,Radiology,2025-12-05,2025-12-07,Inpatient,Yes,Transferred
P104999,H021,Pediatrics,2026-01-11,2026-01-15,Outpatient,Yes,Transferred
P105000,H095,Dermatology,2025-07-15,2025-07-16,Day Care,No,Recovered
P105001,H001,Cardiology,2025-11-19,2025-11-23,Inpatient,Yes,Under Treatment
P105002,H025,Oncology,2025-12-14,2025-12-20,Day Care,No,Transferred
P105003,H098,Orthopedics,2025-07-20,2025-07-20,Emergency,No,Under Treatment
P105004,H065,Emergency,2025-11-18,2025-11-25,Inpatient,Yes,Recovered
P105005,H043,ICU,2025-10-14,2025-10-18,Emergency,Yes,Transferred
P105006,H064,Dermatology,2025-09-03,2025-09-06,Emergency,Yes,Transferred
P105007,H040,Cardiology,2025-05-10,2025-05-17,Inpatient,No,Under Treatment
P105008,H018,Dermatology,2025-02-27,2025-03-01,Inpatient,Yes,Under Treatment
P105009,H045,General Medicine,2025-10-01,2025-10-08,Inpatient,No,Recovered
P105010,H019,Cardiology,2026-04-04,2026-04-12,Inpatient,No,Transferred
P105011,H067,Dermatology,2025-11-12,2025-11-12,Inpatient,No,Transferred
P105012,H056,Radiology,2026-01-27,2026-01-30,Outpatient,No,Under Treatment
P105013,H048,Dermatology,2025-09-14,2025-09-24,Emergency,Yes,Under Treatment
P105014,H090,Radiology,2025-02-25,2025-03-04,Emergency,Yes,Transferred
P105015,H058,Oncology,2025-11-02,2025-11-05,Emergency,Yes,Recovered
P105016,H001,Cardiology,2026-02-22,2026-02-27,Outpatient,No,Transferred
P105017,H036,Orthopedics,2025-07-20,2025-07-30,Outpatient,No,Under Treatment
P105018,H044,General Medicine,2025-08-11,2025-08-12,Outpatient,No,Transferred
P105019,H049,Neurology,2026-02-15,2026-02-20,Emergency,Yes,Recovered
P105020,H014,Orthopedics,2025-09-14,2025-09-22,Inpatient,Yes,Transferred
P105021,H031,Pediatrics,2025-03-04,2025-03-12,Outpatient,No,Transferred
P105022,H025,General Medicine,2025-09-23,2025-09-23,Day Care,No,Transferred
P105023,H020,Orthopedics,2025-06-02,2025-06-05,Outpatient,Yes,Transferred
P105024,H073,ICU,2026-01-11,2026-01-15,Outpatient,Yes,Recovered
P105025,H013,Cardiology,2026-02-16,2026-02-17,Outpatient,No,Recovered
P105026,H017,General Medicine,2025-04-23,2025-04-26,Day Care,Yes,Under Treatment
P105027,H057,Dermatology,2026-02-18,2026-02-18,Inpatient,Yes,Recovered
P105028,H021,Orthopedics,2025-05-23,2025-06-02,Outpatient,No,Under Treatment
P105029,H091,Emergency,2025-02-19,2025-02-25,Day Care,Yes,Under Treatment
P105030,H089,Orthopedics,2026-03-28,2026-04-01,Inpatient,Yes,Under Treatment
P105031,H012,Pediatrics,2026-04-26,2026-05-03,Emergency,Yes,Transferred
P105032,H018,Emergency,2025-07-03,2025-07-11,Outpatient,Yes,Under Treatment
P105033,H090,Emergency,2025-02-07,2025-02-09,Emergency,Yes,Under Treatment
P105034,H061,Cardiology,2025-02-10,2025-02-17,Day Care,Yes,Recovered
P105035,H037,Cardiology,2025-03-18,2025-03-25,Emergency,Yes,Under Treatment
P105036,H019,Dermatology,2025-04-08,2025-04-11,Day Care,Yes,Under Treatment
P105037,H058,Pediatrics,2025-07-01,2025-07-11,Outpatient,No,Transferred
P105038,H003,Oncology,2025-03-17,2025-03-26,Emergency,Yes,Under Treatment
P105039,H005,Pediatrics,2025-11-18,2025-11-25,Day Care,Yes,Recovered
P105040,H002,Neurology,2026-02-08,2026-02-09,Outpatient,Yes,Transferred
P105041,H016,Pediatrics,2025-05-16,2025-05-26,Emergency,Yes,Transferred
P105042,H064,General Medicine,2025-10-15,2025-10-20,Day Care,Yes,Recovered
P105043,H016,Orthopedics,2025-08-19,2025-08-22,Day Care,No,Transferred
P105044,H043,Neurology,2025-07-24,2025-07-31,Emergency,Yes,Transferred
P105045,H087,Neurology,2025-09-25,2025-09-25,Day Care,Yes,Recovered
P105046,H029,Neurology,2025-07-10,2025-07-10,Inpatient,No,Recovered
P105047,H096,Radiology,2025-03-29,2025-04-07,Day Care,No,Recovered
P105048,H021,Radiology,2026-01-30,2026-02-07,Outpatient,Yes,Recovered
P105049,H025,Pediatrics,2026-04-24,2026-04-26,Outpatient,Yes,Recovered
P105050,H089,Emergency,2025-01-19,2025-01-28,Day Care,Yes,Under Treatment
P105051,H012,Orthopedics,2025-07-17,2025-07-25,Outpatient,Yes,Recovered
P105052,H026,Pediatrics,2025-03-07,2025-03-10,Day Care,No,Under Treatment
P105053,H029,Oncology,2026-01-04,2026-01-06,Outpatient,Yes,Under Treatment
P105054,H068,Orthopedics,2025-09-05,2025-09-05,Inpatient,No,Transferred
P105055,H019,Dermatology,2025-05-22,2025-05-25,Day Care,Yes,Transferred
P105056,H018,Orthopedics,2025-08-13,2025-08-22,Outpatient,No,Under Treatment
P105057,H055,Orthopedics,2025-12-04,2025-12-13,Inpatient,No,Transferred
P105058,H020,Orthopedics,2025-08-14,2025-08-21,Emergency,No,Recovered
P105059,H037,Emergency,2025-12-19,2025-12-25,Emergency,Yes,Under Treatment
P105060,H075,Emergency,2025-05-15,2025-05-22,Day Care,Yes,Recovered
P105061,H017,General Medicine,2025-10-04,2025-10-08,Inpatient,No,Transferred
P105062,H056,ICU,2025-08-10,2025-08-15,Emergency,Yes,Transferred
P105063,H096,Radiology,2025-10-27,2025-10-29,Inpatient,No,Transferred
P105064,H052,Neurology,2025-12-20,2025-12-22,Inpatient,Yes,Transferred
P105065,H043,Radiology,2026-02-18,2026-02-27,Inpatient,Yes,Transferred
P105066,H055,Neurology,2025-09-01,2025-09-01,Inpatient,Yes,Transferred
P105067,H031,ICU,2025-04-25,2025-04-25,Inpatient,No,Under Treatment
P105068,H056,ICU,2025-12-18,2025-12-20,Outpatient,No,Under Treatment
P105069,H023,General Medicine,2025-01-12,2025-01-19,Emergency,Yes,Transferred
P105070,H100,Dermatology,2025-05-19,2025-05-27,Outpatient,No,Recovered
P105071,H098,Oncology,2025-10-12,2025-10-14,Inpatient,Yes,Recovered
P105072,H071,ICU,2025-02-18,2025-02-24,Day Care,Yes,Recovered
P105073,H066,Pediatrics,2025-10-23,2025-10-31,Outpatient,No,Recovered
P105074,H025,Pediatrics,2025-07-09,2025-07-16,Inpatient,Yes,Transferred
P105075,H061,ICU,2025-12-15,2025-12-18,Emergency,Yes,Recovered
P105076,H061,Pediatrics,2026-03-30,2026-04-06,Emergency,No,Transferred
P105077,H100,Emergency,2025-01-14,2025-01-23,Emergency,Yes,Under Treatment
P105078,H061,Oncology,2025-02-22,2025-03-04,Outpatient,Yes,Recovered
P105079,H091,ICU,2025-07-29,2025-08-01,Emergency,No,Transferred
P105080,H089,Emergency,2025-10-02,2025-10-04,Outpatient,No,Under Treatment
P105081,H078,Radiology,2025-10-03,2025-10-08,Emergency,No,Transferred
P105082,H041,Cardiology,2026-04-25,2026-04-29,Inpatient,No,Under Treatment
P105083,H098,Radiology,2025-11-27,2025-12-06,Inpatient,No,Under Treatment
P105084,H007,Oncology,2025-01-21,2025-01-27,Day Care,Yes,Transferred
P105085,H091,Pediatrics,2025-11-06,2025-11-09,Outpatient,Yes,Recovered
P105086,H072,Orthopedics,2025-01-04,2025-01-09,Inpatient,No,Transferred
P105087,H070,Pediatrics,2026-02-27,2026-02-27,Emergency,Yes,Under Treatment
P105088,H034,Emergency,2026-03-20,2026-03-24,Day Care,No,Transferred
P105089,H080,Radiology,2025-10-17,2025-10-24,Outpatient,No,Under Treatment
P105090,H055,Orthopedics,2025-06-01,2025-06-06,Outpatient,Yes,Under Treatment
P105091,H038,Cardiology,2025-10-23,2025-10-24,Day Care,Yes,Transferred
P105092,H062,Orthopedics,2025-08-14,2025-08-14,Outpatient,Yes,Under Treatment
P105093,H047,Pediatrics,2026-05-01,2026-05-11,Outpatient,No,Recovered
P105094,H030,Oncology,2025-03-13,2025-03-15,Day Care,No,Transferred
P105095,H042,Cardiology,2025-08-12,2025-08-15,Day Care,Yes,Recovered
P105096,H091,ICU,2025-07-08,2025-07-12,Inpatient,No,Recovered
P105097,H092,General Medicine,2025-06-07,2025-06-12,Day Care,Yes,Recovered
P105098,H073,Neurology,2025-04-11,2025-04-20,Day Care,No,Transferred
P105099,H040,Emergency,2025-05-12,2025-05-22,Inpatient,No,Transferred
P105100,H057,Neurology,2025-09-12,2025-09-22,Inpatient,Yes,Transferred
P105101,H039,ICU,2025-03-28,2025-04-04,Outpatient,No,Recovered
P105102,H081,Dermatology,2026-02-28,2026-02-28,Inpatient,Yes,Recovered
P105103,H038,Emergency,2026-01-07,2026-01-13,Emergency,No,Transferred
P105104,H045,Dermatology,2025-05-27,2025-05-31,Emergency,Yes,Recovered
P105105,H039,Cardiology,2025-02-25,2025-03-04,Day Care,No,Transferred
P105106,H048,Orthopedics,2026-03-28,2026-03-28,Inpatient,Yes,Transferred
P105107,H074,Dermatology,2026-01-11,2026-01-15,Inpatient,Yes,Transferred
P105108,H017,Dermatology,2025-10-20,2025-10-22,Day Care,No,Transferred
P105109,H007,General Medicine,2025-11-20,2025-11-24,Inpatient,Yes,Under Treatment
P105110,H070,Oncology,2026-02-23,2026-03-02,Outpatient,No,Recovered
P105111,H086,Emergency,2025-01-10,2025-01-15,Emergency,No,Transferred
P105112,H071,Radiology,2026-03-26,2026-04-03,Day Care,No,Under Treatment
P105113,H094,Radiology,2025-08-10,2025-08-18,Emergency,Yes,Under Treatment
P105114,H031,Orthopedics,2025-10-31,2025-11-08,Day Care,Yes,Recovered
P105115,H059,Emergency,2025-02-09,2025-02-10,Outpatient,Yes,Under Treatment
P105116,H074,General Medicine,2025-09-23,2025-09-26,Inpatient,No,Recovered
P105117,H053,Dermatology,2025-11-16,2025-11-19,Day Care,No,Under Treatment
P105118,H079,Radiology,2025-01-03,2025-01-11,Day Care,Yes,Recovered
P105119,H074,ICU,2025-07-21,2025-07-28,Emergency,No,Under Treatment
P105120,H029,Neurology,2026-02-27,2026-03-08,Day Care,No,Recovered
P105121,H050,Orthopedics,2025-09-13,2025-09-14,Emergency,Yes,Under Treatment
P105122,H081,Radiology,2025-03-31,2025-04-02,Outpatient,Yes,Recovered
P105123,H039,General Medicine,2025-08-03,2025-08-10,Outpatient,No,Recovered
P105124,H062,General Medicine,2026-03-29,2026-04-01,Inpatient,No,Under Treatment
P105125,H089,Oncology,2025-04-01,2025-04-04,Emergency,Yes,Under Treatment
P105126,H096,Orthopedics,2025-02-08,2025-02-14,Emergency,No,Transferred
P105127,H083,Radiology,2025-02-21,2025-03-02,Outpatient,No,Under Treatment
P105128,H020,Dermatology,2026-04-29,2026-05-07,Day Care,Yes,Transferred
P105129,H069,Orthopedics,2025-11-16,2025-11-26,Outpatient,Yes,Under Treatment
P105130,H033,Emergency,2025-03-09,2025-03-11,Day Care,Yes,Recovered
P105131,H041,Orthopedics,2025-04-17,2025-04-22,Day Care,Yes,Transferred
P105132,H071,Neurology,2026-03-11,2026-03-19,Inpatient,Yes,Recovered
P105133,H048,Pediatrics,2026-01-29,2026-01-29,Emergency,Yes,Transferred
P105134,H087,Dermatology,2025-11-12,2025-11-13,Emergency,Yes,Transferred
P105135,H015,General Medicine,2025-12-18,2025-12-24,Inpatient,No,Transferred
P105136,H031,General Medicine,2025-01-09,2025-01-13,Inpatient,Yes,Transferred
P105137,H047,ICU,2025-04-03,2025-04-08,Outpatient,No,Transferred
P105138,H036,Oncology,2026-04-24,2026-04-24,Day Care,No,Under Treatment
P105139,H023,Oncology,2025-09-15,2025-09-23,Outpatient,Yes,Transferred
P105140,H090,ICU,2025-09-27,2025-09-27,Day Care,No,Recovered
P105141,H001,Dermatology,2025-06-11,2025-06-17,Day Care,No,Transferred
P105142,H007,Emergency,2025-08-15,2025-08-21,Emergency,No,Under Treatment
P105143,H075,Neurology,2025-04-27,2025-04-30,Inpatient,Yes,Transferred
P105144,H039,Oncology,2025-03-25,2025-04-02,Day Care,Yes,Recovered
P105145,H008,ICU,2026-03-19,2026-03-19,Day Care,Yes,Transferred
P105146,H065,Radiology,2025-09-11,2025-09-17,Day Care,Yes,Recovered
P105147,H056,Neurology,2025-12-03,2025-12-12,Day Care,No,Under Treatment
P105148,H007,ICU,2026-03-13,2026-03-16,Day Care,No,Transferred
P105149,H005,Pediatrics,2025-02-12,2025-02-17,Inpatient,Yes,Transferred
P105150,H012,Orthopedics,2026-03-18,2026-03-28,Emergency,Yes,Recovered
P105151,H052,Cardiology,2025-06-10,2025-06-17,Outpatient,No,Under Treatment
P105152,H016,Orthopedics,2025-02-02,2025-02-06,Emergency,Yes,Transferred
P105153,H044,Radiology,2025-12-24,2026-01-02,Emergency,No,Recovered
P105154,H045,Oncology,2026-01-28,2026-01-28,Day Care,Yes,Transferred
P105155,H057,Neurology,2026-01-26,2026-01-27,Outpatient,No,Recovered
P105156,H004,ICU,2026-02-17,2026-02-18,Outpatient,No,Under Treatment
P105157,H031,Orthopedics,2025-03-12,2025-03-12,Day Care,Yes,Under Treatment
P105158,H033,Neurology,2025-08-17,2025-08-20,Day Care,Yes,Transferred
P105159,H084,Pediatrics,2025-12-19,2025-12-21,Inpatient,No,Recovered
P105160,H021,Cardiology,2025-11-01,2025-11-03,Inpatient,Yes,Under Treatment
P105161,H017,General Medicine,2025-05-07,2025-05-11,Day Care,Yes,Under Treatment
P105162,H088,ICU,2025-06-12,2025-06-19,Day Care,No,Transferred
P105163,H025,Radiology,2026-03-21,2026-03-23,Emergency,No,Recovered
P105164,H092,Orthopedics,2026-04-28,2026-05-03,Outpatient,Yes,Under Treatment
P105165,H011,Neurology,2026-02-14,2026-02-20,Day Care,Yes,Transferred
P105166,H052,ICU,2025-05-20,2025-05-20,Inpatient,Yes,Transferred
P105167,H026,General Medicine,2025-07-22,2025-07-27,Outpatient,No,Under Treatment
P105168,H037,Neurology,2025-10-10,2025-10-16,Inpatient,No,Recovered
P105169,H079,Cardiology,2026-05-01,2026-05-01,Inpatient,No,Under Treatment
P105170,H097,Pediatrics,2026-04-21,2026-04-29,Inpatient,Yes,Transferred
P105171,H088,Dermatology,2026-03-16,2026-03-21,Day Care,No,Transferred
P105172,H044,Oncology,2025-07-22,2025-07-28,Outpatient,Yes,Recovered
P105173,H089,General Medicine,2025-01-05,2025-01-07,Emergency,No,Recovered
P105174,H060,Emergency,2025-02-22,2025-02-28,Day Care,No,Under Treatment
P105175,H065,Radiology,2025-06-10,2025-06-11,Emergency,No,Transferred
P105176,H051,Cardiology,2025-12-24,2025-12-30,Outpatient,No,Under Treatment
P105177,H086,Neurology,2025-01-17,2025-01-21,Outpatient,Yes,Recovered
P105178,H086,Radiology,2026-01-19,2026-01-23,Emergency,No,Transferred
P105179,H078,Oncology,2025-07-26,2025-07-28,Day Care,No,Under Treatment
P105180,H074,Radiology,2025-04-13,2025-04-23,Inpatient,Yes,Recovered
P105181,H027,Neurology,2026-02-28,2026-03-09,Emergency,No,Transferred
P105182,H021,Oncology,2025-10-20,2025-10-27,Emergency,No,Recovered
P105183,H090,Oncology,2026-01-28,2026-01-28,Day Care,No,Under Treatment
P105184,H051,Orthopedics,2026-04-05,2026-04-06,Day Care,No,Transferred
P105185,H094,General Medicine,2025-09-27,2025-10-03,Inpatient,Yes,Under Treatment
P105186,H022,ICU,2026-04-01,2026-04-02,Inpatient,Yes,Recovered
P105187,H080,General Medicine,2025-10-28,2025-11-04,Day Care,Yes,Transferred
P105188,H007,Dermatology,2026-03-30,2026-04-03,Inpatient,No,Under Treatment
P105189,H040,Cardiology,2026-03-31,2026-04-06,Inpatient,No,Transferred
P105190,H088,Emergency,2026-02-23,2026-03-01,Outpatient,No,Transferred
P105191,H011,Dermatology,2026-01-21,2026-01-31,Inpatient,No,Recovered
P105192,H083,General Medicine,2025-04-07,2025-04-13,Inpatient,Yes,Transferred
P105193,H041,Neurology,2025-02-25,2025-03-03,Inpatient,Yes,Recovered
P105194,H034,Neurology,2026-03-26,2026-03-29,Day Care,No,Under Treatment
P105195,H076,Orthopedics,2025-08-08,2025-08-09,Outpatient,No,Transferred
P105196,H008,Pediatrics,2025-01-22,2025-01-29,Outpatient,Yes,Under Treatment
P105197,H055,Emergency,2026-05-07,2026-05-10,Inpatient,No,Under Treatment
P105198,H008,Oncology,2025-11-23,2025-11-30,Outpatient,No,Transferred
P105199,H022,Cardiology,2025-12-15,2025-12-22,Inpatient,Yes,Recovered
P105200,H013,Emergency,2026-05-10,2026-05-20,Day Care,Yes,Recovered
P105201,H058,Cardiology,2025-09-25,2025-09-28,Day Care,Yes,Under Treatment
P105202,H082,ICU,2026-03-15,2026-03-18,Emergency,No,Recovered
P105203,H026,Pediatrics,2026-04-26,2026-05-06,Inpatient,Yes,Under Treatment
P105204,H060,ICU,2025-12-02,2025-12-09,Inpatient,Yes,Under Treatment
P105205,H037,Dermatology,2026-01-22,2026-01-27,Emergency,Yes,Recovered
P105206,H097,ICU,2026-02-14,2026-02-21,Day Care,No,Recovered
P105207,H098,Cardiology,2026-03-15,2026-03-22,Emergency,No,Under Treatment
P105208,H013,Pediatrics,2025-03-22,2025-03-24,Outpatient,No,Transferred
P105209,H011,Dermatology,2026-05-07,2026-05-07,Emergency,No,Transferred
P105210,H016,Radiology,2025-11-14,2025-11-17,Outpatient,Yes,Under Treatment
P105211,H045,Pediatrics,2026-03-21,2026-03-25,Inpatient,No,Transferred
P105212,H100,Neurology,2025-09-21,2025-09-23,Day Care,Yes,Under Treatment
P105213,H078,General Medicine,2025-11-02,2025-11-02,Emergency,Yes,Transferred
P105214,H074,General Medicine,2026-01-12,2026-01-13,Emergency,No,Recovered
P105215,H002,Oncology,2025-10-28,2025-11-02,Day Care,Yes,Transferred
P105216,H100,Neurology,2025-06-02,2025-06-08,Emergency,Yes,Under Treatment
P105217,H051,Dermatology,2026-02-10,2026-02-16,Outpatient,Yes,Transferred
P105218,H062,Radiology,2025-12-23,2025-12-24,Inpatient,Yes,Recovered
P105219,H096,Oncology,2025-03-05,2025-03-07,Inpatient,Yes,Transferred
P105220,H065,Emergency,2026-03-28,2026-04-01,Outpatient,Yes,Under Treatment
P105221,H099,Neurology,2026-04-01,2026-04-10,Day Care,No,Under Treatment
P105222,H006,Cardiology,2025-06-26,2025-07-06,Day Care,No,Under Treatment
P105223,H075,Dermatology,2025-11-28,2025-12-02,Emergency,Yes,Recovered
P105224,H014,Cardiology,2026-05-05,2026-05-07,Inpatient,Yes,Transferred
P105225,H051,General Medicine,2026-04-05,2026-04-09,Inpatient,No,Transferred
P105226,H016,Dermatology,2026-04-21,2026-05-01,Outpatient,No,Transferred
P105227,H100,Emergency,2025-03-05,2025-03-13,Day Care,No,Under Treatment
P105228,H009,Neurology,2025-02-23,2025-02-26,Outpatient,No,Under Treatment
P105229,H085,ICU,2025-11-18,2025-11-26,Outpatient,Yes,Recovered
P105230,H055,Orthopedics,2025-07-28,2025-07-29,Outpatient,No,Recovered
P105231,H037,Cardiology,2025-09-14,2025-09-24,Outpatient,No,Recovered
P105232,H019,Oncology,2025-12-11,2025-12-13,Emergency,No,Recovered
P105233,H040,Dermatology,2025-06-12,2025-06-20,Inpatient,No,Under Treatment
P105234,H098,ICU,2025-04-19,2025-04-19,Outpatient,Yes,Under Treatment
P105235,H028,Emergency,2025-02-03,2025-02-13,Emergency,No,Recovered
P105236,H030,Dermatology,2026-02-18,2026-02-21,Emergency,Yes,Recovered
P105237,H059,Dermatology,2025-09-11,2025-09-11,Outpatient,No,Transferred
P105238,H075,Neurology,2026-01-25,2026-01-30,Day Care,No,Recovered
P105239,H034,Cardiology,2026-03-10,2026-03-14,Emergency,No,Transferred
P105240,H082,Emergency,2025-09-09,2025-09-15,Inpatient,Yes,Transferred
P105241,H061,Radiology,2026-04-14,2026-04-17,Outpatient,Yes,Transferred
P105242,H052,ICU,2025-06-26,2025-07-02,Outpatient,Yes,Recovered
P105243,H049,Neurology,2025-04-07,2025-04-14,Inpatient,No,Transferred
P105244,H003,Emergency,2025-03-21,2025-03-25,Day Care,Yes,Transferred
P105245,H060,Cardiology,2025-01-22,2025-01-22,Day Care,Yes,Recovered
P105246,H056,Dermatology,2026-03-19,2026-03-20,Day Care,No,Recovered
P105247,H072,Radiology,2026-02-22,2026-03-02,Day Care,Yes,Under Treatment
P105248,H091,Pediatrics,2025-10-10,2025-10-17,Outpatient,Yes,Transferred
P105249,H085,Oncology,2026-02-20,2026-02-20,Inpatient,Yes,Transferred
P105250,H057,ICU,2025-09-07,2025-09-12,Outpatient,Yes,Transferred
P105251,H083,Emergency,2026-05-12,2026-05-12,Inpatient,No,Recovered
P105252,H014,Cardiology,2025-07-20,2025-07-25,Outpatient,No,Recovered
P105253,H058,Radiology,2025-12-08,2025-12-10,Outpatient,No,Transferred
P105254,H065,ICU,2026-02-18,2026-02-23,Inpatient,Yes,Under Treatment
P105255,H094,Orthopedics,2026-01-04,2026-01-08,Emergency,No,Under Treatment
P105256,H089,General Medicine,2025-09-09,2025-09-09,Outpatient,No,Transferred
P105257,H058,Pediatrics,2025-11-24,2025-11-28,Emergency,No,Under Treatment
P105258,H001,Dermatology,2025-04-12,2025-04-22,Day Care,Yes,Transferred
P105259,H052,Orthopedics,2025-02-01,2025-02-06,Day Care,Yes,Transferred
P105260,H022,Radiology,2025-10-07,2025-10-14,Day Care,Yes,Under Treatment
P105261,H009,Orthopedics,2026-04-09,2026-04-16,Inpatient,No,Recovered
P105262,H026,Neurology,2025-07-17,2025-07-25,Inpatient,Yes,Under Treatment
P105263,H073,Cardiology,2026-02-14,2026-02-15,Day Care,No,Transferred
P105264,H055,Oncology,2025-06-19,2025-06-26,Outpatient,Yes,Recovered
P105265,H058,Neurology,2025-11-20,2025-11-22,Inpatient,Yes,Recovered
P105266,H032,Orthopedics,2025-05-26,2025-05-27,Outpatient,No,Transferred
P105267,H073,Oncology,2025-01-03,2025-01-04,Outpatient,Yes,Transferred
P105268,H069,ICU,2026-01-31,2026-02-10,Outpatient,No,Under Treatment
P105269,H013,Dermatology,2026-01-26,2026-01-26,Day Care,No,Transferred
P105270,H061,Pediatrics,2025-10-18,2025-10-24,Day Care,Yes,Under Treatment
P105271,H092,Pediatrics,2026-01-25,2026-02-01,Inpatient,Yes,Transferred
P105272,H006,Dermatology,2025-05-05,2025-05-12,Inpatient,Yes,Under Treatment
P105273,H014,Neurology,2025-02-28,2025-03-06,Emergency,Yes,Transferred
P105274,H062,ICU,2025-05-26,2025-06-01,Outpatient,No,Recovered
P105275,H051,Neurology,2025-07-17,2025-07-27,Outpatient,Yes,Under Treatment
P105276,H095,General Medicine,2026-03-29,2026-04-01,Day Care,No,Transferred
P105277,H048,Radiology,2025-04-06,2025-04-15,Emergency,No,Recovered
P105278,H060,Neurology,2025-06-02,2025-06-11,Inpatient,Yes,Transferred
P105279,H021,Neurology,2025-07-06,2025-07-08,Outpatient,Yes,Recovered
P105280,H086,Neurology,2025-06-09,2025-06-10,Inpatient,No,Under Treatment
P105281,H050,General Medicine,2025-08-18,2025-08-19,Emergency,No,Recovered
P105282,H019,Orthopedics,2025-01-04,2025-01-10,Day Care,No,Recovered
P105283,H042,ICU,2025-12-16,2025-12-21,Day Care,No,Recovered
P105284,H034,Oncology,2025-08-15,2025-08-21,Emergency,No,Recovered
P105285,H045,Oncology,2025-01-27,2025-02-01,Day Care,Yes,Recovered
P105286,H049,Pediatrics,2026-05-05,2026-05-12,Emergency,Yes,Recovered
P105287,H079,Orthopedics,2025-10-16,2025-10-16,Day Care,No,Transferred
P105288,H011,Pediatrics,2025-12-23,2025-12-29,Outpatient,Yes,Transferred
P105289,H014,Neurology,2025-11-25,2025-12-03,Outpatient,Yes,Recovered
P105290,H035,General Medicine,2025-10-09,2025-10-13,Emergency,Yes,Under Treatment
P105291,H099,ICU,2025-12-11,2025-12-13,Day Care,No,Recovered
P105292,H010,Emergency,2025-02-08,2025-02-13,Inpatient,No,Transferred
P105293,H062,General Medicine,2026-05-01,2026-05-09,Outpatient,Yes,Transferred
P105294,H047,Neurology,2025-04-23,2025-04-28,Outpatient,Yes,Transferred
P105295,H046,Dermatology,2025-03-13,2025-03-16,Emergency,Yes,Under Treatment
P105296,H080,Dermatology,2025-05-26,2025-05-26,Outpatient,Yes,Under Treatment
P105297,H099,Radiology,2026-02-16,2026-02-24,Day Care,No,Recovered
P105298,H085,Pediatrics,2025-12-05,2025-12-10,Outpatient,No,Recovered
P105299,H066,Emergency,2025-09-28,2025-10-04,Day Care,No,Under Treatment
P105300,H060,Cardiology,2025-11-23,2025-12-02,Day Care,Yes,Transferred
P105301,H060,Dermatology,2025-05-11,2025-05-14,Outpatient,No,Under Treatment
P105302,H073,ICU,2026-01-08,2026-01-14,Emergency,Yes,Recovered
P105303,H030,Neurology,2025-06-04,2025-06-08,Inpatient,Yes,Transferred
P105304,H023,Orthopedics,2026-02-20,2026-02-25,Inpatient,Yes,Under Treatment
P105305,H075,Radiology,2025-03-09,2025-03-16,Inpatient,No,Recovered
P105306,H028,Oncology,2026-02-23,2026-02-27,Emergency,No,Under Treatment
P105307,H093,Neurology,2025-08-27,2025-09-01,Day Care,No,Under Treatment
P105308,H005,Neurology,2025-04-15,2025-04-21,Day Care,Yes,Recovered
P105309,H008,Oncology,2026-02-23,2026-02-26,Outpatient,No,Recovered
P105310,H052,Oncology,2025-01-19,2025-01-21,Day Care,No,Under Treatment
P105311,H036,ICU,2025-05-16,2025-05-18,Emergency,Yes,Under Treatment
P105312,H032,Radiology,2025-10-25,2025-11-02,Inpatient,No,Recovered
P105313,H005,General Medicine,2025-12-03,2025-12-13,Inpatient,No,Under Treatment
P105314,H041,Radiology,2026-04-15,2026-04-25,Day Care,Yes,Recovered
P105315,H003,Radiology,2026-04-09,2026-04-13,Emergency,No,Under Treatment
P105316,H086,Dermatology,2025-09-14,2025-09-17,Inpatient,No,Recovered
P105317,H088,Orthopedics,2025-04-03,2025-04-03,Day Care,Yes,Under Treatment
P105318,H057,Cardiology,2025-08-20,2025-08-30,Inpatient,No,Under Treatment
P105319,H024,Neurology,2025-09-27,2025-09-28,Day Care,No,Transferred
P105320,H043,Orthopedics,2026-03-25,2026-04-04,Emergency,No,Transferred
P105321,H051,Pediatrics,2025-02-13,2025-02-18,Day Care,No,Under Treatment
P105322,H002,General Medicine,2025-07-16,2025-07-22,Outpatient,Yes,Transferred
P105323,H092,Pediatrics,2025-09-28,2025-10-08,Emergency,Yes,Transferred
P105324,H030,Oncology,2025-03-04,2025-03-04,Outpatient,No,Transferred
P105325,H071,Radiology,2025-02-20,2025-02-26,Emergency,No,Transferred
P105326,H052,Dermatology,2025-01-15,2025-01-17,Inpatient,Yes,Transferred
P105327,H027,Emergency,2025-03-01,2025-03-07,Emergency,Yes,Under Treatment
P105328,H007,Radiology,2026-02-24,2026-03-05,Day Care,No,Under Treatment
P105329,H073,Neurology,2025-05-29,2025-06-07,Day Care,No,Transferred
P105330,H088,Neurology,2025-10-16,2025-10-16,Inpatient,No,Transferred
P105331,H074,Dermatology,2025-11-23,2025-11-26,Outpatient,No,Under Treatment
P105332,H058,General Medicine,2025-06-26,2025-07-03,Inpatient,No,Transferred
P105333,H008,Radiology,2025-10-19,2025-10-26,Day Care,Yes,Recovered
P105334,H038,Orthopedics,2026-02-17,2026-02-22,Outpatient,No,Under Treatment
P105335,H049,Dermatology,2025-07-11,2025-07-20,Emergency,Yes,Under Treatment
P105336,H038,Neurology,2025-01-28,2025-02-04,Emergency,No,Recovered
P105337,H007,Emergency,2026-02-21,2026-03-03,Outpatient,Yes,Under Treatment
P105338,H015,Pediatrics,2025-01-16,2025-01-17,Emergency,Yes,Under Treatment
P105339,H052,Pediatrics,2025-04-06,2025-04-08,Outpatient,No,Under Treatment
P105340,H055,Cardiology,2025-06-26,2025-06-29,Day Care,Yes,Transferred
P105341,H066,Dermatology,2025-09-09,2025-09-14,Emergency,Yes,Under Treatment
P105342,H038,General Medicine,2026-02-28,2026-03-07,Inpatient,Yes,Transferred
P105343,H100,Emergency,2026-02-07,2026-02-11,Outpatient,No,Transferred
P105344,H019,Pediatrics,2025-04-20,2025-04-27,Inpatient,No,Recovered
P105345,H066,Orthopedics,2026-03-10,2026-03-18,Day Care,No,Recovered
P105346,H088,Neurology,2026-05-10,2026-05-18,Outpatient,Yes,Recovered
P105347,H042,Pediatrics,2025-06-01,2025-06-01,Inpatient,No,Recovered
P105348,H014,ICU,2025-03-13,2025-03-18,Inpatient,Yes,Recovered
P105349,H087,Cardiology,2026-01-07,2026-01-13,Emergency,No,Transferred
P105350,H090,Neurology,2025-09-12,2025-09-15,Inpatient,Yes,Transferred
P105351,H070,Cardiology,2025-11-03,2025-11-12,Emergency,No,Under Treatment
P105352,H050,Radiology,2025-11-22,2025-11-24,Day Care,Yes,Recovered
P105353,H089,Neurology,2026-04-08,2026-04-08,Emergency,Yes,Transferred
P105354,H044,Neurology,2025-08-20,2025-08-24,Inpatient,No,Transferred
P105355,H100,Oncology,2025-04-13,2025-04-18,Inpatient,Yes,Transferred
P105356,H093,Cardiology,2025-02-18,2025-02-27,Inpatient,No,Under Treatment
P105357,H046,Emergency,2025-11-15,2025-11-18,Inpatient,Yes,Under Treatment
P105358,H072,Dermatology,2025-06-11,2025-06-16,Day Care,Yes,Under Treatment
P105359,H060,Dermatology,2025-12-23,2025-12-27,Outpatient,No,Transferred
P105360,H042,Emergency,2025-03-12,2025-03-15,Outpatient,No,Recovered
P105361,H025,Radiology,2025-11-04,2025-11-05,Inpatient,Yes,Transferred
P105362,H006,Orthopedics,2026-01-10,2026-01-20,Outpatient,No,Transferred
P105363,H047,Orthopedics,2025-10-04,2025-10-14,Outpatient,No,Transferred
P105364,H070,Neurology,2025-05-08,2025-05-18,Inpatient,Yes,Recovered
P105365,H033,Emergency,2025-01-08,2025-01-18,Emergency,No,Under Treatment
P105366,H041,Oncology,2026-04-26,2026-05-06,Emergency,No,Under Treatment
P105367,H091,Neurology,2025-12-28,2025-12-31,Outpatient,Yes,Under Treatment
P105368,H008,Radiology,2025-02-06,2025-02-06,Emergency,Yes,Transferred
P105369,H049,ICU,2025-10-14,2025-10-23,Outpatient,No,Under Treatment
P105370,H067,Neurology,2026-03-09,2026-03-14,Inpatient,No,Under Treatment
P105371,H009,Dermatology,2025-03-08,2025-03-17,Outpatient,Yes,Recovered
P105372,H034,Orthopedics,2025-07-23,2025-07-27,Emergency,No,Under Treatment
P105373,H098,Oncology,2025-05-14,2025-05-15,Day Care,Yes,Recovered
P105374,H035,Neurology,2026-03-02,2026-03-02,Day Care,Yes,Transferred
P105375,H052,Neurology,2025-10-11,2025-10-19,Emergency,No,Recovered
P105376,H033,Emergency,2025-05-28,2025-06-07,Emergency,Yes,Transferred
P105377,H030,Oncology,2025-09-19,2025-09-19,Inpatient,No,Recovered
P105378,H071,Emergency,2025-10-04,2025-10-11,Day Care,Yes,Recovered
P105379,H035,Cardiology,2025-10-06,2025-10-11,Outpatient,Yes,Recovered
P105380,H095,Radiology,2025-07-01,2025-07-08,Emergency,Yes,Transferred
P105381,H088,Oncology,2025-11-11,2025-11-16,Emergency,No,Recovered
P105382,H064,Oncology,2025-11-30,2025-12-08,Outpatient,Yes,Recovered
P105383,H082,Pediatrics,2026-02-01,2026-02-06,Day Care,No,Recovered
P105384,H015,Cardiology,2025-03-19,2025-03-21,Emergency,Yes,Transferred
P105385,H038,Oncology,2025-05-23,2025-05-31,Emergency,Yes,Recovered
P105386,H096,Orthopedics,2025-08-06,2025-08-15,Day Care,Yes,Transferred
P105387,H085,Dermatology,2026-03-18,2026-03-21,Outpatient,No,Under Treatment
P105388,H052,Pediatrics,2026-05-16,2026-05-18,Day Care,Yes,Under Treatment
P105389,H042,Radiology,2026-03-09,2026-03-09,Inpatient,No,Under Treatment
P105390,H031,Dermatology,2026-03-30,2026-04-03,Outpatient,No,Transferred
P105391,H041,Neurology,2025-02-10,2025-02-12,Outpatient,No,Transferred
P105392,H058,Emergency,2025-02-05,2025-02-14,Day Care,No,Recovered
P105393,H052,Orthopedics,2025-02-22,2025-02-27,Outpatient,No,Recovered
P105394,H097,General Medicine,2025-02-14,2025-02-22,Emergency,No,Transferred
P105395,H073,ICU,2026-01-24,2026-01-28,Emergency,No,Under Treatment
P105396,H013,Radiology,2025-07-04,2025-07-06,Day Care,Yes,Transferred
P105397,H021,Orthopedics,2025-01-21,2025-01-28,Outpatient,No,Recovered
P105398,H005,Radiology,2026-03-20,2026-03-22,Outpatient,Yes,Transferred
P105399,H003,ICU,2025-04-13,2025-04-17,Outpatient,Yes,Under Treatment
P105400,H020,Oncology,2026-02-12,2026-02-15,Emergency,No,Recovered
P105401,H063,Cardiology,2026-03-02,2026-03-12,Emergency,Yes,Under Treatment
P105402,H039,Neurology,2025-03-27,2025-03-28,Inpatient,Yes,Recovered
P105403,H041,ICU,2025-04-17,2025-04-25,Outpatient,Yes,Transferred
P105404,H016,ICU,2025-05-04,2025-05-13,Inpatient,Yes,Recovered
P105405,H021,Orthopedics,2025-04-17,2025-04-24,Day Care,No,Transferred
P105406,H035,Emergency,2025-11-15,2025-11-25,Inpatient,Yes,Recovered
P105407,H093,Dermatology,2026-01-04,2026-01-14,Outpatient,Yes,Under Treatment
P105408,H058,Neurology,2025-09-06,2025-09-06,Outpatient,No,Transferred
P105409,H066,Cardiology,2025-09-05,2025-09-06,Outpatient,Yes,Under Treatment
P105410,H051,Pediatrics,2025-01-31,2025-02-07,Day Care,Yes,Recovered
P105411,H041,Cardiology,2025-01-12,2025-01-16,Outpatient,No,Under Treatment
P105412,H024,General Medicine,2025-08-03,2025-08-12,Inpatient,No,Recovered
P105413,H027,Orthopedics,2025-12-19,2025-12-29,Day Care,Yes,Transferred
P105414,H032,Dermatology,2025-02-23,2025-03-02,Outpatient,Yes,Recovered
P105415,H017,Emergency,2026-01-22,2026-01-23,Inpatient,Yes,Under Treatment
P105416,H027,General Medicine,2026-03-05,2026-03-12,Inpatient,Yes,Under Treatment
P105417,H074,ICU,2025-07-19,2025-07-24,Day Care,Yes,Transferred
P105418,H075,Radiology,2025-03-19,2025-03-28,Outpatient,Yes,Recovered
P105419,H085,Emergency,2026-04-06,2026-04-12,Outpatient,No,Under Treatment
P105420,H043,Oncology,2025-10-27,2025-11-04,Day Care,No,Transferred
P105421,H096,Neurology,2025-11-22,2025-11-26,Emergency,No,Transferred
P105422,H097,Oncology,2026-03-25,2026-04-03,Outpatient,Yes,Transferred
P105423,H099,Oncology,2026-04-30,2026-04-30,Inpatient,No,Under Treatment
P105424,H040,Emergency,2025-05-15,2025-05-18,Outpatient,No,Under Treatment
P105425,H092,Cardiology,2025-05-18,2025-05-26,Inpatient,No,Under Treatment
P105426,H019,Dermatology,2026-01-29,2026-02-01,Inpatient,Yes,Recovered
P105427,H065,Oncology,2025-10-13,2025-10-16,Emergency,Yes,Recovered
P105428,H001,Pediatrics,2026-03-24,2026-04-03,Outpatient,No,Transferred
P105429,H032,Pediatrics,2025-06-04,2025-06-07,Inpatient,Yes,Recovered
P105430,H091,Oncology,2026-04-15,2026-04-24,Inpatient,Yes,Transferred
P105431,H075,Emergency,2025-10-25,2025-11-04,Day Care,Yes,Transferred
P105432,H089,General Medicine,2025-12-06,2025-12-08,Day Care,Yes,Recovered
P105433,H089,Radiology,2025-07-21,2025-07-23,Emergency,No,Recovered
P105434,H014,Pediatrics,2025-11-04,2025-11-06,Day Care,Yes,Under Treatment
P105435,H037,Orthopedics,2025-07-02,2025-07-03,Emergency,No,Under Treatment
P105436,H064,ICU,2026-03-27,2026-04-02,Outpatient,No,Recovered
P105437,H026,Emergency,2025-02-13,2025-02-22,Outpatient,Yes,Recovered
P105438,H070,Orthopedics,2026-02-06,2026-02-16,Emergency,No,Transferred
P105439,H004,Dermatology,2026-05-05,2026-05-08,Day Care,Yes,Recovered
P105440,H071,Orthopedics,2026-05-13,2026-05-13,Inpatient,No,Transferred
P105441,H089,Cardiology,2025-08-12,2025-08-19,Emergency,Yes,Recovered
P105442,H016,General Medicine,2025-08-02,2025-08-02,Outpatient,Yes,Recovered
P105443,H040,Pediatrics,2026-05-07,2026-05-13,Emergency,No,Transferred
P105444,H078,Dermatology,2026-05-11,2026-05-19,Day Care,Yes,Under Treatment
P105445,H051,ICU,2025-03-27,2025-03-29,Day Care,Yes,Recovered
P105446,H039,Emergency,2025-09-26,2025-10-06,Inpatient,No,Recovered
P105447,H020,Neurology,2025-05-23,2025-05-28,Emergency,No,Transferred
P105448,H038,Pediatrics,2026-03-06,2026-03-11,Day Care,No,Recovered
P105449,H007,Cardiology,2025-10-12,2025-10-12,Emergency,Yes,Under Treatment
P105450,H066,Cardiology,2025-05-14,2025-05-19,Emergency,No,Recovered
P105451,H065,ICU,2025-04-04,2025-04-07,Inpatient,No,Under Treatment
P105452,H076,Dermatology,2025-09-24,2025-09-27,Outpatient,Yes,Transferred
P105453,H021,General Medicine,2025-05-13,2025-05-22,Day Care,Yes,Under Treatment
P105454,H050,Oncology,2025-07-23,2025-07-24,Day Care,Yes,Recovered
P105455,H005,Radiology,2025-11-14,2025-11-18,Emergency,Yes,Under Treatment
P105456,H083,General Medicine,2026-03-04,2026-03-09,Emergency,Yes,Transferred
P105457,H061,Dermatology,2026-01-11,2026-01-16,Day Care,Yes,Under Treatment
P105458,H042,Radiology,2025-04-05,2025-04-06,Day Care,No,Recovered
P105459,H100,Orthopedics,2025-12-28,2026-01-03,Day Care,No,Under Treatment
P105460,H052,ICU,2025-05-23,2025-05-26,Emergency,Yes,Under Treatment
P105461,H005,ICU,2025-04-13,2025-04-16,Emergency,Yes,Recovered
P105462,H049,ICU,2025-11-28,2025-12-06,Outpatient,No,Transferred
P105463,H065,General Medicine,2025-03-05,2025-03-10,Inpatient,No,Recovered
P105464,H007,Orthopedics,2026-02-20,2026-03-01,Inpatient,No,Transferred
P105465,H054,ICU,2026-04-16,2026-04-24,Outpatient,Yes,Under Treatment
P105466,H059,Orthopedics,2025-09-13,2025-09-16,Emergency,No,Transferred
P105467,H039,Orthopedics,2025-09-22,2025-09-22,Emergency,No,Under Treatment
P105468,H014,ICU,2025-01-17,2025-01-20,Inpatient,Yes,Under Treatment
P105469,H031,Radiology,2025-02-12,2025-02-14,Outpatient,No,Under Treatment
P105470,H005,Cardiology,2025-01-11,2025-01-13,Day Care,Yes,Under Treatment
P105471,H055,Emergency,2026-02-06,2026-02-13,Outpatient,No,Under Treatment
P105472,H070,Dermatology,2025-05-26,2025-05-30,Inpatient,No,Recovered
P105473,H060,Orthopedics,2025-06-22,2025-07-01,Emergency,No,Under Treatment
P105474,H014,Dermatology,2025-03-13,2025-03-15,Outpatient,No,Under Treatment
P105475,H005,Orthopedics,2026-05-03,2026-05-10,Emergency,No,Recovered
P105476,H053,Cardiology,2025-07-20,2025-07-27,Outpatient,No,Recovered
P105477,H030,Dermatology,2025-04-12,2025-04-21,Day Care,No,Under Treatment
P105478,H054,Radiology,2026-05-13,2026-05-14,Outpatient,Yes,Recovered
P105479,H059,Emergency,2025-10-21,2025-10-23,Outpatient,Yes,Recovered
P105480,H082,Cardiology,2025-08-27,2025-09-01,Inpatient,No,Under Treatment
P105481,H061,Cardiology,2025-03-10,2025-03-16,Day Care,Yes,Transferred
P105482,H073,Cardiology,2026-05-03,2026-05-05,Inpatient,No,Under Treatment
P105483,H011,Orthopedics,2026-05-07,2026-05-17,Inpatient,No,Recovered
P105484,H040,Dermatology,2025-01-20,2025-01-21,Outpatient,No,Transferred
P105485,H007,Cardiology,2025-04-28,2025-05-07,Inpatient,No,Transferred
P105486,H070,Emergency,2026-03-17,2026-03-21,Outpatient,No,Transferred
P105487,H013,Neurology,2025-04-17,2025-04-22,Inpatient,Yes,Under Treatment
P105488,H046,Dermatology,2025-03-17,2025-03-24,Emergency,No,Under Treatment
P105489,H013,Oncology,2025-03-19,2025-03-19,Outpatient,No,Under Treatment
P105490,H065,Emergency,2025-08-16,2025-08-17,Emergency,No,Recovered
P105491,H035,Cardiology,2025-07-27,2025-08-05,Outpatient,No,Transferred
P105492,H016,Neurology,2025-03-15,2025-03-18,Emergency,Yes,Transferred
P105493,H030,ICU,2025-10-21,2025-10-26,Day Care,Yes,Transferred
P105494,H098,Pediatrics,2026-01-23,2026-02-01,Outpatient,No,Transferred
P105495,H083,Emergency,2026-04-21,2026-04-22,Outpatient,Yes,Recovered
P105496,H070,ICU,2025-11-23,2025-11-28,Day Care,Yes,Transferred
P105497,H075,Dermatology,2025-02-13,2025-02-20,Day Care,No,Transferred
P105498,H085,Dermatology,2025-06-04,2025-06-05,Day Care,No,Transferred
P105499,H048,General Medicine,2025-03-13,2025-03-16,Inpatient,No,Transferred
P105500,H069,Oncology,2025-05-19,2025-05-26,Inpatient,Yes,Transferred
P105501,H004,Neurology,2026-02-04,2026-02-10,Inpatient,No,Transferred
P105502,H035,Emergency,2025-07-30,2025-08-08,Emergency,No,Under Treatment
P105503,H008,ICU,2025-05-28,2025-06-07,Day Care,Yes,Transferred
P105504,H091,Pediatrics,2026-02-05,2026-02-06,Emergency,Yes,Recovered
P105505,H041,Emergency,2025-12-03,2025-12-11,Day Care,Yes,Transferred
P105506,H060,Orthopedics,2025-07-11,2025-07-14,Outpatient,Yes,Under Treatment
P105507,H039,Oncology,2026-03-12,2026-03-21,Day Care,No,Recovered
P105508,H019,Oncology,2026-02-01,2026-02-08,Outpatient,Yes,Under Treatment
P105509,H068,Oncology,2025-10-29,2025-11-08,Emergency,Yes,Under Treatment
P105510,H068,Emergency,2025-09-07,2025-09-11,Inpatient,Yes,Transferred
P105511,H089,ICU,2025-03-30,2025-04-07,Emergency,Yes,Under Treatment
P105512,H008,Emergency,2025-11-20,2025-11-25,Outpatient,Yes,Transferred
P105513,H037,ICU,2025-08-13,2025-08-19,Outpatient,Yes,Transferred
P105514,H012,Oncology,2025-07-23,2025-07-23,Day Care,No,Recovered
P105515,H067,Oncology,2025-07-21,2025-07-28,Outpatient,No,Under Treatment
P105516,H069,Oncology,2026-01-02,2026-01-10,Day Care,No,Recovered
P105517,H078,Radiology,2026-05-03,2026-05-04,Outpatient,Yes,Recovered
P105518,H078,Orthopedics,2025-04-29,2025-05-01,Day Care,No,Transferred
P105519,H023,Orthopedics,2025-09-03,2025-09-13,Day Care,No,Recovered
P105520,H029,Orthopedics,2025-04-20,2025-04-22,Inpatient,No,Transferred
P105521,H087,Oncology,2025-09-28,2025-09-29,Inpatient,No,Transferred
P105522,H061,Radiology,2025-05-25,2025-05-29,Day Care,No,Under Treatment
P105523,H078,Oncology,2025-02-21,2025-03-02,Inpatient,Yes,Transferred
P105524,H078,Orthopedics,2026-03-19,2026-03-20,Inpatient,Yes,Under Treatment
P105525,H008,Dermatology,2026-04-01,2026-04-03,Emergency,No,Recovered
P105526,H001,Pediatrics,2025-11-15,2025-11-21,Day Care,Yes,Under Treatment
P105527,H074,Emergency,2025-08-11,2025-08-12,Day Care,Yes,Recovered
P105528,H022,Radiology,2026-03-22,2026-04-01,Inpatient,Yes,Under Treatment
P105529,H023,Oncology,2025-02-17,2025-02-23,Day Care,No,Recovered
P105530,H098,Pediatrics,2025-04-24,2025-04-26,Emergency,Yes,Under Treatment
P105531,H050,Pediatrics,2025-07-20,2025-07-20,Inpatient,Yes,Transferred
P105532,H046,Neurology,2025-07-23,2025-07-29,Inpatient,No,Recovered
P105533,H069,Dermatology,2025-12-04,2025-12-12,Day Care,No,Under Treatment
P105534,H030,Cardiology,2025-10-29,2025-11-06,Outpatient,No,Transferred
P105535,H084,Pediatrics,2026-03-29,2026-03-30,Day Care,No,Recovered
P105536,H061,Oncology,2025-07-07,2025-07-13,Day Care,Yes,Under Treatment
P105537,H100,ICU,2025-08-23,2025-08-28,Inpatient,No,Recovered
P105538,H037,ICU,2025-03-29,2025-03-31,Emergency,Yes,Transferred
P105539,H096,Dermatology,2025-03-01,2025-03-11,Inpatient,Yes,Under Treatment
P105540,H042,Emergency,2025-10-21,2025-10-21,Emergency,Yes,Recovered
P105541,H035,Pediatrics,2025-05-14,2025-05-15,Inpatient,No,Transferred
P105542,H073,Emergency,2025-06-25,2025-06-25,Outpatient,No,Under Treatment
P105543,H005,Cardiology,2026-02-07,2026-02-13,Emergency,No,Under Treatment
P105544,H066,Dermatology,2025-04-03,2025-04-06,Outpatient,No,Under Treatment
P105545,H019,Cardiology,2025-07-27,2025-07-30,Inpatient,No,Transferred
P105546,H075,Oncology,2025-11-16,2025-11-23,Outpatient,Yes,Recovered
P105547,H049,Pediatrics,2025-05-03,2025-05-13,Emergency,Yes,Under Treatment
P105548,H020,Emergency,2025-10-31,2025-11-06,Outpatient,Yes,Transferred
P105549,H092,Emergency,2026-03-31,2026-04-08,Day Care,Yes,Transferred
P105550,H017,Radiology,2025-07-23,2025-07-31,Outpatient,No,Under Treatment
P105551,H032,ICU,2025-05-16,2025-05-24,Day Care,No,Under Treatment
P105552,H013,Pediatrics,2026-02-05,2026-02-07,Emergency,No,Transferred
P105553,H019,ICU,2025-12-02,2025-12-07,Emergency,Yes,Under Treatment
P105554,H067,ICU,2026-05-15,2026-05-25,Outpatient,Yes,Under Treatment
P105555,H072,Radiology,2025-07-25,2025-07-30,Day Care,No,Under Treatment
P105556,H019,Pediatrics,2025-01-15,2025-01-23,Outpatient,No,Recovered
P105557,H046,General Medicine,2025-12-21,2025-12-26,Outpatient,Yes,Transferred
P105558,H052,Cardiology,2025-06-19,2025-06-24,Outpatient,No,Under Treatment
P105559,H066,Orthopedics,2026-04-15,2026-04-24,Inpatient,No,Under Treatment
P105560,H046,Cardiology,2026-03-16,2026-03-23,Inpatient,No,Recovered
P105561,H059,General Medicine,2026-02-04,2026-02-09,Emergency,No,Transferred
P105562,H019,Dermatology,2025-01-22,2025-01-27,Day Care,No,Under Treatment
P105563,H067,Pediatrics,2025-03-20,2025-03-29,Emergency,Yes,Transferred
P105564,H079,Oncology,2026-02-19,2026-02-26,Outpatient,No,Under Treatment
P105565,H050,Neurology,2025-11-03,2025-11-13,Inpatient,Yes,Recovered
P105566,H099,General Medicine,2025-01-07,2025-01-12,Inpatient,Yes,Recovered
P105567,H041,Cardiology,2025-06-09,2025-06-11,Emergency,No,Under Treatment
P105568,H097,Emergency,2025-11-19,2025-11-29,Day Care,Yes,Transferred
P105569,H016,Neurology,2025-11-13,2025-11-13,Outpatient,No,Under Treatment
P105570,H026,Radiology,2026-02-14,2026-02-19,Day Care,Yes,Under Treatment
P105571,H071,ICU,2026-05-01,2026-05-07,Emergency,Yes,Under Treatment
P105572,H012,Dermatology,2025-12-20,2025-12-23,Emergency,No,Under Treatment
P105573,H055,Pediatrics,2026-01-14,2026-01-16,Outpatient,No,Under Treatment
P105574,H059,General Medicine,2025-04-02,2025-04-05,Day Care,Yes,Recovered
P105575,H011,Pediatrics,2025-05-05,2025-05-09,Outpatient,Yes,Transferred
P105576,H022,Pediatrics,2025-11-12,2025-11-15,Day Care,No,Under Treatment
P105577,H034,General Medicine,2025-05-09,2025-05-18,Inpatient,Yes,Recovered
P105578,H049,Cardiology,2025-11-20,2025-11-23,Outpatient,Yes,Under Treatment
P105579,H049,Dermatology,2025-10-14,2025-10-23,Outpatient,Yes,Under Treatment
P105580,H099,Pediatrics,2025-06-15,2025-06-21,Day Care,Yes,Transferred
P105581,H024,General Medicine,2025-03-30,2025-04-09,Emergency,Yes,Under Treatment
P105582,H049,Pediatrics,2026-01-18,2026-01-24,Emergency,Yes,Under Treatment
P105583,H001,Neurology,2025-11-11,2025-11-14,Emergency,No,Recovered
P105584,H040,Radiology,2025-12-29,2026-01-05,Emergency,Yes,Transferred
P105585,H022,ICU,2025-07-31,2025-08-06,Outpatient,No,Recovered
P105586,H046,Emergency,2026-01-29,2026-01-29,Outpatient,Yes,Transferred
P105587,H062,Emergency,2025-09-30,2025-09-30,Emergency,No,Transferred
P105588,H058,Radiology,2026-02-13,2026-02-21,Outpatient,Yes,Recovered
P105589,H065,Emergency,2025-12-25,2026-01-02,Emergency,No,Recovered
P105590,H030,Dermatology,2025-01-29,2025-01-30,Inpatient,Yes,Under Treatment
P105591,H038,Dermatology,2025-01-27,2025-01-29,Outpatient,No,Transferred
P105592,H077,Cardiology,2026-01-19,2026-01-25,Inpatient,No,Recovered
P105593,H017,Emergency,2025-11-24,2025-12-04,Emergency,Yes,Under Treatment
P105594,H007,Emergency,2025-04-24,2025-04-30,Day Care,Yes,Recovered
P105595,H066,Dermatology,2026-04-27,2026-04-28,Day Care,No,Recovered
P105596,H017,Oncology,2026-02-23,2026-03-05,Inpatient,Yes,Under Treatment
P105597,H096,General Medicine,2025-04-04,2025-04-14,Emergency,Yes,Under Treatment
P105598,H020,General Medicine,2026-01-17,2026-01-27,Outpatient,Yes,Transferred
P105599,H042,Radiology,2025-11-30,2025-12-04,Emergency,No,Transferred
P105600,H081,Oncology,2025-10-25,2025-10-28,Emergency,Yes,Transferred
P105601,H033,Neurology,2025-01-31,2025-02-03,Outpatient,No,Transferred
P105602,H071,General Medicine,2026-03-07,2026-03-14,Day Care,No,Recovered
P105603,H016,Emergency,2025-01-02,2025-01-03,Emergency,No,Transferred
P105604,H038,Neurology,2026-03-25,2026-03-25,Emergency,No,Under Treatment
P105605,H080,Cardiology,2025-08-07,2025-08-10,Day Care,No,Transferred
P105606,H009,Pediatrics,2025-05-11,2025-05-19,Inpatient,No,Transferred
P105607,H075,Emergency,2025-08-21,2025-08-30,Outpatient,Yes,Recovered
P105608,H028,Neurology,2025-01-31,2025-02-05,Day Care,Yes,Transferred
P105609,H098,Dermatology,2026-01-08,2026-01-17,Emergency,Yes,Under Treatment
P105610,H012,General Medicine,2026-02-06,2026-02-11,Day Care,No,Transferred
P105611,H039,General Medicine,2025-12-01,2025-12-05,Day Care,No,Under Treatment
P105612,H051,Orthopedics,2026-03-03,2026-03-04,Day Care,No,Transferred
P105613,H088,Cardiology,2025-11-24,2025-11-30,Emergency,No,Recovered
P105614,H091,Orthopedics,2026-03-10,2026-03-12,Emergency,No,Under Treatment
P105615,H045,Orthopedics,2025-08-22,2025-08-29,Inpatient,Yes,Recovered
P105616,H084,ICU,2026-04-16,2026-04-25,Day Care,No,Recovered
P105617,H070,Cardiology,2025-02-28,2025-03-05,Emergency,Yes,Recovered
P105618,H025,Pediatrics,2026-04-08,2026-04-09,Outpatient,Yes,Under Treatment
P105619,H089,Neurology,2025-07-03,2025-07-03,Outpatient,Yes,Transferred
P105620,H083,Radiology,2025-09-05,2025-09-15,Emergency,No,Transferred
P105621,H056,Radiology,2026-05-10,2026-05-13,Day Care,Yes,Recovered
P105622,H007,Emergency,2026-02-03,2026-02-05,Inpatient,No,Transferred
P105623,H030,Neurology,2026-02-19,2026-03-01,Day Care,No,Recovered
P105624,H088,Orthopedics,2026-02-08,2026-02-10,Inpatient,No,Under Treatment
P105625,H037,Orthopedics,2025-05-24,2025-05-25,Day Care,No,Recovered
P105626,H097,Radiology,2025-03-29,2025-04-07,Emergency,No,Recovered
P105627,H098,Pediatrics,2025-06-18,2025-06-25,Emergency,No,Under Treatment
P105628,H029,Pediatrics,2026-02-26,2026-03-06,Outpatient,Yes,Transferred
P105629,H062,General Medicine,2025-11-03,2025-11-06,Emergency,No,Under Treatment
P105630,H030,Emergency,2026-03-29,2026-04-01,Outpatient,No,Recovered
P105631,H035,General Medicine,2026-05-13,2026-05-22,Inpatient,Yes,Recovered
P105632,H013,Dermatology,2025-01-15,2025-01-24,Outpatient,No,Under Treatment
P105633,H053,Neurology,2025-11-18,2025-11-28,Emergency,No,Recovered
P105634,H027,Orthopedics,2026-03-20,2026-03-22,Inpatient,No,Under Treatment
P105635,H086,Emergency,2025-11-23,2025-11-26,Emergency,Yes,Transferred
P105636,H014,Cardiology,2025-05-01,2025-05-05,Emergency,No,Under Treatment
P105637,H093,ICU,2025-01-29,2025-01-30,Emergency,No,Recovered
P105638,H008,Radiology,2025-12-06,2025-12-16,Outpatient,Yes,Recovered
P105639,H023,Orthopedics,2026-03-05,2026-03-14,Inpatient,Yes,Under Treatment
P105640,H057,Radiology,2025-05-05,2025-05-12,Day Care,No,Transferred
P105641,H048,Cardiology,2026-01-24,2026-01-28,Emergency,No,Recovered
P105642,H023,Cardiology,2026-01-25,2026-02-04,Outpatient,No,Under Treatment
P105643,H077,Dermatology,2025-06-21,2025-06-28,Emergency,Yes,Under Treatment
P105644,H006,Orthopedics,2025-11-08,2025-11-17,Inpatient,Yes,Under Treatment
P105645,H003,Orthopedics,2025-09-25,2025-09-25,Outpatient,Yes,Recovered
P105646,H023,Oncology,2025-05-21,2025-05-21,Inpatient,Yes,Transferred
P105647,H054,Orthopedics,2025-09-21,2025-09-30,Outpatient,No,Under Treatment
P105648,H083,Emergency,2025-12-30,2025-12-30,Inpatient,No,Transferred
P105649,H046,Cardiology,2025-08-28,2025-09-05,Day Care,Yes,Under Treatment
P105650,H032,Cardiology,2025-09-29,2025-10-04,Emergency,Yes,Under Treatment
P105651,H007,Neurology,2025-12-18,2025-12-25,Day Care,Yes,Recovered
P105652,H089,Dermatology,2025-11-14,2025-11-14,Day Care,Yes,Transferred
P105653,H070,Cardiology,2026-04-08,2026-04-17,Inpatient,No,Recovered
P105654,H044,Dermatology,2025-05-28,2025-06-03,Outpatient,Yes,Under Treatment
P105655,H068,Dermatology,2025-08-08,2025-08-12,Day Care,No,Recovered
P105656,H037,Emergency,2026-01-27,2026-01-31,Inpatient,Yes,Transferred
P105657,H080,Dermatology,2025-11-07,2025-11-09,Emergency,No,Transferred
P105658,H076,ICU,2025-10-20,2025-10-25,Outpatient,Yes,Recovered
P105659,H056,Radiology,2025-03-11,2025-03-13,Outpatient,No,Recovered
P105660,H023,General Medicine,2025-08-23,2025-09-01,Emergency,No,Recovered
P105661,H055,Emergency,2026-02-13,2026-02-23,Day Care,No,Under Treatment
P105662,H073,ICU,2025-04-23,2025-04-25,Emergency,No,Transferred
P105663,H071,Dermatology,2026-02-12,2026-02-18,Day Care,No,Under Treatment
P105664,H098,Neurology,2026-03-21,2026-03-24,Day Care,Yes,Transferred
P105665,H030,Oncology,2026-01-28,2026-02-06,Day Care,No,Transferred
P105666,H008,Emergency,2025-06-14,2025-06-20,Day Care,No,Under Treatment
P105667,H018,Dermatology,2026-05-09,2026-05-10,Outpatient,Yes,Recovered
P105668,H038,Emergency,2025-02-14,2025-02-15,Outpatient,Yes,Recovered
P105669,H019,Neurology,2026-02-10,2026-02-15,Emergency,Yes,Recovered
P105670,H015,Radiology,2025-11-20,2025-11-29,Outpatient,Yes,Transferred
P105671,H100,Oncology,2025-07-31,2025-08-10,Emergency,Yes,Under Treatment
P105672,H062,Pediatrics,2025-03-19,2025-03-28,Emergency,Yes,Transferred
P105673,H036,Cardiology,2025-07-21,2025-07-29,Emergency,Yes,Under Treatment
P105674,H081,Oncology,2026-02-24,2026-03-05,Emergency,Yes,Transferred
P105675,H082,Dermatology,2026-03-22,2026-03-27,Day Care,No,Under Treatment
P105676,H099,Orthopedics,2025-12-12,2025-12-15,Outpatient,No,Transferred
P105677,H009,Neurology,2026-04-19,2026-04-23,Day Care,Yes,Under Treatment
P105678,H058,Radiology,2025-03-15,2025-03-15,Inpatient,No,Under Treatment
P105679,H076,Pediatrics,2025-10-07,2025-10-10,Emergency,No,Recovered
P105680,H070,Neurology,2025-01-08,2025-01-14,Day Care,No,Recovered
P105681,H023,General Medicine,2026-02-09,2026-02-10,Day Care,No,Recovered
P105682,H029,Orthopedics,2026-03-22,2026-03-22,Day Care,Yes,Under Treatment
P105683,H100,ICU,2025-10-06,2025-10-13,Outpatient,Yes,Recovered
P105684,H080,ICU,2025-11-11,2025-11-12,Day Care,Yes,Recovered
P105685,H073,Dermatology,2026-04-27,2026-05-05,Inpatient,No,Under Treatment
P105686,H022,Neurology,2025-06-23,2025-06-25,Emergency,No,Transferred
P105687,H015,Dermatology,2025-04-04,2025-04-06,Inpatient,No,Recovered
P105688,H035,Oncology,2025-02-13,2025-02-22,Inpatient,No,Under Treatment
P105689,H059,ICU,2025-10-13,2025-10-15,Day Care,Yes,Transferred
P105690,H088,Oncology,2025-04-02,2025-04-05,Outpatient,No,Recovered
P105691,H005,Cardiology,2025-04-04,2025-04-11,Inpatient,Yes,Recovered
P105692,H089,Pediatrics,2026-01-22,2026-01-26,Outpatient,No,Under Treatment
P105693,H015,Cardiology,2026-01-14,2026-01-15,Inpatient,Yes,Under Treatment
P105694,H097,Cardiology,2026-01-31,2026-01-31,Emergency,Yes,Under Treatment
P105695,H057,Cardiology,2026-02-16,2026-02-26,Day Care,Yes,Transferred
P105696,H017,Dermatology,2025-04-02,2025-04-10,Outpatient,Yes,Recovered
P105697,H084,Dermatology,2026-05-14,2026-05-22,Outpatient,No,Transferred
P105698,H054,Neurology,2025-03-30,2025-04-01,Inpatient,No,Recovered
P105699,H058,Emergency,2025-02-07,2025-02-16,Day Care,Yes,Transferred
P105700,H042,Radiology,2025-07-23,2025-07-25,Outpatient,No,Under Treatment
P105701,H049,Radiology,2025-07-04,2025-07-10,Day Care,Yes,Under Treatment
P105702,H059,Oncology,2025-05-01,2025-05-08,Outpatient,Yes,Transferred
P105703,H033,Radiology,2025-03-14,2025-03-18,Inpatient,Yes,Under Treatment
P105704,H077,Neurology,2025-07-04,2025-07-13,Inpatient,Yes,Under Treatment
P105705,H088,ICU,2025-08-01,2025-08-11,Day Care,Yes,Transferred
P105706,H048,ICU,2026-02-12,2026-02-15,Emergency,Yes,Under Treatment
P105707,H031,ICU,2025-12-13,2025-12-22,Outpatient,Yes,Transferred
P105708,H051,Oncology,2025-09-07,2025-09-16,Day Care,No,Recovered
P105709,H064,ICU,2026-01-19,2026-01-27,Emergency,No,Transferred
P105710,H082,Orthopedics,2025-04-11,2025-04-15,Emergency,No,Recovered
P105711,H018,Radiology,2025-10-06,2025-10-13,Day Care,Yes,Under Treatment
P105712,H090,Radiology,2025-01-04,2025-01-09,Day Care,Yes,Under Treatment
P105713,H016,Cardiology,2025-10-24,2025-10-25,Outpatient,No,Recovered
P105714,H039,Orthopedics,2025-10-27,2025-11-02,Day Care,No,Recovered
P105715,H013,Orthopedics,2025-03-01,2025-03-09,Emergency,Yes,Under Treatment
P105716,H020,Neurology,2026-01-15,2026-01-25,Day Care,No,Recovered
P105717,H007,Cardiology,2025-01-27,2025-02-05,Inpatient,No,Under Treatment
P105718,H087,General Medicine,2025-07-14,2025-07-23,Day Care,Yes,Under Treatment
P105719,H001,Dermatology,2025-11-01,2025-11-06,Day Care,Yes,Under Treatment
P105720,H003,Neurology,2026-03-24,2026-03-24,Outpatient,No,Recovered
P105721,H008,Pediatrics,2025-09-27,2025-10-01,Day Care,No,Under Treatment
P105722,H064,Emergency,2025-11-04,2025-11-11,Inpatient,No,Transferred
P105723,H063,Dermatology,2026-02-11,2026-02-20,Inpatient,No,Transferred
P105724,H019,Orthopedics,2025-05-06,2025-05-11,Inpatient,Yes,Under Treatment
P105725,H016,Emergency,2025-11-18,2025-11-27,Outpatient,Yes,Recovered
P105726,H099,Emergency,2025-10-24,2025-10-26,Inpatient,No,Under Treatment
P105727,H055,Radiology,2025-05-01,2025-05-04,Inpatient,Yes,Transferred
P105728,H003,Cardiology,2026-02-26,2026-03-07,Day Care,Yes,Recovered
P105729,H047,Dermatology,2025-12-01,2025-12-11,Emergency,Yes,Transferred
P105730,H067,Oncology,2026-02-10,2026-02-20,Inpatient,No,Transferred
P105731,H031,Dermatology,2026-01-26,2026-01-29,Day Care,No,Recovered
P105732,H051,Cardiology,2025-05-12,2025-05-20,Day Care,Yes,Recovered
P105733,H079,Cardiology,2025-08-08,2025-08-13,Outpatient,Yes,Recovered
P105734,H013,Emergency,2025-06-30,2025-07-09,Inpatient,No,Recovered
P105735,H025,Oncology,2026-03-02,2026-03-07,Day Care,Yes,Transferred
P105736,H098,Dermatology,2026-04-06,2026-04-10,Outpatient,Yes,Under Treatment
P105737,H067,Pediatrics,2025-08-21,2025-08-29,Outpatient,No,Recovered
P105738,H014,Oncology,2026-04-24,2026-05-03,Outpatient,Yes,Recovered
P105739,H083,Oncology,2025-02-21,2025-02-26,Inpatient,No,Recovered
P105740,H056,Oncology,2026-04-05,2026-04-15,Day Care,Yes,Transferred
P105741,H018,ICU,2025-07-17,2025-07-19,Day Care,No,Under Treatment
P105742,H046,Radiology,2026-04-17,2026-04-25,Inpatient,No,Transferred
P105743,H059,Pediatrics,2026-02-13,2026-02-18,Inpatient,Yes,Under Treatment
P105744,H083,Orthopedics,2026-03-01,2026-03-05,Inpatient,Yes,Under Treatment
P105745,H094,Neurology,2025-01-17,2025-01-18,Outpatient,Yes,Under Treatment
P105746,H060,Cardiology,2025-03-19,2025-03-25,Day Care,Yes,Under Treatment
P105747,H015,ICU,2025-09-07,2025-09-09,Day Care,No,Recovered
P105748,H085,Neurology,2025-12-20,2025-12-23,Day Care,No,Under Treatment
P105749,H090,Orthopedics,2026-01-12,2026-01-16,Outpatient,No,Recovered
P105750,H043,Oncology,2026-05-10,2026-05-20,Emergency,Yes,Recovered
P105751,H052,ICU,2025-12-28,2026-01-05,Day Care,Yes,Transferred
P105752,H065,Pediatrics,2026-01-29,2026-02-01,Emergency,Yes,Transferred
P105753,H080,Neurology,2025-12-15,2025-12-23,Outpatient,No,Recovered
P105754,H056,Radiology,2025-07-01,2025-07-11,Inpatient,Yes,Transferred
P105755,H053,Orthopedics,2025-03-27,2025-04-03,Day Care,Yes,Under Treatment
P105756,H020,Neurology,2025-01-06,2025-01-08,Inpatient,No,Transferred
P105757,H032,Orthopedics,2026-02-05,2026-02-06,Inpatient,No,Transferred
P105758,H079,Cardiology,2026-03-18,2026-03-19,Day Care,Yes,Transferred
P105759,H035,ICU,2025-05-20,2025-05-24,Inpatient,Yes,Under Treatment
P105760,H023,ICU,2025-02-06,2025-02-13,Outpatient,No,Recovered
P105761,H083,Radiology,2025-07-11,2025-07-11,Outpatient,Yes,Transferred
P105762,H070,Emergency,2025-12-07,2025-12-08,Inpatient,No,Under Treatment
P105763,H044,Orthopedics,2025-05-08,2025-05-13,Outpatient,Yes,Under Treatment
P105764,H022,Cardiology,2025-10-25,2025-10-25,Outpatient,Yes,Transferred
P105765,H008,Cardiology,2025-08-20,2025-08-22,Inpatient,Yes,Recovered
P105766,H067,Radiology,2025-10-09,2025-10-14,Emergency,Yes,Transferred
P105767,H001,Orthopedics,2025-01-12,2025-01-21,Emergency,No,Transferred
P105768,H059,Pediatrics,2025-12-24,2025-12-30,Outpatient,Yes,Transferred
P105769,H098,Emergency,2026-01-04,2026-01-07,Inpatient,No,Under Treatment
P105770,H019,Cardiology,2025-08-23,2025-08-30,Emergency,Yes,Transferred
P105771,H043,Emergency,2025-03-10,2025-03-10,Day Care,Yes,Recovered
P105772,H039,Neurology,2026-04-12,2026-04-21,Outpatient,No,Recovered
P105773,H025,Emergency,2025-10-17,2025-10-24,Emergency,No,Recovered
P105774,H021,Neurology,2026-04-06,2026-04-10,Emergency,Yes,Recovered
P105775,H012,ICU,2025-10-18,2025-10-25,Emergency,No,Under Treatment
P105776,H082,Oncology,2026-02-11,2026-02-21,Day Care,No,Recovered
P105777,H079,Neurology,2025-04-20,2025-04-22,Day Care,Yes,Transferred
P105778,H047,ICU,2025-01-29,2025-02-07,Outpatient,No,Transferred
P105779,H001,General Medicine,2026-04-23,2026-04-26,Emergency,No,Recovered
P105780,H019,Dermatology,2025-02-18,2025-02-28,Emergency,No,Recovered
P105781,H078,ICU,2025-03-30,2025-04-05,Outpatient,No,Under Treatment
P105782,H024,Radiology,2025-05-20,2025-05-22,Outpatient,No,Under Treatment
P105783,H041,Emergency,2025-10-23,2025-10-29,Outpatient,No,Recovered
P105784,H020,Dermatology,2025-10-23,2025-10-31,Outpatient,No,Transferred
P105785,H062,Cardiology,2025-11-19,2025-11-27,Day Care,No,Transferred
P105786,H053,ICU,2026-05-03,2026-05-05,Day Care,Yes,Under Treatment
P105787,H070,Pediatrics,2025-04-14,2025-04-16,Emergency,No,Under Treatment
P105788,H055,Neurology,2026-04-16,2026-04-17,Emergency,Yes,Transferred
P105789,H029,General Medicine,2025-04-23,2025-04-26,Emergency,Yes,Transferred
P105790,H068,Dermatology,2025-09-03,2025-09-13,Emergency,No,Under Treatment
P105791,H033,Oncology,2026-03-03,2026-03-11,Day Care,Yes,Transferred
P105792,H036,Dermatology,2025-01-04,2025-01-13,Emergency,No,Recovered
P105793,H079,General Medicine,2025-01-04,2025-01-11,Inpatient,No,Under Treatment
P105794,H055,ICU,2025-04-15,2025-04-17,Inpatient,No,Under Treatment
P105795,H001,Dermatology,2025-02-28,2025-03-01,Day Care,No,Under Treatment
P105796,H070,Oncology,2026-01-18,2026-01-28,Emergency,No,Transferred
P105797,H094,Oncology,2026-01-14,2026-01-19,Emergency,Yes,Recovered
P105798,H087,Pediatrics,2025-09-11,2025-09-16,Emergency,No,Recovered
P105799,H094,Pediatrics,2025-01-15,2025-01-24,Outpatient,No,Transferred
P105800,H082,Emergency,2026-03-13,2026-03-19,Inpatient,Yes,Under Treatment
P105801,H048,General Medicine,2025-06-10,2025-06-15,Outpatient,No,Recovered
P105802,H053,Neurology,2025-03-15,2025-03-24,Emergency,No,Recovered
P105803,H012,Radiology,2025-11-07,2025-11-12,Emergency,Yes,Transferred
P105804,H025,Radiology,2025-01-23,2025-01-25,Emergency,Yes,Recovered
P105805,H045,Orthopedics,2025-09-17,2025-09-20,Emergency,No,Under Treatment
P105806,H032,Emergency,2025-01-31,2025-01-31,Outpatient,No,Transferred
P105807,H016,Radiology,2025-03-31,2025-04-07,Inpatient,No,Transferred
P105808,H059,General Medicine,2025-01-15,2025-01-24,Day Care,Yes,Recovered
P105809,H090,Cardiology,2025-02-08,2025-02-13,Inpatient,Yes,Under Treatment
P105810,H067,Radiology,2025-01-27,2025-01-31,Day Care,Yes,Recovered
P105811,H003,Cardiology,2026-03-12,2026-03-14,Emergency,Yes,Transferred
P105812,H082,Emergency,2026-04-17,2026-04-23,Outpatient,Yes,Transferred
P105813,H010,General Medicine,2025-05-23,2025-05-30,Day Care,Yes,Transferred
P105814,H077,Emergency,2025-09-12,2025-09-13,Outpatient,Yes,Under Treatment
P105815,H029,ICU,2026-02-07,2026-02-10,Emergency,Yes,Recovered
P105816,H057,Emergency,2025-03-04,2025-03-04,Day Care,Yes,Under Treatment
P105817,H013,ICU,2025-03-05,2025-03-13,Inpatient,No,Under Treatment
P105818,H087,Oncology,2025-04-21,2025-04-28,Day Care,Yes,Under Treatment
P105819,H022,Radiology,2026-05-14,2026-05-14,Inpatient,Yes,Recovered
P105820,H100,Cardiology,2025-01-15,2025-01-25,Emergency,Yes,Under Treatment
P105821,H078,General Medicine,2026-05-04,2026-05-06,Day Care,Yes,Transferred
P105822,H053,ICU,2025-08-01,2025-08-09,Inpatient,No,Recovered
P105823,H070,ICU,2025-01-07,2025-01-10,Emergency,Yes,Transferred
P105824,H061,Neurology,2025-08-22,2025-08-28,Emergency,Yes,Transferred
P105825,H061,Emergency,2025-09-22,2025-09-25,Emergency,Yes,Under Treatment
P105826,H014,Pediatrics,2025-11-22,2025-11-23,Inpatient,No,Under Treatment
P105827,H060,Neurology,2025-09-21,2025-09-29,Outpatient,Yes,Recovered
P105828,H091,Neurology,2025-01-18,2025-01-19,Inpatient,Yes,Transferred
P105829,H034,Radiology,2025-01-18,2025-01-28,Emergency,No,Recovered
P105830,H086,Dermatology,2026-02-18,2026-02-26,Emergency,No,Transferred
P105831,H006,Oncology,2026-01-12,2026-01-14,Inpatient,No,Transferred
P105832,H033,Oncology,2026-03-06,2026-03-10,Day Care,No,Transferred
P105833,H014,General Medicine,2025-06-12,2025-06-19,Emergency,Yes,Under Treatment
P105834,H056,Oncology,2026-04-26,2026-04-28,Emergency,Yes,Recovered
P105835,H098,General Medicine,2025-05-24,2025-05-29,Inpatient,Yes,Under Treatment
P105836,H044,Emergency,2025-09-21,2025-09-22,Outpatient,No,Recovered
P105837,H072,Emergency,2025-02-14,2025-02-15,Emergency,Yes,Recovered
P105838,H006,Dermatology,2025-12-20,2025-12-25,Day Care,Yes,Under Treatment
P105839,H075,Pediatrics,2026-01-18,2026-01-28,Inpatient,No,Transferred
P105840,H041,Emergency,2026-03-14,2026-03-14,Emergency,Yes,Transferred
P105841,H089,Orthopedics,2025-02-15,2025-02-20,Emergency,Yes,Recovered
P105842,H076,Oncology,2025-12-26,2026-01-03,Inpatient,Yes,Recovered
P105843,H053,General Medicine,2025-03-17,2025-03-18,Day Care,No,Recovered
P105844,H050,Pediatrics,2025-10-19,2025-10-21,Outpatient,Yes,Transferred
P105845,H032,ICU,2025-12-04,2025-12-14,Emergency,No,Recovered
P105846,H005,Orthopedics,2025-12-18,2025-12-28,Outpatient,No,Under Treatment
P105847,H037,ICU,2026-05-10,2026-05-11,Outpatient,Yes,Under Treatment
P105848,H070,Dermatology,2025-05-21,2025-05-31,Emergency,No,Under Treatment
P105849,H090,Cardiology,2025-12-28,2026-01-04,Inpatient,No,Recovered
P105850,H003,Orthopedics,2025-02-13,2025-02-18,Day Care,Yes,Recovered
P105851,H027,Dermatology,2025-10-30,2025-11-03,Day Care,No,Transferred
P105852,H079,General Medicine,2025-05-23,2025-05-28,Day Care,No,Recovered
P105853,H009,Cardiology,2025-12-01,2025-12-06,Outpatient,Yes,Transferred
P105854,H069,Neurology,2026-03-15,2026-03-15,Day Care,No,Recovered
P105855,H025,General Medicine,2026-02-22,2026-03-01,Outpatient,No,Recovered
P105856,H042,Radiology,2026-03-14,2026-03-15,Inpatient,Yes,Under Treatment
P105857,H017,Emergency,2025-06-09,2025-06-16,Day Care,Yes,Transferred
P105858,H061,Orthopedics,2025-12-07,2025-12-16,Inpatient,Yes,Recovered
P105859,H067,General Medicine,2026-03-02,2026-03-03,Outpatient,Yes,Transferred
P105860,H018,Dermatology,2025-11-04,2025-11-12,Inpatient,No,Transferred
P105861,H032,Orthopedics,2026-03-19,2026-03-21,Inpatient,Yes,Under Treatment
P105862,H096,Neurology,2026-03-16,2026-03-20,Emergency,Yes,Under Treatment
P105863,H028,Cardiology,2025-07-31,2025-08-09,Emergency,Yes,Transferred
P105864,H098,Orthopedics,2025-12-07,2025-12-08,Emergency,No,Transferred
P105865,H031,Pediatrics,2025-07-23,2025-07-25,Day Care,No,Recovered
P105866,H033,Orthopedics,2025-06-29,2025-07-03,Day Care,Yes,Recovered
P105867,H007,Radiology,2025-03-06,2025-03-13,Outpatient,Yes,Recovered
P105868,H095,ICU,2025-08-10,2025-08-19,Day Care,No,Recovered
P105869,H092,Pediatrics,2026-05-02,2026-05-08,Emergency,No,Recovered
P105870,H033,Orthopedics,2025-12-14,2025-12-20,Day Care,Yes,Transferred
P105871,H030,Emergency,2026-01-16,2026-01-25,Outpatient,Yes,Recovered
P105872,H029,Cardiology,2025-01-09,2025-01-18,Outpatient,No,Recovered
P105873,H043,Radiology,2025-06-09,2025-06-13,Outpatient,No,Recovered
P105874,H071,General Medicine,2025-02-18,2025-02-28,Inpatient,No,Transferred
P105875,H089,Orthopedics,2025-10-27,2025-11-04,Outpatient,Yes,Recovered
P105876,H007,Radiology,2025-03-06,2025-03-08,Day Care,Yes,Under Treatment
P105877,H100,Neurology,2025-07-31,2025-08-04,Day Care,Yes,Recovered
P105878,H083,Radiology,2025-04-27,2025-04-29,Inpatient,Yes,Transferred
P105879,H027,ICU,2025-04-29,2025-05-08,Day Care,No,Under Treatment
P105880,H037,Cardiology,2025-03-30,2025-04-06,Day Care,No,Under Treatment
P105881,H098,Oncology,2025-01-22,2025-01-29,Emergency,Yes,Transferred
P105882,H069,General Medicine,2025-02-13,2025-02-23,Inpatient,Yes,Transferred
P105883,H053,Dermatology,2025-09-23,2025-09-27,Inpatient,No,Transferred
P105884,H026,General Medicine,2025-10-21,2025-10-24,Inpatient,No,Transferred
P105885,H082,Cardiology,2025-11-19,2025-11-19,Emergency,No,Under Treatment
P105886,H011,Pediatrics,2025-10-14,2025-10-22,Inpatient,Yes,Under Treatment
P105887,H028,Dermatology,2025-05-21,2025-05-24,Emergency,Yes,Under Treatment
P105888,H096,Radiology,2026-04-17,2026-04-18,Outpatient,No,Transferred
P105889,H031,Dermatology,2025-03-01,2025-03-06,Outpatient,No,Transferred
P105890,H046,Emergency,2025-07-01,2025-07-10,Emergency,No,Transferred
P105891,H041,Radiology,2025-07-02,2025-07-04,Day Care,Yes,Recovered
P105892,H097,Emergency,2026-04-15,2026-04-18,Day Care,No,Recovered
P105893,H019,Cardiology,2025-06-07,2025-06-08,Emergency,No,Under Treatment
P105894,H068,Emergency,2026-01-23,2026-01-23,Inpatient,Yes,Under Treatment
P105895,H053,Pediatrics,2026-02-16,2026-02-22,Outpatient,Yes,Recovered
P105896,H009,Orthopedics,2025-10-01,2025-10-04,Outpatient,Yes,Recovered
P105897,H091,Dermatology,2026-03-07,2026-03-07,Day Care,Yes,Under Treatment
P105898,H041,Neurology,2025-03-13,2025-03-23,Emergency,Yes,Under Treatment
P105899,H023,Neurology,2025-09-25,2025-10-04,Inpatient,Yes,Under Treatment
P105900,H004,Dermatology,2025-02-04,2025-02-07,Outpatient,No,Recovered
P105901,H010,Neurology,2025-03-18,2025-03-27,Inpatient,No,Transferred
P105902,H089,Orthopedics,2026-03-29,2026-04-05,Inpatient,Yes,Recovered
P105903,H089,Neurology,2026-02-07,2026-02-15,Emergency,Yes,Recovered
P105904,H022,ICU,2025-12-09,2025-12-09,Emergency,Yes,Recovered
P105905,H029,Pediatrics,2025-07-26,2025-07-31,Emergency,No,Transferred
P105906,H096,Cardiology,2026-01-25,2026-01-27,Emergency,Yes,Under Treatment
P105907,H056,Cardiology,2025-06-07,2025-06-08,Inpatient,Yes,Recovered
P105908,H057,Pediatrics,2025-01-22,2025-01-30,Day Care,Yes,Recovered
P105909,H038,ICU,2025-03-05,2025-03-07,Day Care,No,Transferred
P105910,H077,Radiology,2025-10-12,2025-10-16,Emergency,Yes,Transferred
P105911,H093,Oncology,2026-03-10,2026-03-11,Inpatient,Yes,Transferred
P105912,H100,Dermatology,2025-05-23,2025-05-27,Emergency,Yes,Under Treatment
P105913,H057,Dermatology,2025-12-12,2025-12-22,Inpatient,No,Under Treatment
P105914,H067,Neurology,2025-12-05,2025-12-08,Emergency,Yes,Transferred
P105915,H063,Dermatology,2025-02-21,2025-03-02,Outpatient,Yes,Recovered
P105916,H055,General Medicine,2025-05-18,2025-05-25,Inpatient,No,Under Treatment
P105917,H063,Neurology,2025-02-07,2025-02-07,Inpatient,No,Under Treatment
P105918,H072,ICU,2025-02-09,2025-02-18,Outpatient,Yes,Under Treatment
P105919,H008,Pediatrics,2026-03-13,2026-03-16,Day Care,Yes,Under Treatment
P105920,H063,Neurology,2025-08-17,2025-08-23,Outpatient,No,Recovered
P105921,H015,Radiology,2025-07-08,2025-07-10,Outpatient,Yes,Recovered
P105922,H094,ICU,2025-12-09,2025-12-11,Day Care,Yes,Recovered
P105923,H036,General Medicine,2025-08-09,2025-08-18,Day Care,No,Recovered
P105924,H085,ICU,2026-04-08,2026-04-15,Outpatient,No,Under Treatment
P105925,H054,Orthopedics,2025-04-30,2025-05-02,Inpatient,No,Under Treatment
P105926,H022,Pediatrics,2026-04-17,2026-04-18,Day Care,No,Recovered
P105927,H028,Orthopedics,2025-10-13,2025-10-17,Inpatient,Yes,Under Treatment
P105928,H093,Pediatrics,2025-03-15,2025-03-18,Emergency,Yes,Recovered
P105929,H030,Emergency,2025-08-05,2025-08-10,Day Care,No,Recovered
P105930,H070,Neurology,2025-07-16,2025-07-18,Outpatient,Yes,Under Treatment
P105931,H022,Radiology,2025-01-21,2025-01-28,Day Care,Yes,Recovered
P105932,H100,Cardiology,2025-10-14,2025-10-21,Outpatient,Yes,Transferred
P105933,H018,Dermatology,2025-10-22,2025-10-31,Inpatient,No,Recovered
P105934,H093,Dermatology,2026-03-01,2026-03-07,Day Care,No,Recovered
P105935,H077,Orthopedics,2026-02-07,2026-02-17,Outpatient,Yes,Under Treatment
P105936,H043,Neurology,2025-03-05,2025-03-07,Day Care,Yes,Recovered
P105937,H012,Radiology,2026-02-15,2026-02-19,Outpatient,Yes,Recovered
P105938,H063,Neurology,2026-02-18,2026-02-27,Inpatient,Yes,Transferred
P105939,H042,Neurology,2026-01-15,2026-01-22,Emergency,No,Under Treatment
P105940,H006,Dermatology,2026-02-06,2026-02-15,Day Care,No,Recovered
P105941,H055,Pediatrics,2026-01-15,2026-01-24,Outpatient,No,Recovered
P105942,H004,ICU,2026-04-25,2026-04-30,Outpatient,Yes,Under Treatment
P105943,H037,Orthopedics,2026-04-10,2026-04-16,Inpatient,Yes,Recovered
P105944,H071,Neurology,2026-01-07,2026-01-09,Emergency,No,Under Treatment
P105945,H046,General Medicine,2025-11-11,2025-11-11,Inpatient,Yes,Transferred
P105946,H058,General Medicine,2025-01-09,2025-01-16,Outpatient,No,Transferred
P105947,H082,Orthopedics,2025-04-25,2025-05-03,Inpatient,Yes,Transferred
P105948,H097,Radiology,2025-10-05,2025-10-09,Inpatient,Yes,Transferred
P105949,H099,General Medicine,2026-05-01,2026-05-09,Day Care,Yes,Under Treatment
P105950,H100,Radiology,2025-06-08,2025-06-16,Emergency,No,Recovered
P105951,H029,Oncology,2025-07-16,2025-07-18,Day Care,Yes,Under Treatment
P105952,H057,Emergency,2025-06-01,2025-06-05,Day Care,No,Recovered
P105953,H012,Dermatology,2026-04-10,2026-04-20,Outpatient,Yes,Recovered
P105954,H087,Orthopedics,2025-02-21,2025-02-28,Emergency,Yes,Under Treatment
P105955,H090,Neurology,2025-03-10,2025-03-16,Inpatient,Yes,Transferred
P105956,H028,Orthopedics,2026-02-12,2026-02-16,Emergency,Yes,Transferred
P105957,H075,Dermatology,2026-03-16,2026-03-17,Emergency,No,Recovered
P105958,H076,Orthopedics,2026-01-16,2026-01-22,Emergency,Yes,Transferred
P105959,H036,General Medicine,2026-02-24,2026-02-26,Outpatient,No,Under Treatment
P105960,H049,Neurology,2026-05-07,2026-05-10,Emergency,No,Under Treatment
P105961,H024,Oncology,2026-01-13,2026-01-14,Outpatient,Yes,Under Treatment
P105962,H037,Neurology,2025-02-08,2025-02-09,Day Care,No,Transferred
P105963,H082,Dermatology,2026-05-15,2026-05-23,Inpatient,No,Under Treatment
P105964,H045,Neurology,2025-08-10,2025-08-18,Inpatient,No,Recovered
P105965,H045,Cardiology,2026-05-13,2026-05-22,Outpatient,Yes,Transferred
P105966,H058,Orthopedics,2025-10-01,2025-10-07,Day Care,Yes,Transferred
P105967,H046,Emergency,2026-04-26,2026-04-26,Inpatient,No,Transferred
P105968,H006,Emergency,2026-02-09,2026-02-10,Emergency,Yes,Transferred
P105969,H039,Pediatrics,2025-05-14,2025-05-17,Outpatient,No,Under Treatment
P105970,H099,Pediatrics,2025-04-06,2025-04-10,Day Care,No,Under Treatment
P105971,H008,General Medicine,2026-04-07,2026-04-11,Emergency,Yes,Transferred
P105972,H031,Radiology,2026-02-20,2026-02-23,Day Care,Yes,Under Treatment
P105973,H017,ICU,2025-07-23,2025-08-01,Inpatient,Yes,Recovered
P105974,H091,Pediatrics,2025-08-29,2025-09-08,Emergency,No,Recovered
P105975,H099,Neurology,2025-09-19,2025-09-21,Emergency,No,Under Treatment
P105976,H061,Cardiology,2025-02-22,2025-03-01,Inpatient,Yes,Transferred
P105977,H081,Pediatrics,2025-04-22,2025-04-24,Inpatient,Yes,Recovered
P105978,H054,Pediatrics,2025-02-27,2025-03-04,Inpatient,No,Under Treatment
P105979,H043,Oncology,2025-09-08,2025-09-13,Day Care,No,Under Treatment
P105980,H100,Neurology,2026-03-03,2026-03-05,Inpatient,Yes,Recovered
P105981,H043,General Medicine,2025-04-21,2025-04-25,Outpatient,Yes,Under Treatment
P105982,H066,Orthopedics,2026-04-16,2026-04-22,Day Care,Yes,Under Treatment
P105983,H084,ICU,2026-03-17,2026-03-27,Outpatient,No,Transferred
P105984,H048,General Medicine,2025-08-14,2025-08-16,Inpatient,Yes,Transferred
P105985,H017,Orthopedics,2025-08-14,2025-08-20,Day Care,Yes,Transferred
P105986,H092,Dermatology,2025-01-24,2025-02-03,Emergency,No,Recovered
P105987,H028,Emergency,2025-03-01,2025-03-08,Emergency,No,Recovered
P105988,H032,General Medicine,2025-05-04,2025-05-14,Day Care,Yes,Transferred
P105989,H074,Cardiology,2025-06-25,2025-06-25,Day Care,Yes,Recovered
P105990,H040,Pediatrics,2026-01-14,2026-01-15,Outpatient,Yes,Transferred
P105991,H057,Pediatrics,2025-07-26,2025-07-29,Emergency,Yes,Transferred
P105992,H052,Oncology,2025-04-08,2025-04-10,Inpatient,No,Recovered
P105993,H027,General Medicine,2025-01-02,2025-01-10,Inpatient,No,Recovered
P105994,H051,ICU,2025-02-20,2025-02-21,Outpatient,Yes,Recovered
P105995,H059,Pediatrics,2025-05-16,2025-05-25,Day Care,No,Recovered
P105996,H016,Pediatrics,2026-05-05,2026-05-13,Outpatient,Yes,Under Treatment
P105997,H065,General Medicine,2025-01-21,2025-01-30,Day Care,Yes,Under Treatment
P105998,H009,Pediatrics,2026-03-10,2026-03-13,Day Care,Yes,Under Treatment
P105999,H099,ICU,2025-08-20,2025-08-24,Inpatient,Yes,Under Treatment
P106000,H013,Orthopedics,2025-03-21,2025-03-27,Outpatient,Yes,Under Treatment
P106001,H007,Cardiology,2026-01-21,2026-01-22,Outpatient,Yes,Under Treatment
P106002,H019,General Medicine,2025-09-20,2025-09-22,Inpatient,Yes,Transferred
P106003,H043,Cardiology,2025-10-06,2025-10-11,Day Care,Yes,Under Treatment
P106004,H057,ICU,2026-01-25,2026-02-03,Emergency,No,Recovered
P106005,H054,Neurology,2025-04-21,2025-04-23,Outpatient,Yes,Transferred
P106006,H068,Orthopedics,2025-09-30,2025-09-30,Inpatient,No,Recovered
P106007,H013,Radiology,2025-05-03,2025-05-03,Inpatient,Yes,Transferred
P106008,H009,Emergency,2025-05-27,2025-06-02,Outpatient,No,Recovered
P106009,H069,Pediatrics,2025-05-28,2025-05-31,Day Care,No,Transferred
P106010,H019,Cardiology,2025-05-11,2025-05-12,Inpatient,Yes,Transferred
P106011,H067,Cardiology,2025-04-25,2025-04-28,Inpatient,No,Transferred
P106012,H093,Dermatology,2025-07-01,2025-07-01,Inpatient,No,Recovered
P106013,H092,Emergency,2025-04-16,2025-04-25,Emergency,Yes,Transferred
P106014,H069,General Medicine,2025-01-10,2025-01-11,Emergency,Yes,Recovered
P106015,H023,Orthopedics,2025-03-11,2025-03-19,Inpatient,Yes,Transferred
P106016,H037,Orthopedics,2025-06-29,2025-07-07,Outpatient,No,Recovered
P106017,H036,Pediatrics,2025-12-04,2025-12-12,Day Care,Yes,Under Treatment
P106018,H081,General Medicine,2025-12-30,2026-01-06,Day Care,Yes,Transferred
P106019,H049,ICU,2025-03-05,2025-03-05,Inpatient,Yes,Under Treatment
P106020,H001,Emergency,2025-06-10,2025-06-16,Day Care,Yes,Recovered
P106021,H043,Orthopedics,2025-05-23,2025-05-23,Outpatient,Yes,Transferred
P106022,H018,Radiology,2026-03-15,2026-03-20,Day Care,Yes,Transferred
P106023,H011,Emergency,2025-10-21,2025-10-28,Day Care,No,Recovered
P106024,H097,Radiology,2025-08-17,2025-08-17,Emergency,Yes,Recovered
P106025,H042,Oncology,2025-03-21,2025-03-25,Day Care,Yes,Under Treatment
P106026,H078,Emergency,2025-07-02,2025-07-09,Outpatient,No,Transferred
P106027,H085,Emergency,2025-09-09,2025-09-09,Inpatient,Yes,Transferred
P106028,H016,Orthopedics,2025-04-10,2025-04-18,Inpatient,No,Recovered
P106029,H055,Emergency,2025-12-01,2025-12-04,Day Care,No,Under Treatment
P106030,H099,Emergency,2025-12-13,2025-12-21,Emergency,No,Transferred
P106031,H058,Emergency,2025-05-04,2025-05-14,Day Care,Yes,Recovered
P106032,H037,Orthopedics,2025-11-17,2025-11-22,Outpatient,No,Transferred
P106033,H095,Cardiology,2025-07-26,2025-07-30,Day Care,No,Recovered
P106034,H020,ICU,2025-12-15,2025-12-20,Day Care,Yes,Under Treatment
P106035,H017,Pediatrics,2025-01-11,2025-01-18,Outpatient,No,Transferred
P106036,H024,General Medicine,2025-11-02,2025-11-11,Emergency,No,Recovered
P106037,H047,Dermatology,2025-03-24,2025-04-03,Inpatient,No,Under Treatment
P106038,H027,Emergency,2025-09-07,2025-09-07,Day Care,No,Under Treatment
P106039,H015,Cardiology,2025-05-21,2025-05-23,Emergency,No,Transferred
P106040,H079,General Medicine,2025-09-03,2025-09-06,Outpatient,Yes,Under Treatment
P106041,H052,Orthopedics,2026-01-27,2026-02-04,Outpatient,Yes,Recovered
P106042,H069,General Medicine,2025-12-08,2025-12-08,Outpatient,No,Transferred
P106043,H079,General Medicine,2025-10-13,2025-10-20,Inpatient,No,Recovered
P106044,H016,Dermatology,2025-03-28,2025-03-31,Day Care,No,Transferred
P106045,H051,Oncology,2025-01-30,2025-02-03,Emergency,No,Transferred
P106046,H032,Orthopedics,2025-10-07,2025-10-11,Outpatient,No,Transferred
P106047,H066,General Medicine,2025-05-15,2025-05-22,Inpatient,No,Under Treatment
P106048,H098,Pediatrics,2025-02-27,2025-03-04,Day Care,Yes,Under Treatment
P106049,H046,Pediatrics,2026-02-02,2026-02-03,Outpatient,No,Transferred
P106050,H030,Cardiology,2025-06-02,2025-06-07,Outpatient,Yes,Under Treatment
P106051,H041,Oncology,2025-08-04,2025-08-09,Day Care,Yes,Transferred
P106052,H088,Orthopedics,2026-03-15,2026-03-20,Day Care,Yes,Transferred
P106053,H046,General Medicine,2025-06-20,2025-06-29,Day Care,Yes,Under Treatment
P106054,H043,Oncology,2025-12-04,2025-12-04,Inpatient,Yes,Under Treatment
P106055,H042,Radiology,2026-02-23,2026-03-03,Inpatient,Yes,Transferred
P106056,H046,Dermatology,2025-09-15,2025-09-23,Outpatient,No,Recovered
P106057,H077,Dermatology,2025-07-22,2025-07-23,Day Care,No,Transferred
P106058,H035,Emergency,2025-03-08,2025-03-17,Inpatient,No,Transferred
P106059,H042,General Medicine,2025-03-09,2025-03-13,Emergency,No,Transferred
P106060,H094,Pediatrics,2025-10-18,2025-10-26,Emergency,No,Under Treatment
P106061,H069,ICU,2025-01-30,2025-02-05,Day Care,Yes,Transferred
P106062,H038,Oncology,2026-03-05,2026-03-09,Emergency,No,Under Treatment
P106063,H077,Orthopedics,2025-05-15,2025-05-23,Emergency,Yes,Recovered
P106064,H056,Neurology,2026-05-07,2026-05-12,Outpatient,No,Recovered
P106065,H030,Oncology,2025-07-17,2025-07-24,Inpatient,Yes,Under Treatment
P106066,H094,General Medicine,2026-02-17,2026-02-18,Inpatient,No,Under Treatment
P106067,H010,Cardiology,2026-02-14,2026-02-22,Emergency,Yes,Transferred
P106068,H014,Radiology,2025-10-17,2025-10-21,Day Care,No,Recovered
P106069,H024,ICU,2025-07-16,2025-07-22,Outpatient,No,Recovered
P106070,H087,Emergency,2026-01-22,2026-01-22,Emergency,Yes,Recovered
P106071,H045,Neurology,2026-05-06,2026-05-09,Outpatient,No,Recovered
P106072,H065,Radiology,2026-02-28,2026-03-02,Emergency,No,Transferred
P106073,H051,Orthopedics,2025-03-26,2025-03-29,Inpatient,No,Recovered
P106074,H043,General Medicine,2026-05-02,2026-05-11,Outpatient,No,Recovered
P106075,H061,Neurology,2025-04-07,2025-04-10,Outpatient,No,Under Treatment
P106076,H088,Radiology,2025-06-12,2025-06-14,Outpatient,No,Transferred
P106077,H075,Oncology,2025-07-08,2025-07-17,Outpatient,Yes,Transferred
P106078,H078,Neurology,2026-01-18,2026-01-25,Inpatient,No,Transferred
P106079,H046,Radiology,2026-01-08,2026-01-12,Inpatient,Yes,Transferred
P106080,H091,Cardiology,2025-04-03,2025-04-07,Outpatient,Yes,Recovered
P106081,H012,Dermatology,2025-08-13,2025-08-23,Inpatient,Yes,Transferred
P106082,H097,Oncology,2025-03-14,2025-03-17,Day Care,No,Recovered
P106083,H053,Emergency,2025-09-20,2025-09-26,Outpatient,No,Recovered
P106084,H048,Radiology,2025-06-03,2025-06-10,Inpatient,No,Transferred
P106085,H061,Cardiology,2025-05-07,2025-05-08,Inpatient,Yes,Under Treatment
P106086,H043,Neurology,2025-02-27,2025-02-28,Outpatient,No,Under Treatment
P106087,H059,Oncology,2026-01-28,2026-01-29,Outpatient,No,Transferred
P106088,H019,Dermatology,2026-05-16,2026-05-19,Outpatient,No,Under Treatment
P106089,H056,ICU,2025-07-04,2025-07-12,Inpatient,Yes,Under Treatment
P106090,H035,General Medicine,2026-04-15,2026-04-25,Emergency,No,Recovered
P106091,H042,Oncology,2025-05-08,2025-05-13,Outpatient,Yes,Under Treatment
P106092,H053,Radiology,2025-09-25,2025-10-02,Outpatient,No,Recovered
P106093,H010,Cardiology,2026-03-25,2026-04-04,Day Care,Yes,Under Treatment
P106094,H040,Orthopedics,2025-10-31,2025-11-04,Day Care,No,Recovered
P106095,H095,Neurology,2026-02-22,2026-03-01,Inpatient,Yes,Under Treatment
P106096,H025,General Medicine,2025-07-20,2025-07-23,Inpatient,No,Under Treatment
P106097,H018,ICU,2025-10-23,2025-10-25,Outpatient,Yes,Recovered
P106098,H019,General Medicine,2025-02-03,2025-02-09,Inpatient,Yes,Under Treatment
P106099,H028,Emergency,2026-02-04,2026-02-06,Emergency,Yes,Under Treatment
P106100,H036,Oncology,2026-03-05,2026-03-05,Inpatient,No,Under Treatment
P106101,H084,ICU,2025-02-25,2025-03-05,Inpatient,No,Under Treatment
P106102,H059,Radiology,2025-07-04,2025-07-04,Emergency,Yes,Recovered
P106103,H080,Cardiology,2025-06-17,2025-06-17,Day Care,Yes,Recovered
P106104,H022,Oncology,2025-11-05,2025-11-07,Outpatient,Yes,Under Treatment
P106105,H055,Oncology,2025-10-07,2025-10-14,Outpatient,Yes,Transferred
P106106,H032,Neurology,2026-01-09,2026-01-16,Day Care,Yes,Under Treatment
P106107,H085,General Medicine,2025-12-26,2026-01-03,Outpatient,Yes,Under Treatment
P106108,H008,Cardiology,2026-04-16,2026-04-21,Outpatient,Yes,Recovered
P106109,H066,Dermatology,2025-03-23,2025-03-27,Inpatient,Yes,Under Treatment
P106110,H048,Oncology,2025-04-10,2025-04-17,Emergency,No,Transferred
P106111,H019,Oncology,2025-08-03,2025-08-04,Emergency,Yes,Under Treatment
P106112,H082,Radiology,2026-03-01,2026-03-01,Day Care,Yes,Transferred
P106113,H009,Neurology,2025-07-15,2025-07-16,Day Care,No,Recovered
P106114,H032,ICU,2025-12-21,2025-12-31,Outpatient,No,Recovered
P106115,H003,General Medicine,2026-03-23,2026-03-30,Inpatient,Yes,Recovered
P106116,H037,Cardiology,2025-12-16,2025-12-25,Day Care,Yes,Transferred
P106117,H024,General Medicine,2025-05-03,2025-05-07,Day Care,No,Transferred
P106118,H069,Cardiology,2025-01-03,2025-01-05,Inpatient,No,Transferred
P106119,H064,Orthopedics,2025-07-28,2025-07-28,Day Care,Yes,Recovered
P106120,H050,Cardiology,2025-09-03,2025-09-05,Outpatient,Yes,Under Treatment
P106121,H099,Dermatology,2025-08-17,2025-08-17,Emergency,Yes,Under Treatment
P106122,H006,Dermatology,2026-05-06,2026-05-14,Inpatient,Yes,Under Treatment
P106123,H100,Pediatrics,2025-11-14,2025-11-14,Inpatient,Yes,Under Treatment
P106124,H071,Radiology,2026-02-01,2026-02-02,Inpatient,Yes,Recovered
P106125,H082,Oncology,2026-01-10,2026-01-20,Day Care,No,Recovered
P106126,H070,Neurology,2025-10-12,2025-10-14,Outpatient,Yes,Recovered
P106127,H089,Emergency,2025-02-20,2025-03-01,Outpatient,Yes,Recovered
P106128,H088,Emergency,2025-06-14,2025-06-21,Emergency,Yes,Recovered
P106129,H028,Neurology,2025-06-18,2025-06-28,Day Care,No,Recovered
P106130,H063,Emergency,2025-04-30,2025-04-30,Inpatient,Yes,Under Treatment
P106131,H063,Orthopedics,2025-11-11,2025-11-12,Outpatient,Yes,Under Treatment
P106132,H006,Emergency,2026-03-28,2026-03-29,Day Care,Yes,Recovered
P106133,H081,Dermatology,2025-10-06,2025-10-10,Inpatient,No,Recovered
P106134,H006,Dermatology,2025-11-18,2025-11-21,Day Care,No,Under Treatment
P106135,H041,General Medicine,2026-02-16,2026-02-24,Emergency,No,Under Treatment
P106136,H025,Pediatrics,2025-05-14,2025-05-14,Day Care,No,Under Treatment
P106137,H054,Neurology,2025-12-23,2025-12-31,Outpatient,Yes,Under Treatment
P106138,H020,Dermatology,2025-04-13,2025-04-14,Outpatient,No,Under Treatment
P106139,H027,Cardiology,2025-04-07,2025-04-12,Emergency,Yes,Under Treatment
P106140,H014,Orthopedics,2025-04-27,2025-05-03,Inpatient,No,Transferred
P106141,H005,Emergency,2025-04-23,2025-04-26,Day Care,Yes,Under Treatment
P106142,H041,General Medicine,2025-09-14,2025-09-20,Inpatient,No,Transferred
P106143,H091,ICU,2025-04-13,2025-04-23,Inpatient,Yes,Recovered
P106144,H038,Neurology,2025-06-19,2025-06-26,Day Care,No,Under Treatment
P106145,H001,Neurology,2025-05-12,2025-05-22,Emergency,Yes,Transferred
P106146,H073,Dermatology,2025-04-24,2025-04-24,Day Care,No,Under Treatment
P106147,H011,Orthopedics,2025-04-12,2025-04-14,Inpatient,Yes,Transferred
P106148,H047,Cardiology,2026-03-18,2026-03-27,Outpatient,No,Transferred
P106149,H065,Radiology,2025-11-25,2025-12-05,Outpatient,No,Recovered
P106150,H019,Radiology,2025-08-31,2025-09-10,Inpatient,Yes,Transferred
P106151,H047,Dermatology,2025-01-19,2025-01-19,Emergency,Yes,Transferred
P106152,H055,Neurology,2025-04-27,2025-04-27,Inpatient,No,Transferred
P106153,H063,Orthopedics,2026-05-12,2026-05-12,Inpatient,No,Transferred
P106154,H074,Orthopedics,2025-12-18,2025-12-25,Inpatient,No,Transferred
P106155,H020,Dermatology,2025-08-03,2025-08-12,Inpatient,Yes,Transferred
P106156,H007,Dermatology,2025-06-13,2025-06-23,Outpatient,Yes,Transferred
P106157,H078,Orthopedics,2025-04-20,2025-04-20,Day Care,No,Under Treatment
P106158,H038,Oncology,2026-05-10,2026-05-17,Outpatient,Yes,Recovered
P106159,H050,Radiology,2026-03-19,2026-03-20,Emergency,No,Transferred
P106160,H015,Emergency,2025-05-04,2025-05-13,Outpatient,No,Recovered
P106161,H067,Dermatology,2025-03-04,2025-03-14,Outpatient,No,Under Treatment
P106162,H094,Dermatology,2026-01-01,2026-01-06,Outpatient,No,Transferred
P106163,H079,Orthopedics,2025-11-27,2025-12-02,Emergency,No,Under Treatment
P106164,H024,ICU,2025-03-10,2025-03-14,Inpatient,No,Recovered
P106165,H050,Oncology,2026-01-24,2026-01-27,Day Care,Yes,Recovered
P106166,H073,ICU,2026-02-08,2026-02-09,Day Care,No,Transferred
P106167,H081,Neurology,2026-02-09,2026-02-17,Emergency,Yes,Recovered
P106168,H019,Oncology,2025-08-26,2025-09-05,Outpatient,Yes,Transferred
P106169,H037,Neurology,2025-08-04,2025-08-12,Outpatient,No,Under Treatment
P106170,H082,Dermatology,2026-02-18,2026-02-20,Day Care,No,Transferred
P106171,H078,ICU,2026-04-02,2026-04-04,Day Care,No,Recovered
P106172,H088,Emergency,2025-03-30,2025-03-30,Outpatient,Yes,Recovered
P106173,H030,Neurology,2025-01-01,2025-01-04,Outpatient,No,Recovered
P106174,H093,Emergency,2026-01-30,2026-02-05,Inpatient,Yes,Recovered
P106175,H040,Emergency,2025-03-02,2025-03-08,Inpatient,No,Recovered
P106176,H025,Dermatology,2026-03-29,2026-04-06,Outpatient,Yes,Transferred
P106177,H042,Cardiology,2025-02-21,2025-02-22,Emergency,Yes,Under Treatment
P106178,H059,Radiology,2026-05-10,2026-05-16,Outpatient,Yes,Transferred
P106179,H026,Cardiology,2025-08-29,2025-09-05,Day Care,Yes,Recovered
P106180,H030,Orthopedics,2026-04-01,2026-04-07,Emergency,Yes,Recovered
P106181,H011,Pediatrics,2025-11-01,2025-11-01,Day Care,Yes,Transferred
P106182,H049,Radiology,2026-02-14,2026-02-23,Outpatient,Yes,Recovered
P106183,H053,Radiology,2025-01-11,2025-01-16,Outpatient,No,Under Treatment
P106184,H082,Neurology,2026-05-06,2026-05-06,Emergency,Yes,Under Treatment
P106185,H081,ICU,2025-02-17,2025-02-20,Emergency,Yes,Transferred
P106186,H092,Orthopedics,2025-09-29,2025-10-01,Emergency,No,Under Treatment
P106187,H011,Pediatrics,2025-07-17,2025-07-27,Inpatient,No,Recovered
P106188,H043,Emergency,2026-05-10,2026-05-13,Day Care,Yes,Recovered
P106189,H030,Neurology,2025-08-22,2025-08-24,Emergency,Yes,Recovered
P106190,H079,Radiology,2025-11-24,2025-11-25,Inpatient,Yes,Under Treatment
P106191,H018,Emergency,2025-04-14,2025-04-17,Emergency,No,Under Treatment
P106192,H056,Cardiology,2025-02-01,2025-02-07,Inpatient,Yes,Recovered
P106193,H002,General Medicine,2025-07-18,2025-07-21,Day Care,No,Under Treatment
P106194,H082,Dermatology,2025-10-24,2025-10-26,Day Care,Yes,Transferred
P106195,H017,General Medicine,2025-12-16,2025-12-25,Inpatient,No,Under Treatment
P106196,H050,Cardiology,2025-11-06,2025-11-07,Emergency,No,Recovered
P106197,H004,Oncology,2025-10-19,2025-10-21,Emergency,No,Transferred
P106198,H017,Dermatology,2025-02-23,2025-03-04,Outpatient,Yes,Transferred
P106199,H090,Oncology,2025-09-05,2025-09-15,Emergency,Yes,Transferred
P106200,H092,Radiology,2025-04-01,2025-04-07,Day Care,Yes,Transferred
P106201,H033,Orthopedics,2025-03-19,2025-03-19,Day Care,No,Under Treatment
P106202,H072,Pediatrics,2025-09-20,2025-09-21,Inpatient,Yes,Recovered
P106203,H009,Radiology,2025-12-23,2025-12-24,Inpatient,Yes,Under Treatment
P106204,H047,Neurology,2026-04-12,2026-04-18,Emergency,No,Transferred
P106205,H051,ICU,2026-05-06,2026-05-09,Outpatient,Yes,Transferred
P106206,H004,Emergency,2026-03-08,2026-03-15,Outpatient,Yes,Recovered
P106207,H023,ICU,2025-12-03,2025-12-04,Inpatient,No,Recovered
P106208,H041,Emergency,2025-08-30,2025-09-06,Day Care,Yes,Recovered
P106209,H040,Dermatology,2026-02-17,2026-02-19,Inpatient,No,Transferred
P106210,H044,Pediatrics,2025-06-30,2025-07-09,Emergency,Yes,Transferred
P106211,H011,General Medicine,2025-02-15,2025-02-15,Day Care,No,Transferred
P106212,H032,General Medicine,2025-11-28,2025-12-05,Inpatient,Yes,Transferred
P106213,H071,Emergency,2025-03-21,2025-03-22,Inpatient,Yes,Under Treatment
P106214,H029,Radiology,2025-04-25,2025-05-03,Inpatient,Yes,Recovered
P106215,H099,General Medicine,2025-12-05,2025-12-08,Day Care,Yes,Recovered
P106216,H024,Radiology,2025-10-17,2025-10-17,Outpatient,Yes,Recovered
P106217,H022,ICU,2025-12-15,2025-12-18,Inpatient,No,Under Treatment
P106218,H009,Cardiology,2025-01-12,2025-01-20,Inpatient,No,Under Treatment
P106219,H099,ICU,2025-09-18,2025-09-20,Outpatient,Yes,Under Treatment
P106220,H086,General Medicine,2025-07-17,2025-07-17,Day Care,No,Under Treatment
P106221,H089,Orthopedics,2025-08-17,2025-08-24,Outpatient,No,Under Treatment
P106222,H036,Radiology,2025-04-04,2025-04-05,Emergency,Yes,Recovered
P106223,H097,Radiology,2025-01-13,2025-01-15,Outpatient,No,Under Treatment
P106224,H085,Radiology,2026-05-10,2026-05-20,Outpatient,No,Transferred
P106225,H043,Dermatology,2025-01-14,2025-01-16,Day Care,No,Transferred
P106226,H015,Oncology,2025-09-16,2025-09-21,Inpatient,No,Under Treatment
P106227,H067,Dermatology,2025-02-26,2025-03-05,Outpatient,No,Transferred
P106228,H048,ICU,2025-02-11,2025-02-19,Inpatient,No,Under Treatment
P106229,H027,Neurology,2025-04-11,2025-04-14,Outpatient,Yes,Under Treatment
P106230,H012,Neurology,2025-11-17,2025-11-24,Inpatient,Yes,Transferred
P106231,H025,Cardiology,2026-01-23,2026-01-28,Emergency,No,Transferred
P106232,H014,Emergency,2025-10-26,2025-11-03,Inpatient,No,Recovered
P106233,H035,Oncology,2025-05-19,2025-05-21,Inpatient,Yes,Under Treatment
P106234,H059,Pediatrics,2025-03-13,2025-03-17,Emergency,Yes,Recovered
P106235,H057,Cardiology,2026-01-12,2026-01-22,Day Care,Yes,Transferred
P106236,H026,Emergency,2025-04-01,2025-04-08,Outpatient,Yes,Recovered
P106237,H005,Emergency,2025-11-11,2025-11-11,Day Care,No,Under Treatment
P106238,H058,Orthopedics,2025-06-17,2025-06-21,Emergency,Yes,Transferred
P106239,H076,Orthopedics,2025-03-11,2025-03-19,Inpatient,Yes,Transferred
P106240,H096,Neurology,2025-05-24,2025-05-29,Day Care,Yes,Transferred
P106241,H059,ICU,2026-01-18,2026-01-25,Emergency,Yes,Under Treatment
P106242,H056,Neurology,2025-08-02,2025-08-10,Day Care,Yes,Under Treatment
P106243,H057,Radiology,2025-07-10,2025-07-20,Day Care,No,Recovered
P106244,H036,Oncology,2025-10-14,2025-10-16,Inpatient,No,Under Treatment
P106245,H021,ICU,2025-02-14,2025-02-14,Emergency,Yes,Transferred
P106246,H083,Oncology,2025-09-30,2025-10-04,Emergency,No,Under Treatment
P106247,H051,Cardiology,2026-02-15,2026-02-25,Inpatient,No,Recovered
P106248,H058,Pediatrics,2025-11-14,2025-11-23,Day Care,Yes,Recovered
P106249,H082,Emergency,2026-01-20,2026-01-27,Inpatient,Yes,Transferred
P106250,H081,Cardiology,2025-05-20,2025-05-25,Inpatient,No,Under Treatment
P106251,H062,Emergency,2026-04-28,2026-05-04,Outpatient,Yes,Under Treatment
P106252,H087,Pediatrics,2025-12-31,2026-01-02,Inpatient,Yes,Transferred
P106253,H050,Radiology,2025-02-27,2025-03-03,Outpatient,Yes,Recovered
P106254,H095,Oncology,2025-11-27,2025-12-02,Day Care,No,Recovered
P106255,H065,ICU,2026-04-18,2026-04-25,Day Care,No,Under Treatment
P106256,H026,General Medicine,2026-03-18,2026-03-19,Outpatient,No,Recovered
P106257,H053,Pediatrics,2025-04-04,2025-04-11,Inpatient,No,Transferred
P106258,H083,Radiology,2026-02-28,2026-03-01,Outpatient,Yes,Under Treatment
P106259,H086,Pediatrics,2025-05-31,2025-06-03,Outpatient,No,Under Treatment
P106260,H047,Dermatology,2026-05-03,2026-05-09,Outpatient,Yes,Transferred
P106261,H036,General Medicine,2025-03-24,2025-03-31,Day Care,Yes,Recovered
P106262,H010,Pediatrics,2025-11-15,2025-11-23,Outpatient,Yes,Recovered
P106263,H024,ICU,2025-11-18,2025-11-18,Day Care,No,Transferred
P106264,H046,Neurology,2026-02-11,2026-02-19,Emergency,Yes,Transferred
P106265,H049,Emergency,2026-02-06,2026-02-10,Outpatient,No,Transferred
P106266,H034,Emergency,2025-10-26,2025-11-05,Emergency,Yes,Transferred
P106267,H097,Cardiology,2026-03-28,2026-04-02,Outpatient,No,Recovered
P106268,H099,Cardiology,2025-02-11,2025-02-15,Day Care,Yes,Recovered
P106269,H019,Pediatrics,2025-11-23,2025-12-03,Outpatient,Yes,Recovered
P106270,H076,Emergency,2025-02-04,2025-02-14,Day Care,Yes,Under Treatment
P106271,H092,General Medicine,2025-01-13,2025-01-15,Outpatient,Yes,Transferred
P106272,H066,Oncology,2025-10-17,2025-10-19,Outpatient,Yes,Recovered
P106273,H086,Cardiology,2026-04-27,2026-04-27,Outpatient,Yes,Under Treatment
P106274,H011,Cardiology,2026-02-14,2026-02-16,Day Care,No,Transferred
P106275,H017,Neurology,2025-06-05,2025-06-11,Day Care,No,Recovered
P106276,H050,Pediatrics,2025-09-03,2025-09-05,Emergency,Yes,Under Treatment
P106277,H031,General Medicine,2025-11-26,2025-11-30,Outpatient,No,Transferred
P106278,H008,Cardiology,2025-09-15,2025-09-23,Day Care,Yes,Transferred
P106279,H039,Orthopedics,2026-04-17,2026-04-17,Day Care,No,Recovered
P106280,H042,Oncology,2026-01-04,2026-01-07,Day Care,Yes,Under Treatment
P106281,H068,Cardiology,2026-05-14,2026-05-17,Inpatient,Yes,Transferred
P106282,H024,Neurology,2025-04-23,2025-05-03,Inpatient,No,Transferred
P106283,H021,Orthopedics,2026-04-12,2026-04-21,Inpatient,No,Recovered
P106284,H086,Pediatrics,2026-01-26,2026-02-02,Inpatient,Yes,Under Treatment
P106285,H094,Emergency,2025-07-25,2025-07-28,Emergency,Yes,Transferred
P106286,H086,Radiology,2026-02-05,2026-02-11,Emergency,Yes,Transferred
P106287,H036,Dermatology,2025-04-12,2025-04-21,Inpatient,No,Recovered
P106288,H029,Orthopedics,2025-11-05,2025-11-15,Day Care,No,Under Treatment
P106289,H031,Emergency,2025-06-23,2025-06-30,Outpatient,No,Recovered
P106290,H007,ICU,2026-01-25,2026-01-25,Emergency,No,Recovered
P106291,H049,General Medicine,2025-06-07,2025-06-11,Outpatient,No,Recovered
P106292,H005,General Medicine,2025-08-02,2025-08-12,Outpatient,No,Under Treatment
P106293,H048,Neurology,2025-03-22,2025-04-01,Inpatient,No,Transferred
P106294,H006,Cardiology,2025-02-15,2025-02-20,Emergency,Yes,Under Treatment
P106295,H071,General Medicine,2025-08-11,2025-08-17,Inpatient,No,Transferred
P106296,H023,ICU,2025-10-19,2025-10-27,Outpatient,No,Under Treatment
P106297,H074,Dermatology,2025-12-13,2025-12-18,Day Care,No,Transferred
P106298,H028,Radiology,2025-03-30,2025-04-03,Outpatient,Yes,Under Treatment
P106299,H042,General Medicine,2025-01-18,2025-01-28,Outpatient,No,Transferred
P106300,H056,ICU,2025-11-23,2025-11-23,Day Care,Yes,Under Treatment
P106301,H040,Emergency,2025-05-11,2025-05-19,Outpatient,Yes,Transferred
P106302,H096,General Medicine,2025-04-21,2025-04-21,Outpatient,No,Recovered
P106303,H022,ICU,2026-02-08,2026-02-16,Emergency,No,Under Treatment
P106304,H038,Emergency,2025-02-07,2025-02-10,Day Care,No,Recovered
P106305,H008,Orthopedics,2025-12-08,2025-12-18,Outpatient,Yes,Under Treatment
P106306,H093,Cardiology,2025-09-20,2025-09-30,Emergency,Yes,Under Treatment
P106307,H032,Orthopedics,2025-12-31,2026-01-10,Inpatient,Yes,Recovered
P106308,H011,Emergency,2025-11-30,2025-12-01,Inpatient,Yes,Under Treatment
P106309,H098,Radiology,2025-07-05,2025-07-07,Day Care,No,Recovered
P106310,H068,General Medicine,2025-05-25,2025-06-01,Inpatient,No,Under Treatment
P106311,H076,Oncology,2025-10-12,2025-10-17,Emergency,Yes,Recovered
P106312,H063,Orthopedics,2025-08-04,2025-08-14,Inpatient,Yes,Recovered
P106313,H027,ICU,2025-11-08,2025-11-09,Outpatient,Yes,Under Treatment
P106314,H099,Emergency,2025-03-04,2025-03-04,Day Care,No,Transferred
P106315,H056,Dermatology,2025-11-21,2025-11-26,Day Care,Yes,Transferred
P106316,H092,Neurology,2025-10-03,2025-10-05,Outpatient,Yes,Transferred
P106317,H027,General Medicine,2025-10-13,2025-10-15,Day Care,No,Under Treatment
P106318,H036,Neurology,2025-05-06,2025-05-15,Day Care,Yes,Recovered
P106319,H081,Radiology,2026-04-14,2026-04-21,Inpatient,No,Transferred
P106320,H042,Oncology,2025-02-25,2025-03-01,Inpatient,No,Under Treatment
P106321,H066,ICU,2025-10-07,2025-10-11,Emergency,Yes,Recovered
P106322,H009,Orthopedics,2025-11-13,2025-11-17,Emergency,Yes,Transferred
P106323,H035,Cardiology,2025-01-31,2025-02-06,Outpatient,Yes,Under Treatment
P106324,H089,Radiology,2025-05-23,2025-05-31,Inpatient,Yes,Under Treatment
P106325,H050,Cardiology,2025-09-09,2025-09-15,Inpatient,No,Under Treatment
P106326,H046,Oncology,2025-07-02,2025-07-02,Inpatient,No,Recovered
P106327,H071,ICU,2026-01-12,2026-01-19,Outpatient,Yes,Under Treatment
P106328,H081,Oncology,2026-01-25,2026-02-02,Emergency,No,Under Treatment
P106329,H003,General Medicine,2025-02-22,2025-02-26,Emergency,Yes,Under Treatment
P106330,H018,Emergency,2026-05-14,2026-05-21,Outpatient,No,Recovered
P106331,H049,Emergency,2025-12-22,2025-12-27,Outpatient,Yes,Transferred
P106332,H056,ICU,2025-10-05,2025-10-14,Outpatient,Yes,Transferred
P106333,H027,Cardiology,2025-10-31,2025-10-31,Inpatient,Yes,Recovered
P106334,H039,Oncology,2025-10-05,2025-10-15,Inpatient,Yes,Under Treatment
P106335,H030,Oncology,2025-11-16,2025-11-17,Emergency,No,Transferred
P106336,H019,Oncology,2025-01-29,2025-01-31,Day Care,No,Transferred
P106337,H081,Neurology,2025-06-23,2025-06-24,Inpatient,Yes,Recovered
P106338,H012,Cardiology,2025-05-20,2025-05-23,Emergency,No,Transferred
P106339,H050,ICU,2025-11-14,2025-11-15,Outpatient,Yes,Transferred
P106340,H025,General Medicine,2026-03-12,2026-03-13,Outpatient,No,Recovered
P106341,H100,Pediatrics,2026-02-21,2026-03-02,Inpatient,Yes,Transferred
P106342,H071,Dermatology,2025-09-22,2025-09-27,Emergency,No,Transferred
P106343,H040,Dermatology,2025-10-30,2025-11-07,Emergency,No,Under Treatment
P106344,H031,General Medicine,2026-02-10,2026-02-18,Inpatient,Yes,Transferred
P106345,H039,Pediatrics,2025-05-19,2025-05-19,Day Care,Yes,Under Treatment
P106346,H062,Radiology,2026-03-16,2026-03-21,Emergency,No,Transferred
P106347,H097,Radiology,2026-01-24,2026-01-31,Emergency,Yes,Recovered
P106348,H035,Dermatology,2026-04-25,2026-04-25,Inpatient,No,Under Treatment
P106349,H038,Pediatrics,2025-05-09,2025-05-13,Inpatient,No,Transferred
P106350,H048,ICU,2025-12-15,2025-12-20,Inpatient,No,Recovered
P106351,H063,Neurology,2025-10-03,2025-10-05,Outpatient,Yes,Recovered
P106352,H086,Cardiology,2025-01-21,2025-01-28,Inpatient,No,Under Treatment
P106353,H018,Radiology,2025-08-16,2025-08-26,Day Care,Yes,Recovered
P106354,H017,Oncology,2025-11-26,2025-12-04,Emergency,No,Recovered
P106355,H017,Radiology,2025-08-30,2025-09-01,Outpatient,No,Under Treatment
P106356,H090,Dermatology,2026-01-07,2026-01-07,Outpatient,No,Under Treatment
P106357,H020,Neurology,2025-10-15,2025-10-16,Outpatient,No,Recovered
P106358,H084,Radiology,2025-09-10,2025-09-18,Day Care,No,Under Treatment
P106359,H028,General Medicine,2026-02-07,2026-02-13,Outpatient,No,Transferred
P106360,H041,General Medicine,2025-12-07,2025-12-16,Emergency,No,Under Treatment
P106361,H094,Oncology,2025-08-31,2025-09-01,Day Care,Yes,Under Treatment
P106362,H080,Cardiology,2025-07-27,2025-07-31,Day Care,Yes,Transferred
P106363,H085,Orthopedics,2025-03-07,2025-03-08,Outpatient,Yes,Under Treatment
P106364,H041,ICU,2025-01-15,2025-01-24,Inpatient,Yes,Recovered
P106365,H097,Cardiology,2025-08-20,2025-08-25,Inpatient,No,Under Treatment
P106366,H078,Neurology,2026-02-28,2026-03-06,Emergency,Yes,Transferred
P106367,H007,Pediatrics,2025-01-01,2025-01-09,Day Care,No,Recovered
P106368,H031,Oncology,2025-06-26,2025-07-05,Day Care,No,Under Treatment
P106369,H032,Orthopedics,2025-03-26,2025-03-30,Inpatient,Yes,Transferred
P106370,H075,Emergency,2025-07-12,2025-07-15,Emergency,No,Transferred
P106371,H006,Pediatrics,2025-01-31,2025-02-08,Inpatient,No,Recovered
P106372,H076,Orthopedics,2025-12-06,2025-12-14,Outpatient,Yes,Under Treatment
P106373,H024,Oncology,2025-08-10,2025-08-14,Day Care,Yes,Recovered
P106374,H024,Dermatology,2026-02-07,2026-02-16,Emergency,No,Transferred
P106375,H007,Radiology,2026-01-19,2026-01-27,Emergency,Yes,Recovered
P106376,H095,Dermatology,2025-07-27,2025-08-01,Inpatient,No,Transferred
P106377,H011,Orthopedics,2025-02-19,2025-02-23,Outpatient,Yes,Recovered
P106378,H021,General Medicine,2026-01-12,2026-01-15,Inpatient,No,Under Treatment
P106379,H050,General Medicine,2025-07-31,2025-08-02,Outpatient,Yes,Recovered
P106380,H058,Radiology,2025-06-26,2025-07-04,Emergency,Yes,Recovered
P106381,H081,General Medicine,2025-09-25,2025-09-27,Emergency,Yes,Transferred
P106382,H097,Neurology,2025-04-28,2025-05-04,Day Care,Yes,Under Treatment
P106383,H033,ICU,2026-01-03,2026-01-07,Day Care,No,Recovered
P106384,H064,Emergency,2025-09-28,2025-09-29,Day Care,No,Transferred
P106385,H064,Pediatrics,2025-03-25,2025-04-01,Day Care,No,Under Treatment
P106386,H043,Neurology,2025-06-02,2025-06-08,Inpatient,Yes,Under Treatment
P106387,H095,Pediatrics,2026-03-21,2026-03-25,Day Care,No,Under Treatment
P106388,H001,General Medicine,2026-02-13,2026-02-19,Outpatient,Yes,Transferred
P106389,H081,Neurology,2025-04-08,2025-04-13,Outpatient,No,Transferred
P106390,H020,ICU,2025-11-10,2025-11-11,Emergency,No,Recovered
P106391,H026,Dermatology,2025-09-01,2025-09-05,Inpatient,No,Transferred
P106392,H001,Cardiology,2025-07-26,2025-08-04,Inpatient,No,Recovered
P106393,H038,ICU,2026-02-17,2026-02-18,Day Care,Yes,Under Treatment
P106394,H053,General Medicine,2025-09-06,2025-09-13,Outpatient,Yes,Under Treatment
P106395,H094,General Medicine,2026-05-04,2026-05-08,Emergency,Yes,Transferred
P106396,H050,Oncology,2026-01-23,2026-01-25,Day Care,No,Recovered
P106397,H066,Oncology,2025-05-29,2025-05-29,Outpatient,Yes,Recovered
P106398,H031,Pediatrics,2025-11-13,2025-11-15,Day Care,Yes,Recovered
P106399,H019,Orthopedics,2025-05-12,2025-05-13,Inpatient,Yes,Recovered
P106400,H038,ICU,2026-05-10,2026-05-12,Day Care,No,Transferred
P106401,H021,General Medicine,2025-06-06,2025-06-06,Day Care,No,Under Treatment
P106402,H037,Radiology,2025-06-02,2025-06-11,Emergency,No,Transferred
P106403,H077,ICU,2025-10-20,2025-10-23,Inpatient,Yes,Transferred
P106404,H078,General Medicine,2026-03-05,2026-03-10,Day Care,Yes,Recovered
P106405,H067,Neurology,2025-02-25,2025-02-26,Emergency,No,Under Treatment
P106406,H089,Orthopedics,2025-04-11,2025-04-14,Day Care,No,Transferred
P106407,H094,Cardiology,2025-09-19,2025-09-20,Emergency,Yes,Transferred
P106408,H016,Emergency,2025-01-17,2025-01-18,Day Care,No,Recovered
P106409,H043,Cardiology,2026-04-14,2026-04-21,Outpatient,Yes,Recovered
P106410,H091,General Medicine,2026-02-11,2026-02-14,Day Care,No,Recovered
P106411,H096,ICU,2026-01-08,2026-01-14,Outpatient,Yes,Under Treatment
P106412,H064,Cardiology,2025-12-19,2025-12-26,Inpatient,Yes,Recovered
P106413,H056,Dermatology,2025-03-22,2025-03-24,Emergency,No,Transferred
P106414,H089,Orthopedics,2025-10-04,2025-10-14,Day Care,No,Recovered
P106415,H015,General Medicine,2025-10-06,2025-10-11,Inpatient,No,Recovered
P106416,H048,Pediatrics,2025-07-07,2025-07-09,Emergency,No,Recovered
P106417,H052,Orthopedics,2026-04-11,2026-04-13,Inpatient,Yes,Transferred
P106418,H047,Neurology,2025-05-13,2025-05-14,Inpatient,No,Under Treatment
P106419,H068,Radiology,2025-03-25,2025-03-30,Emergency,Yes,Under Treatment
P106420,H006,Radiology,2026-04-22,2026-04-26,Outpatient,Yes,Under Treatment
P106421,H094,General Medicine,2026-01-10,2026-01-20,Outpatient,No,Transferred
P106422,H083,Oncology,2025-03-30,2025-04-02,Inpatient,Yes,Under Treatment
P106423,H079,Orthopedics,2026-01-18,2026-01-18,Inpatient,No,Under Treatment
P106424,H093,Cardiology,2025-11-22,2025-11-26,Inpatient,Yes,Under Treatment
P106425,H012,ICU,2025-01-12,2025-01-18,Emergency,Yes,Under Treatment
P106426,H092,Neurology,2025-06-08,2025-06-17,Emergency,Yes,Recovered
P106427,H076,Pediatrics,2026-03-19,2026-03-29,Outpatient,Yes,Transferred
P106428,H054,Dermatology,2025-12-17,2025-12-27,Inpatient,No,Recovered
P106429,H053,Pediatrics,2025-01-06,2025-01-11,Outpatient,Yes,Transferred
P106430,H043,ICU,2026-01-16,2026-01-16,Outpatient,No,Under Treatment
P106431,H068,Orthopedics,2025-09-03,2025-09-04,Emergency,No,Under Treatment
P106432,H064,Cardiology,2026-03-31,2026-04-07,Outpatient,No,Recovered
P106433,H078,Radiology,2025-06-08,2025-06-18,Emergency,Yes,Recovered
P106434,H023,Neurology,2025-08-11,2025-08-12,Inpatient,No,Recovered
P106435,H087,Oncology,2025-06-25,2025-06-30,Emergency,Yes,Under Treatment
P106436,H097,Oncology,2025-10-21,2025-10-31,Emergency,Yes,Under Treatment
P106437,H022,Neurology,2025-10-01,2025-10-02,Outpatient,No,Recovered
P106438,H002,ICU,2026-04-12,2026-04-21,Day Care,Yes,Under Treatment
P106439,H068,Neurology,2025-03-29,2025-04-01,Day Care,Yes,Under Treatment
P106440,H038,ICU,2025-03-08,2025-03-15,Day Care,Yes,Recovered
P106441,H051,ICU,2026-03-17,2026-03-17,Day Care,Yes,Under Treatment
P106442,H008,Cardiology,2025-10-15,2025-10-23,Outpatient,Yes,Transferred
P106443,H091,Pediatrics,2025-12-20,2025-12-27,Outpatient,Yes,Recovered
P106444,H026,ICU,2025-04-12,2025-04-18,Emergency,Yes,Under Treatment
P106445,H053,Neurology,2026-02-23,2026-02-23,Outpatient,Yes,Recovered
P106446,H042,Oncology,2026-01-22,2026-01-26,Outpatient,No,Under Treatment
P106447,H036,Emergency,2025-09-03,2025-09-04,Day Care,No,Recovered
P106448,H051,Neurology,2025-03-06,2025-03-15,Emergency,No,Recovered
P106449,H001,ICU,2025-06-23,2025-06-24,Day Care,No,Under Treatment
P106450,H099,ICU,2025-09-09,2025-09-14,Outpatient,No,Recovered
P106451,H043,Oncology,2025-07-10,2025-07-20,Day Care,Yes,Under Treatment
P106452,H020,Orthopedics,2025-03-27,2025-04-06,Inpatient,Yes,Transferred
P106453,H029,Emergency,2025-08-08,2025-08-15,Outpatient,Yes,Recovered
P106454,H077,Neurology,2025-03-11,2025-03-13,Outpatient,No,Transferred
P106455,H098,Orthopedics,2025-09-01,2025-09-02,Inpatient,Yes,Recovered
P106456,H008,Radiology,2025-02-20,2025-02-27,Inpatient,No,Recovered
P106457,H062,Dermatology,2025-07-10,2025-07-20,Outpatient,No,Under Treatment
P106458,H057,Cardiology,2025-03-09,2025-03-17,Day Care,No,Transferred
P106459,H078,Radiology,2026-05-10,2026-05-20,Day Care,No,Transferred
P106460,H099,Cardiology,2025-12-31,2026-01-05,Day Care,No,Transferred
P106461,H090,Emergency,2025-11-23,2025-12-02,Emergency,Yes,Transferred
P106462,H038,ICU,2025-01-02,2025-01-05,Day Care,Yes,Under Treatment
P106463,H044,Emergency,2026-04-04,2026-04-06,Emergency,Yes,Under Treatment
P106464,H034,ICU,2025-08-23,2025-08-24,Inpatient,No,Recovered
P106465,H061,Cardiology,2026-03-27,2026-04-06,Outpatient,No,Transferred
P106466,H065,Emergency,2026-05-10,2026-05-12,Emergency,Yes,Recovered
P106467,H055,Radiology,2025-10-21,2025-10-21,Outpatient,Yes,Recovered
P106468,H024,Radiology,2025-03-18,2025-03-27,Outpatient,No,Recovered
P106469,H039,Oncology,2026-01-24,2026-01-26,Day Care,No,Recovered
P106470,H022,General Medicine,2026-04-02,2026-04-02,Emergency,Yes,Under Treatment
P106471,H003,Oncology,2026-01-13,2026-01-19,Outpatient,Yes,Transferred
P106472,H059,General Medicine,2025-02-02,2025-02-09,Inpatient,Yes,Under Treatment
P106473,H012,Pediatrics,2026-05-12,2026-05-17,Inpatient,Yes,Transferred
P106474,H070,Oncology,2025-09-03,2025-09-13,Day Care,No,Recovered
P106475,H095,Emergency,2025-03-06,2025-03-11,Day Care,Yes,Under Treatment
P106476,H019,General Medicine,2025-10-28,2025-10-30,Outpatient,No,Recovered
P106477,H084,Cardiology,2025-07-21,2025-07-21,Outpatient,No,Under Treatment
P106478,H021,ICU,2025-10-11,2025-10-14,Inpatient,Yes,Transferred
P106479,H030,Orthopedics,2025-01-25,2025-02-03,Inpatient,No,Recovered
P106480,H033,General Medicine,2025-09-30,2025-10-10,Emergency,No,Transferred
P106481,H003,Oncology,2025-02-14,2025-02-16,Emergency,Yes,Transferred
P106482,H052,General Medicine,2025-08-28,2025-09-03,Inpatient,No,Transferred
P106483,H040,Orthopedics,2025-04-16,2025-04-26,Inpatient,No,Transferred
P106484,H033,Oncology,2025-04-23,2025-05-02,Day Care,Yes,Under Treatment
P106485,H080,Radiology,2025-10-23,2025-10-28,Outpatient,No,Transferred
P106486,H024,Neurology,2025-06-09,2025-06-11,Day Care,No,Recovered
P106487,H020,ICU,2025-11-08,2025-11-08,Inpatient,No,Recovered
P106488,H006,Dermatology,2025-11-21,2025-11-28,Outpatient,No,Recovered
P106489,H064,Emergency,2025-07-16,2025-07-18,Inpatient,No,Recovered
P106490,H088,Orthopedics,2025-06-04,2025-06-07,Inpatient,Yes,Transferred
P106491,H052,Cardiology,2025-09-02,2025-09-07,Day Care,Yes,Under Treatment
P106492,H051,General Medicine,2025-08-02,2025-08-03,Day Care,No,Under Treatment
P106493,H058,Cardiology,2025-05-23,2025-05-26,Inpatient,Yes,Recovered
P106494,H038,Oncology,2025-09-12,2025-09-18,Emergency,Yes,Transferred
P106495,H075,Dermatology,2025-05-27,2025-06-04,Emergency,No,Transferred
P106496,H081,Pediatrics,2026-04-06,2026-04-14,Day Care,Yes,Under Treatment
P106497,H043,Emergency,2026-03-14,2026-03-15,Emergency,Yes,Under Treatment
P106498,H009,Orthopedics,2026-02-10,2026-02-14,Day Care,No,Transferred
P106499,H074,ICU,2025-09-26,2025-10-02,Day Care,Yes,Under Treatment
P106500,H027,Radiology,2025-09-28,2025-09-29,Inpatient,No,Recovered
P106501,H088,Neurology,2025-02-16,2025-02-21,Inpatient,No,Recovered
P106502,H049,Emergency,2025-06-16,2025-06-16,Day Care,No,Under Treatment
P106503,H072,Radiology,2025-09-23,2025-09-29,Emergency,Yes,Under Treatment
P106504,H045,ICU,2025-06-22,2025-06-29,Inpatient,No,Under Treatment
P106505,H098,Emergency,2025-04-11,2025-04-20,Outpatient,Yes,Under Treatment
P106506,H025,Oncology,2025-08-22,2025-08-28,Inpatient,No,Under Treatment
P106507,H097,Emergency,2025-08-10,2025-08-18,Outpatient,No,Recovered
P106508,H025,Oncology,2025-12-17,2025-12-25,Outpatient,No,Transferred
P106509,H086,Dermatology,2025-02-22,2025-02-28,Outpatient,No,Recovered
P106510,H087,Cardiology,2025-10-11,2025-10-14,Inpatient,Yes,Under Treatment
P106511,H003,Dermatology,2025-07-27,2025-08-03,Inpatient,No,Transferred
P106512,H017,Radiology,2025-04-27,2025-04-29,Day Care,Yes,Under Treatment
P106513,H036,Neurology,2025-02-10,2025-02-12,Outpatient,No,Recovered
P106514,H033,General Medicine,2026-05-03,2026-05-06,Emergency,No,Recovered
P106515,H062,Cardiology,2026-03-19,2026-03-25,Outpatient,No,Under Treatment
P106516,H093,Emergency,2025-12-18,2025-12-21,Day Care,No,Recovered
P106517,H028,Emergency,2025-11-03,2025-11-03,Outpatient,No,Transferred
P106518,H087,Neurology,2025-06-04,2025-06-10,Outpatient,Yes,Recovered
P106519,H077,Emergency,2025-07-17,2025-07-19,Inpatient,No,Under Treatment
P106520,H045,General Medicine,2025-07-09,2025-07-14,Day Care,Yes,Under Treatment
P106521,H098,Cardiology,2026-02-21,2026-02-24,Outpatient,No,Under Treatment
P106522,H020,Oncology,2025-05-12,2025-05-17,Outpatient,No,Recovered
P106523,H004,ICU,2025-09-04,2025-09-07,Emergency,No,Recovered
P106524,H093,Radiology,2025-10-19,2025-10-24,Outpatient,No,Recovered
P106525,H060,Dermatology,2025-06-22,2025-06-23,Emergency,Yes,Under Treatment
P106526,H060,Cardiology,2025-12-17,2025-12-26,Outpatient,Yes,Under Treatment
P106527,H002,Radiology,2026-04-21,2026-04-28,Outpatient,No,Under Treatment
P106528,H035,Oncology,2025-11-21,2025-11-28,Day Care,No,Transferred
P106529,H052,Cardiology,2026-02-18,2026-02-19,Day Care,No,Under Treatment
P106530,H023,Oncology,2025-06-19,2025-06-20,Emergency,Yes,Under Treatment
P106531,H046,General Medicine,2025-11-01,2025-11-04,Emergency,Yes,Under Treatment
P106532,H082,Emergency,2025-11-11,2025-11-18,Inpatient,Yes,Transferred
P106533,H058,Radiology,2025-07-30,2025-08-09,Day Care,No,Transferred
P106534,H034,Orthopedics,2025-09-10,2025-09-17,Outpatient,Yes,Recovered
P106535,H033,Pediatrics,2025-06-09,2025-06-19,Outpatient,No,Transferred
P106536,H063,ICU,2025-12-08,2025-12-18,Inpatient,No,Recovered
P106537,H046,Pediatrics,2025-08-25,2025-09-04,Inpatient,Yes,Under Treatment
P106538,H098,Dermatology,2025-04-17,2025-04-19,Inpatient,No,Under Treatment
P106539,H045,Orthopedics,2025-11-06,2025-11-08,Emergency,No,Recovered
P106540,H076,Oncology,2026-04-28,2026-04-28,Emergency,Yes,Transferred
P106541,H054,General Medicine,2026-01-17,2026-01-21,Inpatient,No,Recovered
P106542,H058,Cardiology,2026-04-17,2026-04-17,Inpatient,No,Under Treatment
P106543,H097,Oncology,2025-12-22,2025-12-24,Day Care,No,Transferred
P106544,H003,General Medicine,2026-01-21,2026-01-25,Emergency,Yes,Recovered
P106545,H015,Oncology,2025-09-11,2025-09-13,Outpatient,Yes,Recovered
P106546,H055,Oncology,2025-06-24,2025-06-28,Day Care,No,Under Treatment
P106547,H035,Oncology,2025-06-25,2025-07-03,Inpatient,No,Under Treatment
P106548,H050,Oncology,2026-03-04,2026-03-12,Emergency,Yes,Transferred
P106549,H003,ICU,2025-07-16,2025-07-18,Outpatient,No,Transferred
P106550,H060,Cardiology,2025-08-20,2025-08-30,Emergency,Yes,Transferred
P106551,H017,ICU,2025-08-27,2025-09-04,Inpatient,No,Transferred
P106552,H086,Orthopedics,2025-06-20,2025-06-29,Emergency,Yes,Under Treatment
P106553,H012,Pediatrics,2025-04-16,2025-04-16,Day Care,No,Under Treatment
P106554,H029,Pediatrics,2025-02-17,2025-02-24,Emergency,Yes,Transferred
P106555,H074,Radiology,2025-10-24,2025-10-26,Emergency,Yes,Under Treatment
P106556,H071,Oncology,2025-12-28,2025-12-30,Day Care,No,Recovered
P106557,H076,Neurology,2026-02-28,2026-03-05,Inpatient,No,Transferred
P106558,H039,ICU,2026-02-22,2026-03-01,Outpatient,No,Transferred
P106559,H037,Orthopedics,2026-03-08,2026-03-15,Emergency,Yes,Recovered
P106560,H014,Cardiology,2025-02-18,2025-02-18,Inpatient,Yes,Recovered
P106561,H061,Neurology,2025-08-02,2025-08-05,Inpatient,Yes,Recovered
P106562,H015,Emergency,2025-06-28,2025-07-04,Day Care,No,Transferred
P106563,H009,Neurology,2026-01-03,2026-01-06,Outpatient,Yes,Recovered
P106564,H034,Orthopedics,2025-10-15,2025-10-22,Inpatient,Yes,Under Treatment
P106565,H050,Oncology,2026-05-12,2026-05-15,Outpatient,Yes,Transferred
P106566,H053,Orthopedics,2025-01-10,2025-01-15,Outpatient,No,Transferred
P106567,H020,Orthopedics,2026-04-29,2026-05-08,Day Care,No,Recovered
P106568,H044,Emergency,2026-03-16,2026-03-26,Day Care,Yes,Under Treatment
P106569,H008,Oncology,2025-12-01,2025-12-02,Emergency,Yes,Transferred
P106570,H072,Oncology,2025-08-01,2025-08-02,Outpatient,No,Under Treatment
P106571,H048,Cardiology,2025-03-24,2025-04-02,Emergency,Yes,Transferred
P106572,H020,General Medicine,2025-11-08,2025-11-18,Outpatient,No,Recovered
P106573,H035,Orthopedics,2025-07-10,2025-07-11,Emergency,No,Transferred
P106574,H053,Emergency,2026-01-24,2026-01-28,Day Care,No,Recovered
P106575,H043,Emergency,2025-08-23,2025-08-27,Emergency,Yes,Transferred
P106576,H024,ICU,2025-08-09,2025-08-09,Emergency,No,Under Treatment
P106577,H085,Cardiology,2025-09-06,2025-09-16,Inpatient,Yes,Transferred
P106578,H051,Emergency,2026-02-10,2026-02-13,Day Care,No,Recovered
P106579,H071,Neurology,2025-07-08,2025-07-09,Emergency,No,Transferred
P106580,H019,General Medicine,2025-05-16,2025-05-17,Outpatient,No,Under Treatment
P106581,H047,ICU,2026-02-13,2026-02-23,Outpatient,Yes,Recovered
P106582,H010,Dermatology,2025-10-09,2025-10-12,Day Care,Yes,Transferred
P106583,H051,Cardiology,2026-03-25,2026-03-25,Emergency,No,Transferred
P106584,H045,Neurology,2025-07-29,2025-07-29,Inpatient,Yes,Transferred
P106585,H091,Dermatology,2026-01-26,2026-01-30,Outpatient,Yes,Recovered
P106586,H021,General Medicine,2025-08-20,2025-08-21,Emergency,No,Transferred
P106587,H033,Radiology,2025-02-27,2025-03-06,Emergency,No,Under Treatment
P106588,H057,Cardiology,2025-02-08,2025-02-17,Day Care,Yes,Recovered
P106589,H005,Dermatology,2025-01-14,2025-01-23,Inpatient,No,Recovered
P106590,H032,Radiology,2025-01-31,2025-02-06,Inpatient,No,Under Treatment
P106591,H058,Orthopedics,2025-10-12,2025-10-14,Inpatient,No,Transferred
P106592,H063,Radiology,2025-11-14,2025-11-17,Outpatient,No,Transferred
P106593,H056,Neurology,2025-02-26,2025-03-08,Day Care,No,Recovered
P106594,H053,Radiology,2025-08-09,2025-08-15,Day Care,Yes,Transferred
P106595,H061,Neurology,2026-05-12,2026-05-20,Day Care,Yes,Under Treatment
P106596,H019,Cardiology,2025-03-04,2025-03-11,Outpatient,No,Transferred
P106597,H071,Radiology,2025-06-17,2025-06-21,Emergency,No,Recovered
P106598,H087,Dermatology,2025-01-25,2025-01-27,Outpatient,No,Under Treatment
P106599,H032,Pediatrics,2025-12-28,2026-01-03,Day Care,No,Under Treatment
P106600,H089,General Medicine,2025-06-17,2025-06-18,Emergency,Yes,Recovered
P106601,H050,Emergency,2025-08-04,2025-08-06,Inpatient,Yes,Transferred
P106602,H080,Oncology,2025-11-09,2025-11-12,Inpatient,Yes,Transferred
P106603,H062,Emergency,2026-02-22,2026-02-27,Emergency,No,Transferred
P106604,H030,Oncology,2025-10-19,2025-10-22,Emergency,No,Under Treatment
P106605,H074,Pediatrics,2025-05-09,2025-05-09,Outpatient,Yes,Recovered
P106606,H054,Radiology,2025-01-21,2025-01-23,Day Care,Yes,Under Treatment
P106607,H026,Radiology,2025-07-22,2025-07-23,Inpatient,Yes,Transferred
P106608,H024,Emergency,2025-11-17,2025-11-20,Inpatient,Yes,Transferred
P106609,H090,Orthopedics,2026-03-15,2026-03-24,Day Care,Yes,Recovered
P106610,H005,Emergency,2026-01-28,2026-02-07,Outpatient,No,Under Treatment
P106611,H003,Emergency,2025-09-01,2025-09-04,Day Care,Yes,Recovered
P106612,H011,General Medicine,2025-01-26,2025-01-27,Day Care,Yes,Recovered
P106613,H053,Cardiology,2025-12-11,2025-12-19,Inpatient,No,Under Treatment
P106614,H091,Dermatology,2026-04-30,2026-05-08,Emergency,Yes,Under Treatment
P106615,H056,Radiology,2026-01-24,2026-01-30,Day Care,No,Transferred
P106616,H074,ICU,2025-02-26,2025-03-01,Emergency,No,Under Treatment
P106617,H069,Orthopedics,2025-08-23,2025-09-02,Outpatient,Yes,Recovered
P106618,H059,Radiology,2025-08-04,2025-08-14,Outpatient,Yes,Under Treatment
P106619,H052,General Medicine,2025-10-10,2025-10-16,Outpatient,Yes,Under Treatment
P106620,H074,Pediatrics,2025-07-17,2025-07-18,Inpatient,Yes,Transferred
P106621,H093,ICU,2025-01-05,2025-01-15,Outpatient,No,Under Treatment
P106622,H059,Orthopedics,2025-12-13,2025-12-19,Day Care,No,Transferred
P106623,H037,ICU,2025-08-03,2025-08-08,Day Care,Yes,Recovered
P106624,H095,Emergency,2025-06-27,2025-07-03,Outpatient,No,Under Treatment
P106625,H028,Radiology,2026-01-27,2026-02-05,Emergency,Yes,Recovered
P106626,H025,Oncology,2025-10-31,2025-11-09,Day Care,Yes,Transferred
P106627,H037,ICU,2025-01-03,2025-01-06,Outpatient,No,Transferred
P106628,H089,Neurology,2025-09-10,2025-09-17,Outpatient,No,Transferred
P106629,H079,Neurology,2025-07-20,2025-07-24,Day Care,Yes,Recovered
P106630,H008,ICU,2025-11-18,2025-11-24,Inpatient,No,Under Treatment
P106631,H076,General Medicine,2025-12-07,2025-12-07,Outpatient,No,Transferred
P106632,H100,Orthopedics,2026-04-19,2026-04-22,Inpatient,Yes,Under Treatment
P106633,H085,Dermatology,2025-04-17,2025-04-18,Inpatient,Yes,Recovered
P106634,H050,Pediatrics,2025-04-12,2025-04-13,Day Care,No,Under Treatment
P106635,H069,Orthopedics,2026-01-03,2026-01-08,Outpatient,Yes,Recovered
P106636,H099,Dermatology,2025-10-17,2025-10-18,Inpatient,No,Recovered
P106637,H001,Orthopedics,2026-02-23,2026-02-28,Outpatient,Yes,Transferred
P106638,H035,Emergency,2026-01-17,2026-01-21,Day Care,No,Under Treatment
P106639,H084,Neurology,2025-09-16,2025-09-22,Emergency,Yes,Transferred
P106640,H051,Emergency,2025-08-16,2025-08-25,Day Care,Yes,Under Treatment
P106641,H071,Cardiology,2026-03-11,2026-03-16,Outpatient,No,Recovered
P106642,H079,Oncology,2025-06-28,2025-07-04,Day Care,No,Recovered
P106643,H070,Dermatology,2025-01-10,2025-01-12,Emergency,No,Recovered
P106644,H029,Orthopedics,2026-04-09,2026-04-12,Day Care,No,Transferred
P106645,H074,Emergency,2025-10-29,2025-11-07,Inpatient,No,Under Treatment
P106646,H018,Neurology,2025-04-20,2025-04-22,Emergency,No,Recovered
P106647,H059,Cardiology,2025-10-19,2025-10-20,Emergency,Yes,Recovered
P106648,H050,Pediatrics,2025-11-05,2025-11-15,Outpatient,No,Under Treatment
P106649,H008,General Medicine,2025-07-03,2025-07-03,Day Care,Yes,Under Treatment
P106650,H004,General Medicine,2025-11-20,2025-11-29,Emergency,Yes,Transferred
P106651,H064,Orthopedics,2026-04-20,2026-04-22,Inpatient,No,Under Treatment
P106652,H025,General Medicine,2026-04-15,2026-04-16,Inpatient,Yes,Recovered
P106653,H004,Orthopedics,2025-06-26,2025-06-27,Emergency,Yes,Under Treatment
P106654,H030,Radiology,2025-11-05,2025-11-06,Emergency,No,Transferred
P106655,H059,General Medicine,2025-05-20,2025-05-22,Day Care,Yes,Recovered
P106656,H081,Radiology,2025-11-24,2025-12-03,Outpatient,No,Recovered
P106657,H060,ICU,2026-04-23,2026-04-26,Outpatient,Yes,Under Treatment
P106658,H099,General Medicine,2025-02-10,2025-02-15,Outpatient,No,Recovered
P106659,H035,Cardiology,2025-03-02,2025-03-12,Outpatient,Yes,Transferred
P106660,H060,Pediatrics,2025-11-28,2025-12-04,Emergency,Yes,Transferred
P106661,H048,Orthopedics,2025-12-29,2025-12-29,Emergency,Yes,Under Treatment
P106662,H005,ICU,2025-01-24,2025-01-28,Emergency,Yes,Transferred
P106663,H059,Cardiology,2025-10-22,2025-10-24,Outpatient,Yes,Transferred
P106664,H075,Dermatology,2025-08-15,2025-08-20,Emergency,No,Under Treatment
P106665,H009,Orthopedics,2025-02-08,2025-02-10,Day Care,Yes,Under Treatment
P106666,H006,Orthopedics,2025-07-05,2025-07-09,Outpatient,Yes,Recovered
P106667,H029,Neurology,2025-06-24,2025-06-24,Day Care,Yes,Recovered
P106668,H098,ICU,2025-07-23,2025-07-24,Day Care,No,Under Treatment
P106669,H090,Neurology,2025-04-16,2025-04-17,Emergency,Yes,Recovered
P106670,H017,General Medicine,2025-03-17,2025-03-18,Emergency,Yes,Transferred
P106671,H063,General Medicine,2025-02-10,2025-02-10,Emergency,No,Under Treatment
P106672,H033,Orthopedics,2025-06-20,2025-06-21,Day Care,Yes,Under Treatment
P106673,H013,Cardiology,2026-03-17,2026-03-25,Emergency,No,Transferred
P106674,H049,Pediatrics,2025-11-18,2025-11-20,Outpatient,Yes,Transferred
P106675,H094,ICU,2026-04-08,2026-04-12,Emergency,No,Recovered
P106676,H091,Dermatology,2025-02-11,2025-02-14,Emergency,No,Transferred
P106677,H093,Pediatrics,2025-04-05,2025-04-07,Day Care,Yes,Transferred
P106678,H015,General Medicine,2026-03-14,2026-03-17,Outpatient,No,Under Treatment
P106679,H071,Dermatology,2026-03-28,2026-03-31,Emergency,No,Recovered
P106680,H008,Neurology,2025-08-22,2025-08-29,Inpatient,Yes,Transferred
P106681,H056,Radiology,2025-03-14,2025-03-20,Emergency,No,Under Treatment
P106682,H025,Radiology,2025-04-01,2025-04-02,Day Care,No,Under Treatment
P106683,H032,ICU,2025-11-12,2025-11-17,Inpatient,No,Under Treatment
P106684,H090,Dermatology,2025-04-25,2025-05-01,Emergency,No,Transferred
P106685,H079,Oncology,2025-01-20,2025-01-21,Day Care,No,Recovered
P106686,H073,Oncology,2026-02-27,2026-03-05,Day Care,Yes,Recovered
P106687,H032,Pediatrics,2026-04-30,2026-05-06,Outpatient,No,Under Treatment
P106688,H015,ICU,2025-03-02,2025-03-06,Outpatient,Yes,Under Treatment
P106689,H095,Neurology,2026-03-29,2026-04-05,Day Care,No,Under Treatment
P106690,H001,Cardiology,2025-11-09,2025-11-12,Inpatient,No,Recovered
P106691,H064,General Medicine,2026-01-30,2026-02-05,Inpatient,Yes,Transferred
P106692,H092,Pediatrics,2025-10-31,2025-11-05,Emergency,No,Recovered
P106693,H055,Dermatology,2025-04-06,2025-04-09,Inpatient,Yes,Under Treatment
P106694,H088,Cardiology,2025-05-15,2025-05-17,Inpatient,No,Under Treatment
P106695,H008,General Medicine,2025-01-11,2025-01-12,Day Care,No,Under Treatment
P106696,H027,General Medicine,2026-05-03,2026-05-06,Day Care,Yes,Recovered
P106697,H089,General Medicine,2025-03-03,2025-03-06,Outpatient,No,Under Treatment
P106698,H037,General Medicine,2025-01-31,2025-02-07,Outpatient,Yes,Transferred
P106699,H054,Emergency,2026-05-03,2026-05-10,Emergency,No,Transferred
P106700,H025,Pediatrics,2025-12-10,2025-12-13,Emergency,No,Transferred
P106701,H001,ICU,2025-05-14,2025-05-14,Inpatient,No,Recovered
P106702,H027,ICU,2025-05-07,2025-05-16,Emergency,Yes,Recovered
P106703,H067,Pediatrics,2025-03-02,2025-03-11,Emergency,No,Transferred
P106704,H028,Radiology,2026-04-20,2026-04-28,Inpatient,No,Transferred
P106705,H047,Neurology,2025-06-26,2025-07-06,Day Care,No,Under Treatment
P106706,H057,Emergency,2026-03-11,2026-03-12,Day Care,No,Recovered
P106707,H038,Radiology,2025-08-05,2025-08-07,Inpatient,Yes,Recovered
P106708,H072,Oncology,2025-07-27,2025-08-01,Inpatient,No,Recovered
P106709,H053,Oncology,2025-01-30,2025-01-31,Outpatient,Yes,Under Treatment
P106710,H050,Emergency,2025-07-20,2025-07-20,Outpatient,Yes,Transferred
P106711,H068,Orthopedics,2025-02-03,2025-02-03,Outpatient,Yes,Transferred
P106712,H068,Dermatology,2025-11-03,2025-11-04,Outpatient,No,Under Treatment
P106713,H063,ICU,2026-02-27,2026-03-06,Inpatient,No,Recovered
P106714,H025,Orthopedics,2025-01-10,2025-01-19,Inpatient,No,Recovered
P106715,H011,ICU,2025-10-22,2025-10-27,Day Care,No,Transferred
P106716,H005,Dermatology,2026-02-27,2026-03-01,Outpatient,No,Transferred
P106717,H025,Orthopedics,2025-10-04,2025-10-14,Outpatient,Yes,Under Treatment
P106718,H049,Pediatrics,2025-05-16,2025-05-26,Inpatient,No,Recovered
P106719,H071,Emergency,2025-10-18,2025-10-22,Day Care,No,Under Treatment
P106720,H043,Cardiology,2025-09-17,2025-09-21,Inpatient,No,Under Treatment
P106721,H029,Oncology,2025-12-28,2025-12-28,Day Care,No,Recovered
P106722,H071,Cardiology,2025-11-02,2025-11-05,Outpatient,No,Transferred
P106723,H027,ICU,2025-01-13,2025-01-21,Outpatient,No,Recovered
P106724,H002,Emergency,2026-01-23,2026-01-23,Outpatient,Yes,Recovered
P106725,H099,Pediatrics,2026-01-10,2026-01-10,Emergency,No,Recovered
P106726,H043,General Medicine,2025-11-15,2025-11-19,Emergency,No,Under Treatment
P106727,H044,ICU,2025-04-14,2025-04-15,Inpatient,No,Transferred
P106728,H079,Dermatology,2025-10-02,2025-10-03,Emergency,Yes,Under Treatment
P106729,H040,Pediatrics,2026-02-23,2026-02-27,Emergency,Yes,Recovered
P106730,H060,Orthopedics,2025-09-01,2025-09-11,Emergency,No,Under Treatment
P106731,H010,Oncology,2025-10-24,2025-10-30,Inpatient,No,Recovered
P106732,H010,Neurology,2026-01-21,2026-01-25,Emergency,Yes,Under Treatment
P106733,H061,Pediatrics,2025-01-16,2025-01-21,Outpatient,Yes,Transferred
P106734,H057,Orthopedics,2025-07-03,2025-07-12,Inpatient,Yes,Recovered
P106735,H098,Cardiology,2025-01-09,2025-01-12,Day Care,No,Recovered
P106736,H090,Dermatology,2025-11-05,2025-11-09,Emergency,No,Under Treatment
P106737,H019,Radiology,2025-06-15,2025-06-18,Outpatient,No,Recovered
P106738,H029,Radiology,2026-01-03,2026-01-04,Outpatient,No,Under Treatment
P106739,H041,Neurology,2026-04-17,2026-04-26,Outpatient,No,Under Treatment
P106740,H046,General Medicine,2025-12-21,2025-12-25,Inpatient,No,Recovered
P106741,H041,Dermatology,2025-07-31,2025-08-07,Emergency,No,Recovered
P106742,H045,Neurology,2025-01-23,2025-02-01,Inpatient,Yes,Recovered
P106743,H019,Orthopedics,2026-01-30,2026-02-07,Emergency,No,Under Treatment
P106744,H031,Cardiology,2026-04-17,2026-04-24,Emergency,Yes,Transferred
P106745,H086,Radiology,2026-05-15,2026-05-21,Inpatient,Yes,Recovered
P106746,H024,Pediatrics,2025-09-02,2025-09-03,Day Care,Yes,Transferred
P106747,H052,ICU,2025-10-02,2025-10-08,Inpatient,Yes,Recovered
P106748,H028,ICU,2026-03-27,2026-03-28,Day Care,No,Recovered
P106749,H076,Orthopedics,2025-07-03,2025-07-13,Day Care,No,Recovered
P106750,H040,Radiology,2025-06-13,2025-06-21,Inpatient,No,Recovered
P106751,H094,Dermatology,2025-09-10,2025-09-12,Outpatient,No,Recovered
P106752,H066,Emergency,2026-02-09,2026-02-12,Emergency,Yes,Under Treatment
P106753,H003,Dermatology,2025-10-01,2025-10-08,Day Care,Yes,Transferred
P106754,H034,Dermatology,2025-08-18,2025-08-18,Day Care,No,Recovered
P106755,H057,Dermatology,2026-02-23,2026-03-01,Inpatient,Yes,Transferred
P106756,H082,Orthopedics,2025-03-17,2025-03-17,Outpatient,Yes,Recovered
P106757,H008,Neurology,2025-12-10,2025-12-16,Inpatient,No,Under Treatment
P106758,H097,Neurology,2026-03-26,2026-03-27,Day Care,No,Under Treatment
P106759,H034,ICU,2025-12-07,2025-12-09,Day Care,No,Under Treatment
P106760,H026,Cardiology,2025-11-09,2025-11-15,Emergency,Yes,Recovered
P106761,H039,Cardiology,2025-02-24,2025-02-25,Day Care,No,Transferred
P106762,H068,Neurology,2026-02-14,2026-02-21,Day Care,Yes,Recovered
P106763,H076,Pediatrics,2025-12-30,2025-12-31,Emergency,Yes,Transferred
P106764,H011,Orthopedics,2026-01-03,2026-01-13,Outpatient,Yes,Transferred
P106765,H091,Orthopedics,2025-05-13,2025-05-14,Outpatient,Yes,Recovered
P106766,H067,Dermatology,2025-09-02,2025-09-09,Outpatient,Yes,Recovered
P106767,H050,ICU,2025-01-13,2025-01-13,Day Care,No,Transferred
P106768,H006,Oncology,2026-01-05,2026-01-08,Inpatient,Yes,Recovered
P106769,H042,ICU,2025-11-18,2025-11-23,Inpatient,Yes,Under Treatment
P106770,H060,Orthopedics,2025-08-01,2025-08-04,Inpatient,No,Under Treatment
P106771,H023,Radiology,2026-04-29,2026-05-01,Inpatient,No,Transferred
P106772,H083,ICU,2026-02-27,2026-02-28,Emergency,No,Recovered
P106773,H065,Oncology,2025-04-10,2025-04-16,Outpatient,Yes,Recovered
P106774,H056,Neurology,2025-04-13,2025-04-21,Day Care,No,Under Treatment
P106775,H090,Orthopedics,2026-04-22,2026-04-27,Outpatient,Yes,Recovered
P106776,H094,General Medicine,2025-08-16,2025-08-16,Emergency,No,Recovered
P106777,H091,Emergency,2026-02-08,2026-02-15,Emergency,Yes,Recovered
P106778,H100,Pediatrics,2025-09-02,2025-09-08,Outpatient,Yes,Under Treatment
P106779,H039,Radiology,2026-02-27,2026-03-04,Emergency,Yes,Recovered
P106780,H029,Neurology,2026-03-27,2026-04-02,Day Care,No,Recovered
P106781,H100,Emergency,2025-10-14,2025-10-16,Inpatient,No,Recovered
P106782,H064,Cardiology,2025-01-05,2025-01-15,Inpatient,No,Transferred
P106783,H052,Pediatrics,2025-05-02,2025-05-08,Emergency,Yes,Transferred
P106784,H073,ICU,2025-03-03,2025-03-12,Inpatient,Yes,Recovered
P106785,H052,General Medicine,2026-03-24,2026-04-03,Inpatient,Yes,Recovered
P106786,H087,ICU,2026-05-10,2026-05-19,Outpatient,Yes,Transferred
P106787,H066,Emergency,2025-12-23,2025-12-23,Inpatient,No,Recovered
P106788,H077,General Medicine,2025-09-23,2025-09-28,Day Care,No,Transferred
P106789,H039,General Medicine,2026-01-07,2026-01-10,Inpatient,No,Transferred
P106790,H089,ICU,2025-09-29,2025-10-03,Emergency,Yes,Under Treatment
P106791,H028,Neurology,2025-05-03,2025-05-11,Day Care,Yes,Transferred
P106792,H082,Orthopedics,2025-07-10,2025-07-11,Emergency,No,Recovered
P106793,H092,Dermatology,2026-03-24,2026-03-31,Day Care,Yes,Under Treatment
P106794,H020,Emergency,2025-06-16,2025-06-24,Inpatient,No,Under Treatment
P106795,H006,Dermatology,2025-03-24,2025-04-03,Day Care,No,Recovered
P106796,H010,Dermatology,2025-03-12,2025-03-12,Emergency,No,Recovered
P106797,H012,ICU,2026-01-02,2026-01-09,Inpatient,Yes,Recovered
P106798,H075,Cardiology,2025-01-28,2025-02-01,Day Care,No,Transferred
P106799,H056,Radiology,2025-10-10,2025-10-19,Day Care,No,Transferred
P106800,H051,Pediatrics,2025-01-06,2025-01-09,Inpatient,Yes,Transferred
P106801,H091,Orthopedics,2025-08-13,2025-08-19,Day Care,Yes,Under Treatment
P106802,H058,ICU,2025-11-11,2025-11-20,Emergency,Yes,Recovered
P106803,H088,Cardiology,2025-08-01,2025-08-09,Emergency,No,Under Treatment
P106804,H006,General Medicine,2025-12-17,2025-12-21,Inpatient,No,Under Treatment
P106805,H084,Radiology,2025-08-25,2025-08-28,Day Care,No,Under Treatment
P106806,H082,ICU,2026-02-05,2026-02-14,Inpatient,Yes,Recovered
P106807,H085,Orthopedics,2025-02-15,2025-02-15,Inpatient,No,Under Treatment
P106808,H010,Oncology,2026-01-01,2026-01-11,Day Care,No,Under Treatment
P106809,H096,Radiology,2025-05-16,2025-05-25,Outpatient,Yes,Recovered
P106810,H006,Cardiology,2026-03-26,2026-04-05,Emergency,No,Recovered
P106811,H049,General Medicine,2025-12-22,2025-12-28,Emergency,No,Transferred
P106812,H034,Oncology,2026-03-30,2026-04-05,Day Care,Yes,Under Treatment
P106813,H009,ICU,2025-07-05,2025-07-09,Day Care,Yes,Under Treatment
P106814,H068,Dermatology,2026-04-10,2026-04-12,Emergency,No,Transferred
P106815,H029,Radiology,2025-06-30,2025-07-06,Day Care,No,Transferred
P106816,H090,ICU,2025-01-13,2025-01-21,Outpatient,No,Transferred
P106817,H024,Neurology,2025-08-11,2025-08-16,Day Care,Yes,Recovered
P106818,H081,General Medicine,2025-04-17,2025-04-18,Inpatient,Yes,Recovered
P106819,H061,Orthopedics,2025-04-06,2025-04-09,Inpatient,No,Transferred
P106820,H044,Neurology,2025-04-26,2025-04-30,Outpatient,No,Transferred
P106821,H099,Radiology,2025-12-05,2025-12-11,Emergency,Yes,Transferred
P106822,H002,Radiology,2026-03-07,2026-03-07,Day Care,Yes,Under Treatment
P106823,H058,Oncology,2025-05-23,2025-05-23,Day Care,Yes,Under Treatment
P106824,H073,Dermatology,2026-03-09,2026-03-12,Day Care,No,Transferred
P106825,H009,Emergency,2025-11-23,2025-11-27,Inpatient,No,Recovered
P106826,H019,Oncology,2025-05-23,2025-06-02,Inpatient,No,Recovered
P106827,H029,General Medicine,2026-05-12,2026-05-21,Day Care,No,Under Treatment
P106828,H068,Oncology,2025-02-06,2025-02-11,Outpatient,Yes,Transferred
P106829,H093,Pediatrics,2025-03-28,2025-03-31,Outpatient,Yes,Under Treatment
P106830,H007,General Medicine,2025-02-26,2025-03-08,Inpatient,No,Transferred
P106831,H069,Cardiology,2025-11-11,2025-11-17,Emergency,No,Recovered
P106832,H096,Emergency,2026-01-20,2026-01-29,Outpatient,Yes,Recovered
P106833,H025,Pediatrics,2025-10-20,2025-10-27,Outpatient,No,Under Treatment
P106834,H002,General Medicine,2026-02-02,2026-02-05,Emergency,No,Recovered
P106835,H068,Cardiology,2026-04-24,2026-04-28,Outpatient,No,Recovered
P106836,H024,Cardiology,2026-03-05,2026-03-08,Emergency,Yes,Transferred
P106837,H024,Emergency,2026-01-11,2026-01-14,Inpatient,No,Under Treatment
P106838,H050,General Medicine,2026-01-10,2026-01-12,Inpatient,Yes,Recovered
P106839,H024,Emergency,2025-02-03,2025-02-03,Outpatient,Yes,Under Treatment
P106840,H083,Oncology,2025-11-05,2025-11-06,Outpatient,No,Transferred
P106841,H075,Neurology,2025-04-27,2025-04-30,Day Care,No,Recovered
P106842,H089,Orthopedics,2025-03-24,2025-03-24,Outpatient,No,Transferred
P106843,H079,Neurology,2025-01-23,2025-01-23,Outpatient,No,Recovered
P106844,H093,Emergency,2026-02-18,2026-02-19,Outpatient,No,Transferred
P106845,H090,ICU,2025-11-24,2025-11-27,Day Care,Yes,Transferred
P106846,H068,Radiology,2025-09-14,2025-09-18,Emergency,No,Recovered
P106847,H021,General Medicine,2025-08-15,2025-08-19,Inpatient,No,Transferred
P106848,H006,Oncology,2025-08-09,2025-08-12,Emergency,No,Transferred
P106849,H023,Cardiology,2026-01-28,2026-01-29,Inpatient,No,Under Treatment
P106850,H027,General Medicine,2025-11-01,2025-11-10,Outpatient,Yes,Transferred
P106851,H054,Neurology,2025-02-14,2025-02-23,Inpatient,Yes,Under Treatment
P106852,H015,Emergency,2026-04-30,2026-05-04,Outpatient,Yes,Recovered
P106853,H042,Emergency,2025-01-19,2025-01-25,Inpatient,Yes,Under Treatment
P106854,H035,Emergency,2026-02-01,2026-02-03,Outpatient,Yes,Under Treatment
P106855,H021,Cardiology,2025-02-10,2025-02-14,Day Care,Yes,Transferred
P106856,H038,Pediatrics,2026-02-28,2026-03-06,Outpatient,No,Under Treatment
P106857,H058,Pediatrics,2026-03-26,2026-03-26,Inpatient,No,Recovered
P106858,H063,Neurology,2025-06-01,2025-06-04,Emergency,No,Recovered
P106859,H065,Orthopedics,2025-06-27,2025-06-28,Emergency,No,Recovered
P106860,H072,Emergency,2025-06-25,2025-07-01,Outpatient,Yes,Under Treatment
P106861,H016,Pediatrics,2025-11-19,2025-11-29,Emergency,Yes,Transferred
P106862,H034,Dermatology,2025-10-03,2025-10-13,Day Care,No,Transferred
P106863,H035,Oncology,2025-09-19,2025-09-23,Day Care,Yes,Transferred
P106864,H099,Orthopedics,2025-07-11,2025-07-12,Emergency,No,Under Treatment
P106865,H028,Cardiology,2025-11-16,2025-11-17,Emergency,Yes,Transferred
P106866,H020,Neurology,2025-02-07,2025-02-07,Day Care,Yes,Recovered
P106867,H070,General Medicine,2025-05-01,2025-05-07,Inpatient,No,Transferred
P106868,H026,Emergency,2025-12-23,2025-12-29,Emergency,No,Under Treatment
P106869,H034,Dermatology,2026-02-05,2026-02-10,Inpatient,Yes,Transferred
P106870,H027,Neurology,2025-06-07,2025-06-15,Inpatient,No,Transferred
P106871,H043,Neurology,2025-12-06,2025-12-12,Outpatient,No,Recovered
P106872,H004,Pediatrics,2025-02-02,2025-02-04,Outpatient,No,Transferred
P106873,H040,Neurology,2025-06-05,2025-06-09,Inpatient,Yes,Recovered
P106874,H015,Neurology,2025-12-15,2025-12-15,Inpatient,Yes,Recovered
P106875,H075,Orthopedics,2025-12-19,2025-12-20,Emergency,Yes,Recovered
P106876,H001,Cardiology,2025-10-29,2025-10-30,Day Care,No,Transferred
P106877,H091,General Medicine,2025-06-14,2025-06-18,Day Care,Yes,Transferred
P106878,H036,Radiology,2025-09-21,2025-09-30,Day Care,Yes,Recovered
P106879,H062,Radiology,2025-11-25,2025-12-01,Day Care,Yes,Transferred
P106880,H009,Cardiology,2025-11-17,2025-11-23,Day Care,No,Recovered
P106881,H057,Oncology,2025-10-07,2025-10-10,Day Care,Yes,Transferred
P106882,H068,General Medicine,2025-06-09,2025-06-15,Outpatient,Yes,Recovered
P106883,H061,Oncology,2025-10-30,2025-11-02,Day Care,No,Transferred
P106884,H041,Pediatrics,2026-01-18,2026-01-20,Inpatient,No,Recovered
P106885,H029,Oncology,2026-01-15,2026-01-20,Day Care,No,Transferred
P106886,H060,General Medicine,2025-07-27,2025-08-05,Inpatient,Yes,Transferred
P106887,H005,General Medicine,2025-11-20,2025-11-22,Outpatient,No,Recovered
P106888,H004,Dermatology,2026-04-28,2026-04-28,Outpatient,Yes,Recovered
P106889,H030,Oncology,2026-03-22,2026-04-01,Inpatient,Yes,Transferred
P106890,H091,Radiology,2025-09-17,2025-09-25,Outpatient,No,Recovered
P106891,H020,Radiology,2025-06-04,2025-06-14,Inpatient,No,Recovered
P106892,H070,Radiology,2025-03-21,2025-03-21,Emergency,No,Transferred
P106893,H092,ICU,2026-02-14,2026-02-23,Inpatient,Yes,Transferred
P106894,H008,Oncology,2025-07-27,2025-07-27,Day Care,No,Transferred
P106895,H064,General Medicine,2026-03-23,2026-03-25,Day Care,Yes,Recovered
P106896,H090,Radiology,2026-01-23,2026-02-01,Emergency,Yes,Transferred
P106897,H098,Pediatrics,2026-02-26,2026-03-03,Emergency,Yes,Under Treatment
P106898,H027,Pediatrics,2025-07-07,2025-07-15,Inpatient,No,Recovered
P106899,H028,Radiology,2025-05-22,2025-05-23,Emergency,No,Recovered
P106900,H068,Neurology,2025-03-31,2025-04-02,Day Care,No,Transferred
P106901,H067,Radiology,2025-06-07,2025-06-15,Day Care,No,Recovered
P106902,H019,Dermatology,2025-05-14,2025-05-16,Emergency,No,Transferred
P106903,H079,Emergency,2025-12-31,2026-01-08,Outpatient,No,Under Treatment
P106904,H055,Emergency,2025-02-04,2025-02-04,Inpatient,Yes,Recovered
P106905,H037,Emergency,2026-01-27,2026-02-01,Emergency,Yes,Transferred
P106906,H080,ICU,2025-06-26,2025-07-05,Outpatient,No,Under Treatment
P106907,H083,Dermatology,2026-03-19,2026-03-23,Day Care,No,Transferred
P106908,H070,Emergency,2025-04-25,2025-05-04,Day Care,Yes,Recovered
P106909,H014,Neurology,2025-08-02,2025-08-11,Inpatient,Yes,Transferred
P106910,H072,General Medicine,2025-02-13,2025-02-19,Day Care,No,Under Treatment
P106911,H070,Neurology,2025-09-16,2025-09-20,Day Care,Yes,Transferred
P106912,H010,Cardiology,2026-02-01,2026-02-09,Emergency,No,Transferred
P106913,H034,Cardiology,2026-03-29,2026-04-08,Day Care,No,Recovered
P106914,H099,Pediatrics,2025-10-02,2025-10-08,Day Care,Yes,Under Treatment
P106915,H026,Dermatology,2025-07-22,2025-07-25,Emergency,Yes,Transferred
P106916,H020,Radiology,2025-12-22,2025-12-28,Outpatient,Yes,Transferred
P106917,H064,Dermatology,2025-11-11,2025-11-12,Inpatient,No,Transferred
P106918,H012,General Medicine,2025-12-08,2025-12-17,Outpatient,Yes,Recovered
P106919,H057,Pediatrics,2025-02-24,2025-02-24,Emergency,Yes,Recovered
P106920,H100,Dermatology,2025-03-08,2025-03-14,Inpatient,No,Recovered
P106921,H020,Oncology,2025-12-03,2025-12-10,Day Care,Yes,Under Treatment
P106922,H004,Neurology,2025-12-31,2025-12-31,Inpatient,No,Under Treatment
P106923,H032,Oncology,2025-01-18,2025-01-18,Emergency,Yes,Transferred
P106924,H081,Dermatology,2026-03-26,2026-03-29,Outpatient,No,Recovered
P106925,H080,Cardiology,2025-04-17,2025-04-25,Outpatient,Yes,Transferred
P106926,H068,Oncology,2025-03-28,2025-04-07,Emergency,Yes,Recovered
P106927,H016,Emergency,2025-03-27,2025-03-28,Emergency,No,Transferred
P106928,H081,Emergency,2025-03-08,2025-03-15,Inpatient,No,Recovered
P106929,H098,Radiology,2025-02-18,2025-02-22,Emergency,Yes,Recovered
P106930,H027,Emergency,2025-08-29,2025-08-29,Outpatient,Yes,Under Treatment
P106931,H047,Cardiology,2025-12-28,2026-01-05,Inpatient,No,Recovered
P106932,H088,Cardiology,2025-03-02,2025-03-07,Emergency,No,Under Treatment
P106933,H013,Dermatology,2025-10-09,2025-10-14,Day Care,Yes,Under Treatment
P106934,H028,Radiology,2025-03-23,2025-03-24,Emergency,Yes,Under Treatment
P106935,H018,Dermatology,2025-07-03,2025-07-13,Emergency,No,Recovered
P106936,H050,Pediatrics,2026-04-16,2026-04-17,Outpatient,Yes,Transferred
P106937,H096,ICU,2025-06-21,2025-06-23,Inpatient,No,Transferred
P106938,H008,Orthopedics,2025-08-14,2025-08-21,Inpatient,Yes,Transferred
P106939,H079,Radiology,2025-02-03,2025-02-12,Emergency,No,Recovered
P106940,H028,Pediatrics,2025-02-17,2025-02-20,Inpatient,No,Recovered
P106941,H028,Oncology,2026-01-30,2026-02-07,Outpatient,Yes,Under Treatment
P106942,H089,Oncology,2025-12-08,2025-12-11,Inpatient,No,Transferred
P106943,H089,Oncology,2025-02-03,2025-02-08,Emergency,No,Recovered
P106944,H064,Cardiology,2025-03-27,2025-04-03,Day Care,Yes,Recovered
P106945,H042,Emergency,2025-09-14,2025-09-15,Emergency,Yes,Under Treatment
P106946,H100,Dermatology,2025-08-23,2025-08-29,Inpatient,No,Transferred
P106947,H097,Pediatrics,2025-07-13,2025-07-14,Outpatient,No,Transferred
P106948,H001,ICU,2025-01-15,2025-01-25,Outpatient,No,Recovered
P106949,H078,Emergency,2025-07-18,2025-07-19,Outpatient,Yes,Recovered
P106950,H010,Radiology,2025-08-05,2025-08-10,Inpatient,Yes,Recovered
P106951,H068,Cardiology,2026-02-13,2026-02-23,Day Care,No,Recovered
P106952,H012,Orthopedics,2025-02-13,2025-02-15,Outpatient,No,Transferred
P106953,H036,Orthopedics,2025-06-25,2025-06-26,Outpatient,No,Recovered
P106954,H055,Radiology,2026-01-03,2026-01-06,Inpatient,No,Recovered
P106955,H028,Neurology,2025-04-01,2025-04-03,Emergency,No,Recovered
P106956,H061,Pediatrics,2026-01-05,2026-01-11,Day Care,No,Recovered
P106957,H054,Cardiology,2025-04-16,2025-04-21,Day Care,No,Transferred
P106958,H011,ICU,2025-05-29,2025-06-04,Outpatient,Yes,Under Treatment
P106959,H069,ICU,2025-12-19,2025-12-20,Emergency,Yes,Recovered
P106960,H078,Orthopedics,2025-08-25,2025-08-30,Day Care,No,Transferred
P106961,H013,Neurology,2025-11-14,2025-11-23,Emergency,No,Under Treatment
P106962,H076,Cardiology,2025-02-11,2025-02-14,Outpatient,No,Under Treatment
P106963,H008,Oncology,2025-08-29,2025-09-06,Day Care,No,Under Treatment
P106964,H086,Orthopedics,2025-04-09,2025-04-14,Inpatient,Yes,Under Treatment
P106965,H047,Oncology,2025-08-15,2025-08-23,Day Care,No,Recovered
P106966,H039,Orthopedics,2025-08-27,2025-09-05,Day Care,Yes,Recovered
P106967,H062,Neurology,2025-06-13,2025-06-20,Emergency,Yes,Transferred
P106968,H077,Oncology,2025-11-05,2025-11-08,Emergency,No,Transferred
P106969,H085,Emergency,2025-07-18,2025-07-19,Inpatient,No,Recovered
P106970,H025,General Medicine,2025-02-12,2025-02-12,Inpatient,No,Under Treatment
P106971,H045,Neurology,2025-07-16,2025-07-19,Emergency,Yes,Under Treatment
P106972,H043,ICU,2025-06-19,2025-06-20,Outpatient,Yes,Transferred
P106973,H022,Orthopedics,2026-02-16,2026-02-25,Day Care,No,Recovered
P106974,H070,Dermatology,2025-03-27,2025-03-28,Day Care,No,Recovered
P106975,H055,Cardiology,2026-03-15,2026-03-20,Inpatient,No,Transferred
P106976,H012,ICU,2025-01-03,2025-01-10,Outpatient,Yes,Under Treatment
P106977,H084,Dermatology,2025-06-23,2025-06-27,Outpatient,No,Transferred
P106978,H096,General Medicine,2025-03-13,2025-03-22,Outpatient,Yes,Under Treatment
P106979,H089,Pediatrics,2026-05-07,2026-05-09,Inpatient,No,Under Treatment
P106980,H011,Cardiology,2025-05-07,2025-05-08,Emergency,Yes,Recovered
P106981,H005,Oncology,2025-06-27,2025-06-30,Inpatient,Yes,Under Treatment
P106982,H010,ICU,2026-05-15,2026-05-24,Emergency,No,Recovered
P106983,H082,Emergency,2026-01-26,2026-02-03,Emergency,No,Transferred
P106984,H063,Cardiology,2026-03-23,2026-03-28,Emergency,Yes,Under Treatment
P106985,H046,Neurology,2025-08-10,2025-08-17,Emergency,Yes,Recovered
P106986,H037,ICU,2026-04-11,2026-04-17,Inpatient,No,Transferred
P106987,H036,General Medicine,2025-08-24,2025-08-27,Emergency,Yes,Recovered
P106988,H086,Pediatrics,2025-11-05,2025-11-07,Outpatient,Yes,Transferred
P106989,H002,Cardiology,2025-12-24,2025-12-24,Inpatient,No,Transferred
P106990,H028,Oncology,2025-12-19,2025-12-26,Inpatient,No,Transferred
P106991,H084,Radiology,2025-09-18,2025-09-28,Day Care,Yes,Recovered
P106992,H007,Oncology,2025-08-23,2025-08-30,Inpatient,No,Recovered
P106993,H036,Neurology,2025-08-02,2025-08-04,Day Care,Yes,Recovered
P106994,H021,ICU,2026-04-03,2026-04-08,Outpatient,Yes,Recovered
P106995,H087,ICU,2025-01-05,2025-01-05,Day Care,No,Under Treatment
P106996,H089,Oncology,2025-04-20,2025-04-21,Outpatient,Yes,Transferred
P106997,H024,Oncology,2025-03-26,2025-04-03,Emergency,No,Recovered
P106998,H058,ICU,2026-05-14,2026-05-20,Emergency,No,Under Treatment
P106999,H052,Orthopedics,2025-07-03,2025-07-04,Outpatient,Yes,Under Treatment
P107000,H083,Cardiology,2025-03-16,2025-03-20,Inpatient,No,Under Treatment
P107001,H088,Neurology,2025-08-05,2025-08-07,Emergency,Yes,Recovered
P107002,H060,Neurology,2025-11-01,2025-11-06,Outpatient,Yes,Under Treatment
P107003,H016,Dermatology,2025-01-13,2025-01-17,Day Care,No,Under Treatment
P107004,H007,Orthopedics,2026-01-18,2026-01-26,Day Care,Yes,Recovered
P107005,H030,Neurology,2025-05-14,2025-05-23,Emergency,Yes,Under Treatment
P107006,H060,Radiology,2025-07-02,2025-07-08,Emergency,No,Under Treatment
P107007,H004,Orthopedics,2025-05-03,2025-05-04,Day Care,Yes,Under Treatment
P107008,H029,Orthopedics,2025-11-15,2025-11-23,Outpatient,Yes,Under Treatment
P107009,H023,Emergency,2025-06-22,2025-06-30,Emergency,Yes,Recovered
P107010,H070,Neurology,2025-02-05,2025-02-14,Day Care,No,Transferred
P107011,H003,Radiology,2026-01-28,2026-02-02,Inpatient,No,Under Treatment
P107012,H088,Dermatology,2025-09-05,2025-09-08,Emergency,Yes,Under Treatment
P107013,H036,Pediatrics,2025-11-27,2025-11-28,Day Care,No,Under Treatment
P107014,H017,Dermatology,2025-11-25,2025-12-03,Inpatient,Yes,Under Treatment
P107015,H096,Dermatology,2025-05-18,2025-05-18,Emergency,Yes,Transferred
P107016,H060,Orthopedics,2025-03-06,2025-03-11,Day Care,No,Recovered
P107017,H026,Oncology,2025-08-16,2025-08-21,Inpatient,No,Transferred
P107018,H022,Cardiology,2025-11-29,2025-12-09,Emergency,Yes,Under Treatment
P107019,H059,Dermatology,2026-01-26,2026-02-02,Emergency,No,Transferred
P107020,H002,Neurology,2025-02-08,2025-02-18,Inpatient,No,Recovered
P107021,H070,Neurology,2025-10-20,2025-10-24,Day Care,No,Under Treatment
P107022,H040,Cardiology,2026-05-06,2026-05-08,Inpatient,No,Recovered
P107023,H036,Emergency,2026-02-25,2026-03-04,Inpatient,Yes,Recovered
P107024,H048,Oncology,2025-10-31,2025-11-10,Emergency,Yes,Transferred
P107025,H080,Oncology,2025-04-20,2025-04-30,Inpatient,No,Transferred
P107026,H015,Oncology,2025-09-10,2025-09-14,Inpatient,No,Under Treatment
P107027,H030,Neurology,2025-06-21,2025-06-28,Inpatient,No,Under Treatment
P107028,H018,Oncology,2025-01-31,2025-02-06,Emergency,No,Under Treatment
P107029,H005,Cardiology,2025-04-25,2025-05-03,Inpatient,Yes,Transferred
P107030,H080,Pediatrics,2025-05-14,2025-05-20,Day Care,No,Under Treatment
P107031,H079,Oncology,2026-05-16,2026-05-17,Emergency,No,Under Treatment
P107032,H060,General Medicine,2026-03-20,2026-03-21,Emergency,No,Under Treatment
P107033,H074,Cardiology,2025-03-21,2025-03-24,Outpatient,Yes,Transferred
P107034,H022,Neurology,2025-09-05,2025-09-14,Emergency,Yes,Under Treatment
P107035,H020,Orthopedics,2025-01-06,2025-01-13,Day Care,No,Under Treatment
P107036,H037,General Medicine,2025-12-05,2025-12-07,Inpatient,Yes,Transferred
P107037,H064,Cardiology,2026-02-27,2026-03-01,Day Care,No,Under Treatment
P107038,H003,Neurology,2025-08-21,2025-08-25,Day Care,Yes,Under Treatment
P107039,H057,General Medicine,2025-06-23,2025-06-26,Inpatient,No,Transferred
P107040,H074,Orthopedics,2026-02-08,2026-02-12,Inpatient,No,Transferred
P107041,H069,Pediatrics,2026-01-03,2026-01-05,Outpatient,Yes,Under Treatment
P107042,H099,Neurology,2026-02-24,2026-02-26,Outpatient,Yes,Transferred
P107043,H052,Emergency,2026-03-10,2026-03-10,Day Care,No,Under Treatment
P107044,H047,Dermatology,2026-02-24,2026-03-03,Inpatient,No,Recovered
P107045,H066,Cardiology,2026-01-09,2026-01-15,Inpatient,No,Recovered
P107046,H027,Dermatology,2025-02-17,2025-02-18,Outpatient,Yes,Recovered
P107047,H039,General Medicine,2026-01-01,2026-01-11,Outpatient,Yes,Transferred
P107048,H097,General Medicine,2025-09-25,2025-09-28,Inpatient,Yes,Under Treatment
P107049,H065,Orthopedics,2025-12-08,2025-12-18,Outpatient,Yes,Recovered
P107050,H035,Pediatrics,2026-03-25,2026-03-25,Outpatient,No,Transferred
P107051,H063,Pediatrics,2025-05-12,2025-05-20,Day Care,No,Under Treatment
P107052,H029,Dermatology,2026-04-18,2026-04-20,Outpatient,No,Under Treatment
P107053,H063,Neurology,2025-12-30,2026-01-02,Emergency,Yes,Under Treatment
P107054,H040,General Medicine,2025-12-30,2026-01-03,Emergency,Yes,Recovered
P107055,H034,Orthopedics,2025-03-17,2025-03-20,Outpatient,No,Transferred
P107056,H008,Cardiology,2025-04-10,2025-04-16,Inpatient,No,Under Treatment
P107057,H022,Oncology,2025-01-29,2025-02-03,Inpatient,No,Transferred
P107058,H022,ICU,2025-02-13,2025-02-19,Emergency,No,Transferred
P107059,H085,Emergency,2025-02-08,2025-02-12,Day Care,Yes,Transferred
P107060,H064,Cardiology,2025-08-08,2025-08-13,Day Care,Yes,Recovered
P107061,H004,Cardiology,2025-04-21,2025-04-28,Emergency,No,Recovered
P107062,H100,Cardiology,2025-12-18,2025-12-27,Inpatient,No,Transferred
P107063,H076,Cardiology,2025-10-12,2025-10-13,Emergency,Yes,Under Treatment
P107064,H018,Cardiology,2025-11-04,2025-11-06,Outpatient,No,Recovered
P107065,H057,Orthopedics,2025-06-05,2025-06-09,Outpatient,Yes,Recovered
P107066,H017,Emergency,2025-07-08,2025-07-18,Outpatient,No,Under Treatment
P107067,H009,Oncology,2025-01-19,2025-01-19,Emergency,Yes,Recovered
P107068,H008,Cardiology,2025-07-05,2025-07-10,Day Care,Yes,Under Treatment
P107069,H008,Orthopedics,2025-04-07,2025-04-15,Emergency,Yes,Under Treatment
P107070,H075,Orthopedics,2026-03-23,2026-04-01,Inpatient,Yes,Recovered
P107071,H090,ICU,2025-10-26,2025-11-01,Day Care,Yes,Transferred
P107072,H019,ICU,2026-03-24,2026-03-26,Inpatient,No,Under Treatment
P107073,H057,Emergency,2025-05-16,2025-05-18,Outpatient,Yes,Recovered
P107074,H062,Radiology,2026-01-29,2026-01-29,Outpatient,Yes,Under Treatment
P107075,H046,Neurology,2025-09-01,2025-09-01,Day Care,No,Transferred
P107076,H091,Radiology,2025-06-29,2025-07-08,Emergency,No,Transferred
P107077,H001,Pediatrics,2025-09-27,2025-10-07,Outpatient,Yes,Recovered
P107078,H047,Oncology,2025-04-08,2025-04-10,Outpatient,No,Recovered
P107079,H086,Dermatology,2025-02-03,2025-02-05,Day Care,No,Recovered
P107080,H050,Dermatology,2025-01-21,2025-01-28,Outpatient,No,Recovered
P107081,H015,Cardiology,2025-11-23,2025-11-29,Inpatient,No,Under Treatment
P107082,H040,Pediatrics,2025-12-08,2025-12-12,Emergency,No,Under Treatment
P107083,H045,Orthopedics,2026-04-13,2026-04-23,Outpatient,No,Under Treatment
P107084,H055,Pediatrics,2026-04-14,2026-04-20,Outpatient,Yes,Under Treatment
P107085,H076,Radiology,2025-03-02,2025-03-04,Emergency,Yes,Transferred
P107086,H048,Oncology,2025-06-28,2025-07-01,Emergency,No,Transferred
P107087,H006,Dermatology,2025-03-19,2025-03-22,Inpatient,Yes,Recovered
P107088,H022,Radiology,2026-04-29,2026-04-29,Outpatient,Yes,Under Treatment
P107089,H006,Radiology,2025-02-11,2025-02-15,Outpatient,No,Transferred
P107090,H100,Radiology,2026-04-16,2026-04-22,Inpatient,No,Transferred
P107091,H003,Pediatrics,2025-06-13,2025-06-21,Day Care,No,Under Treatment
P107092,H082,Orthopedics,2025-05-12,2025-05-22,Emergency,No,Recovered
P107093,H019,Oncology,2025-01-15,2025-01-24,Outpatient,Yes,Transferred
P107094,H068,Orthopedics,2025-02-14,2025-02-17,Outpatient,No,Transferred
P107095,H001,General Medicine,2025-05-25,2025-06-01,Emergency,Yes,Transferred
P107096,H073,Neurology,2026-04-26,2026-05-04,Day Care,No,Under Treatment
P107097,H058,Pediatrics,2026-02-04,2026-02-11,Emergency,Yes,Transferred
P107098,H090,Radiology,2025-02-26,2025-03-08,Outpatient,Yes,Under Treatment
P107099,H007,General Medicine,2025-10-23,2025-10-31,Emergency,Yes,Transferred
P107100,H062,Neurology,2026-01-07,2026-01-15,Outpatient,No,Recovered
P107101,H040,Neurology,2025-02-05,2025-02-05,Emergency,Yes,Under Treatment
P107102,H071,Radiology,2025-03-14,2025-03-18,Inpatient,No,Under Treatment
P107103,H045,Oncology,2025-12-05,2025-12-11,Day Care,No,Under Treatment
P107104,H038,Cardiology,2025-10-19,2025-10-22,Inpatient,Yes,Under Treatment
P107105,H094,Orthopedics,2025-08-10,2025-08-16,Inpatient,Yes,Under Treatment
P107106,H065,Emergency,2025-05-15,2025-05-19,Inpatient,Yes,Recovered
P107107,H046,Neurology,2025-05-26,2025-05-31,Inpatient,Yes,Recovered
P107108,H077,Cardiology,2025-12-11,2025-12-16,Emergency,Yes,Transferred
P107109,H031,Neurology,2025-01-08,2025-01-15,Inpatient,Yes,Transferred
P107110,H094,Neurology,2025-03-09,2025-03-19,Day Care,Yes,Under Treatment
P107111,H074,Radiology,2025-03-24,2025-04-01,Inpatient,Yes,Under Treatment
P107112,H007,Oncology,2026-04-20,2026-04-22,Inpatient,Yes,Recovered
P107113,H062,Emergency,2025-01-26,2025-02-01,Outpatient,No,Transferred
P107114,H032,Oncology,2026-01-27,2026-01-29,Inpatient,Yes,Under Treatment
P107115,H075,Pediatrics,2025-10-05,2025-10-06,Inpatient,Yes,Recovered
P107116,H074,Radiology,2026-03-11,2026-03-17,Emergency,Yes,Transferred
P107117,H017,Cardiology,2025-11-30,2025-12-05,Inpatient,No,Under Treatment
P107118,H048,Emergency,2025-04-20,2025-04-21,Emergency,No,Recovered
P107119,H073,Pediatrics,2026-04-22,2026-04-26,Day Care,Yes,Recovered
P107120,H005,Neurology,2025-01-05,2025-01-05,Outpatient,Yes,Under Treatment
P107121,H054,General Medicine,2025-11-03,2025-11-13,Inpatient,Yes,Transferred
P107122,H027,Radiology,2025-01-15,2025-01-18,Day Care,Yes,Transferred
P107123,H020,Orthopedics,2025-04-28,2025-05-03,Outpatient,No,Transferred
P107124,H020,Dermatology,2025-04-17,2025-04-26,Day Care,No,Recovered
P107125,H082,General Medicine,2025-01-11,2025-01-13,Inpatient,No,Under Treatment
P107126,H023,ICU,2025-06-01,2025-06-06,Day Care,No,Transferred
P107127,H077,Dermatology,2026-03-22,2026-03-23,Day Care,Yes,Transferred
P107128,H092,General Medicine,2025-12-28,2025-12-28,Outpatient,No,Recovered
P107129,H033,Neurology,2026-02-04,2026-02-13,Day Care,No,Transferred
P107130,H019,Orthopedics,2026-04-09,2026-04-14,Day Care,No,Recovered
P107131,H040,Orthopedics,2025-02-11,2025-02-15,Outpatient,No,Transferred
P107132,H064,Pediatrics,2025-12-28,2026-01-05,Day Care,Yes,Recovered
P107133,H085,Cardiology,2025-06-10,2025-06-17,Day Care,Yes,Recovered
P107134,H093,General Medicine,2025-11-25,2025-11-30,Outpatient,No,Recovered
P107135,H006,ICU,2025-07-07,2025-07-17,Inpatient,No,Recovered
P107136,H065,Orthopedics,2025-07-11,2025-07-15,Outpatient,No,Transferred
P107137,H073,Radiology,2025-07-08,2025-07-09,Inpatient,No,Transferred
P107138,H050,Orthopedics,2025-07-22,2025-07-31,Outpatient,Yes,Transferred
P107139,H072,Pediatrics,2025-03-21,2025-03-21,Outpatient,Yes,Under Treatment
P107140,H012,Emergency,2025-08-08,2025-08-08,Emergency,No,Under Treatment
P107141,H079,Radiology,2025-11-10,2025-11-20,Outpatient,No,Recovered
P107142,H017,Emergency,2025-09-11,2025-09-21,Outpatient,No,Recovered
P107143,H034,Emergency,2026-02-03,2026-02-05,Outpatient,Yes,Transferred
P107144,H060,Oncology,2025-04-23,2025-05-02,Emergency,No,Transferred
P107145,H059,Orthopedics,2026-02-21,2026-03-01,Outpatient,No,Recovered
P107146,H065,Oncology,2025-08-31,2025-09-09,Day Care,No,Under Treatment
P107147,H022,Radiology,2025-03-08,2025-03-13,Emergency,No,Recovered
P107148,H011,Radiology,2025-08-31,2025-09-05,Emergency,No,Recovered
P107149,H021,Neurology,2025-12-25,2026-01-01,Inpatient,No,Transferred
P107150,H064,Pediatrics,2025-11-30,2025-12-01,Inpatient,No,Recovered
P107151,H044,General Medicine,2025-04-12,2025-04-20,Inpatient,No,Transferred
P107152,H021,Neurology,2025-12-02,2025-12-10,Emergency,Yes,Transferred
P107153,H073,ICU,2025-09-13,2025-09-18,Inpatient,Yes,Under Treatment
P107154,H051,Emergency,2025-08-08,2025-08-17,Inpatient,No,Transferred
P107155,H053,Dermatology,2025-11-10,2025-11-13,Day Care,Yes,Transferred
P107156,H094,Emergency,2025-03-17,2025-03-27,Day Care,Yes,Transferred
P107157,H046,General Medicine,2026-02-07,2026-02-10,Inpatient,No,Recovered
P107158,H020,ICU,2025-02-06,2025-02-10,Emergency,No,Transferred
P107159,H003,Oncology,2025-12-08,2025-12-08,Day Care,No,Transferred
P107160,H083,Dermatology,2025-01-13,2025-01-16,Day Care,Yes,Under Treatment
P107161,H078,Pediatrics,2025-06-05,2025-06-14,Day Care,Yes,Transferred
P107162,H004,Pediatrics,2026-01-29,2026-02-03,Emergency,Yes,Recovered
P107163,H031,ICU,2026-04-20,2026-04-30,Emergency,No,Under Treatment
P107164,H046,Dermatology,2025-12-29,2026-01-07,Outpatient,No,Recovered
P107165,H065,Pediatrics,2025-10-16,2025-10-22,Inpatient,Yes,Under Treatment
P107166,H090,ICU,2025-06-17,2025-06-22,Outpatient,Yes,Recovered
P107167,H090,Pediatrics,2025-07-24,2025-07-27,Outpatient,No,Under Treatment
P107168,H089,Neurology,2026-04-20,2026-04-21,Day Care,Yes,Transferred
P107169,H082,Dermatology,2026-03-20,2026-03-28,Outpatient,Yes,Recovered
P107170,H045,Cardiology,2025-09-16,2025-09-19,Outpatient,Yes,Recovered
P107171,H030,ICU,2025-10-30,2025-10-31,Day Care,No,Under Treatment
P107172,H014,Cardiology,2025-08-28,2025-09-01,Day Care,No,Transferred
P107173,H028,Dermatology,2026-02-07,2026-02-16,Outpatient,Yes,Transferred
P107174,H016,Neurology,2025-01-29,2025-02-02,Day Care,No,Transferred
P107175,H069,Orthopedics,2025-11-14,2025-11-24,Emergency,No,Under Treatment
P107176,H063,Radiology,2025-06-20,2025-06-25,Inpatient,No,Recovered
P107177,H066,Neurology,2025-12-13,2025-12-13,Outpatient,No,Transferred
P107178,H083,Cardiology,2025-10-05,2025-10-09,Outpatient,Yes,Recovered
P107179,H038,Pediatrics,2025-10-24,2025-10-31,Outpatient,No,Transferred
P107180,H083,ICU,2025-06-16,2025-06-22,Day Care,Yes,Transferred
P107181,H008,Dermatology,2025-02-13,2025-02-23,Day Care,Yes,Transferred
P107182,H006,General Medicine,2026-02-19,2026-02-23,Day Care,Yes,Under Treatment
P107183,H038,ICU,2025-07-22,2025-07-29,Emergency,Yes,Under Treatment
P107184,H075,Pediatrics,2026-04-03,2026-04-11,Outpatient,Yes,Recovered
P107185,H026,Emergency,2025-11-03,2025-11-08,Inpatient,No,Under Treatment
P107186,H044,Pediatrics,2026-03-23,2026-03-24,Inpatient,Yes,Recovered
P107187,H037,Neurology,2025-01-11,2025-01-13,Emergency,No,Transferred
P107188,H002,Oncology,2025-04-25,2025-04-29,Inpatient,No,Recovered
P107189,H078,Cardiology,2026-01-05,2026-01-07,Emergency,Yes,Recovered
P107190,H073,Cardiology,2025-03-14,2025-03-18,Emergency,Yes,Recovered
P107191,H051,Neurology,2025-08-04,2025-08-11,Outpatient,No,Under Treatment
P107192,H084,Radiology,2025-08-29,2025-08-31,Inpatient,No,Under Treatment
P107193,H095,General Medicine,2026-02-11,2026-02-14,Outpatient,No,Under Treatment
P107194,H028,ICU,2025-07-29,2025-07-30,Inpatient,No,Under Treatment
P107195,H089,Neurology,2025-08-19,2025-08-22,Outpatient,No,Under Treatment
P107196,H012,Dermatology,2025-03-03,2025-03-11,Outpatient,No,Under Treatment
P107197,H032,Emergency,2025-03-29,2025-04-04,Day Care,No,Recovered
P107198,H058,Radiology,2025-05-03,2025-05-03,Day Care,Yes,Under Treatment
P107199,H025,Oncology,2025-12-24,2025-12-25,Day Care,Yes,Under Treatment
P107200,H054,Cardiology,2026-03-13,2026-03-23,Emergency,No,Transferred
P107201,H031,Orthopedics,2025-09-06,2025-09-11,Outpatient,Yes,Recovered
P107202,H076,ICU,2025-01-28,2025-02-06,Day Care,No,Under Treatment
P107203,H079,Cardiology,2025-06-19,2025-06-27,Inpatient,No,Recovered
P107204,H082,Radiology,2026-02-01,2026-02-10,Inpatient,Yes,Under Treatment
P107205,H046,General Medicine,2025-10-11,2025-10-14,Emergency,No,Recovered
P107206,H034,ICU,2025-05-22,2025-05-28,Day Care,No,Transferred
P107207,H020,Neurology,2025-01-08,2025-01-16,Outpatient,Yes,Under Treatment
P107208,H014,Pediatrics,2025-04-20,2025-04-30,Inpatient,Yes,Recovered
P107209,H069,Dermatology,2026-01-29,2026-02-04,Day Care,Yes,Under Treatment
P107210,H013,Dermatology,2026-01-26,2026-01-27,Day Care,Yes,Under Treatment
P107211,H015,Orthopedics,2025-07-18,2025-07-26,Day Care,No,Recovered
P107212,H075,ICU,2025-04-22,2025-04-24,Outpatient,No,Recovered
P107213,H094,General Medicine,2025-08-10,2025-08-15,Outpatient,No,Recovered
P107214,H093,Emergency,2026-01-01,2026-01-04,Day Care,No,Transferred
P107215,H075,ICU,2026-04-13,2026-04-14,Emergency,Yes,Under Treatment
P107216,H073,Dermatology,2025-08-04,2025-08-08,Inpatient,Yes,Under Treatment
P107217,H041,Dermatology,2026-03-28,2026-04-04,Day Care,Yes,Under Treatment
P107218,H033,Oncology,2025-07-10,2025-07-18,Day Care,Yes,Transferred
P107219,H046,Cardiology,2025-08-23,2025-08-23,Inpatient,No,Under Treatment
P107220,H067,Orthopedics,2025-09-24,2025-09-25,Day Care,No,Under Treatment
P107221,H075,Orthopedics,2025-11-21,2025-11-24,Inpatient,No,Transferred
P107222,H044,General Medicine,2025-09-16,2025-09-22,Outpatient,Yes,Recovered
P107223,H024,Pediatrics,2025-10-04,2025-10-11,Inpatient,No,Under Treatment
P107224,H024,Cardiology,2026-01-29,2026-02-04,Inpatient,No,Transferred
P107225,H077,General Medicine,2025-05-29,2025-06-01,Inpatient,Yes,Transferred
P107226,H038,Radiology,2026-02-24,2026-02-27,Day Care,Yes,Under Treatment
P107227,H014,Orthopedics,2025-07-29,2025-08-08,Inpatient,Yes,Transferred
P107228,H073,Cardiology,2026-03-17,2026-03-17,Day Care,No,Transferred
P107229,H067,ICU,2025-02-24,2025-03-06,Inpatient,Yes,Transferred
P107230,H087,ICU,2025-02-24,2025-03-02,Day Care,No,Under Treatment
P107231,H071,Emergency,2025-05-31,2025-06-02,Day Care,Yes,Recovered
P107232,H047,Dermatology,2025-02-13,2025-02-14,Inpatient,Yes,Transferred
P107233,H012,ICU,2025-03-28,2025-03-28,Outpatient,Yes,Under Treatment
P107234,H021,Oncology,2025-06-18,2025-06-25,Inpatient,No,Recovered
P107235,H010,Emergency,2025-01-06,2025-01-10,Emergency,Yes,Transferred
P107236,H066,General Medicine,2026-05-04,2026-05-14,Day Care,No,Transferred
P107237,H077,Oncology,2025-02-20,2025-02-20,Emergency,Yes,Recovered
P107238,H032,Radiology,2025-07-30,2025-08-06,Day Care,Yes,Transferred
P107239,H092,Cardiology,2025-06-16,2025-06-23,Day Care,No,Transferred
P107240,H089,Orthopedics,2025-01-03,2025-01-08,Emergency,Yes,Transferred
P107241,H100,Pediatrics,2025-07-24,2025-08-02,Inpatient,No,Transferred
P107242,H064,Oncology,2025-05-09,2025-05-09,Emergency,Yes,Under Treatment
P107243,H089,Pediatrics,2025-05-16,2025-05-16,Outpatient,Yes,Under Treatment
P107244,H095,Oncology,2025-10-27,2025-10-29,Inpatient,No,Under Treatment
P107245,H018,Oncology,2025-01-21,2025-01-31,Day Care,No,Transferred
P107246,H086,Neurology,2025-08-05,2025-08-07,Outpatient,Yes,Recovered
P107247,H034,Oncology,2025-10-03,2025-10-13,Emergency,Yes,Under Treatment
P107248,H086,Dermatology,2025-06-23,2025-06-27,Day Care,No,Under Treatment
P107249,H010,Oncology,2026-05-16,2026-05-16,Emergency,Yes,Transferred
P107250,H060,Emergency,2025-06-17,2025-06-25,Emergency,No,Transferred
P107251,H034,General Medicine,2025-03-05,2025-03-07,Emergency,No,Recovered
P107252,H086,ICU,2025-08-24,2025-08-24,Outpatient,No,Recovered
P107253,H073,Cardiology,2025-09-27,2025-10-06,Outpatient,Yes,Recovered
P107254,H016,General Medicine,2025-10-02,2025-10-03,Outpatient,No,Transferred
P107255,H099,General Medicine,2025-11-30,2025-12-01,Inpatient,Yes,Under Treatment
P107256,H008,Dermatology,2025-10-02,2025-10-10,Inpatient,Yes,Recovered
P107257,H082,ICU,2026-03-31,2026-04-04,Outpatient,No,Under Treatment
P107258,H039,Pediatrics,2025-05-11,2025-05-20,Emergency,No,Transferred
P107259,H085,Oncology,2025-12-02,2025-12-03,Emergency,Yes,Transferred
P107260,H068,ICU,2025-09-06,2025-09-15,Outpatient,No,Transferred
P107261,H007,Dermatology,2025-08-16,2025-08-21,Inpatient,Yes,Transferred
P107262,H010,Radiology,2026-02-10,2026-02-19,Emergency,Yes,Transferred
P107263,H043,Cardiology,2025-10-29,2025-10-31,Inpatient,Yes,Recovered
P107264,H012,Dermatology,2025-06-29,2025-07-01,Outpatient,No,Recovered
P107265,H094,Orthopedics,2026-02-06,2026-02-10,Day Care,Yes,Transferred
P107266,H022,Radiology,2026-04-19,2026-04-25,Outpatient,No,Transferred
P107267,H068,Radiology,2025-01-13,2025-01-22,Inpatient,No,Transferred
P107268,H006,General Medicine,2025-04-11,2025-04-20,Emergency,No,Recovered
P107269,H007,Radiology,2025-08-04,2025-08-13,Emergency,Yes,Transferred
P107270,H070,Dermatology,2025-03-19,2025-03-21,Outpatient,No,Under Treatment
P107271,H025,Orthopedics,2026-03-07,2026-03-13,Day Care,Yes,Recovered
P107272,H052,Radiology,2025-07-02,2025-07-12,Inpatient,Yes,Transferred
P107273,H023,General Medicine,2025-12-12,2025-12-17,Inpatient,No,Transferred
P107274,H046,Dermatology,2026-01-25,2026-01-30,Emergency,Yes,Recovered
P107275,H076,ICU,2025-04-20,2025-04-29,Emergency,No,Recovered
P107276,H038,Radiology,2026-04-16,2026-04-16,Outpatient,No,Recovered
P107277,H043,Orthopedics,2025-12-17,2025-12-26,Emergency,Yes,Under Treatment
P107278,H015,Pediatrics,2026-04-22,2026-04-27,Outpatient,No,Recovered
P107279,H083,General Medicine,2026-03-09,2026-03-11,Inpatient,No,Under Treatment
P107280,H005,General Medicine,2026-05-11,2026-05-17,Outpatient,No,Transferred
P107281,H021,Neurology,2025-04-29,2025-04-30,Outpatient,Yes,Transferred
P107282,H010,Oncology,2025-11-01,2025-11-06,Outpatient,Yes,Transferred
P107283,H051,Cardiology,2026-04-02,2026-04-07,Day Care,No,Recovered
P107284,H043,Orthopedics,2025-07-29,2025-08-07,Inpatient,Yes,Recovered
P107285,H039,General Medicine,2025-11-14,2025-11-24,Day Care,No,Transferred
P107286,H065,Pediatrics,2025-02-12,2025-02-13,Emergency,No,Transferred
P107287,H056,Emergency,2025-12-30,2026-01-02,Day Care,Yes,Recovered
P107288,H024,Emergency,2025-06-27,2025-07-03,Inpatient,Yes,Transferred
P107289,H014,Cardiology,2025-09-12,2025-09-14,Day Care,No,Transferred
P107290,H049,Orthopedics,2025-11-01,2025-11-03,Inpatient,Yes,Recovered
P107291,H011,Cardiology,2025-07-21,2025-07-30,Emergency,Yes,Transferred
P107292,H079,Oncology,2025-03-13,2025-03-20,Inpatient,No,Transferred
P107293,H035,General Medicine,2025-09-08,2025-09-16,Outpatient,No,Under Treatment
P107294,H066,Radiology,2025-04-29,2025-05-04,Day Care,No,Under Treatment
P107295,H071,Orthopedics,2025-04-18,2025-04-24,Outpatient,Yes,Transferred
P107296,H017,Radiology,2025-08-21,2025-08-28,Outpatient,Yes,Under Treatment
P107297,H070,Neurology,2025-03-20,2025-03-29,Emergency,No,Recovered
P107298,H031,Neurology,2026-01-10,2026-01-11,Day Care,No,Transferred
P107299,H077,ICU,2025-01-29,2025-01-31,Outpatient,No,Transferred
P107300,H073,Oncology,2026-02-10,2026-02-20,Inpatient,No,Under Treatment
P107301,H010,Oncology,2026-01-11,2026-01-15,Day Care,No,Under Treatment
P107302,H063,Neurology,2025-02-14,2025-02-16,Emergency,No,Transferred
P107303,H031,General Medicine,2025-07-12,2025-07-14,Day Care,No,Transferred
P107304,H025,ICU,2026-03-08,2026-03-15,Day Care,No,Under Treatment
P107305,H029,Dermatology,2026-03-30,2026-04-09,Day Care,Yes,Recovered
P107306,H066,Emergency,2025-06-24,2025-07-03,Outpatient,No,Under Treatment
P107307,H010,Oncology,2025-12-18,2025-12-19,Day Care,Yes,Under Treatment
P107308,H024,Oncology,2025-08-01,2025-08-09,Inpatient,Yes,Recovered
P107309,H079,Orthopedics,2026-04-11,2026-04-15,Emergency,No,Transferred
P107310,H039,Dermatology,2025-03-27,2025-04-06,Outpatient,Yes,Recovered
P107311,H050,Radiology,2025-11-15,2025-11-18,Emergency,No,Recovered
P107312,H047,Dermatology,2025-12-01,2025-12-05,Inpatient,No,Recovered
P107313,H073,General Medicine,2025-12-03,2025-12-09,Emergency,No,Transferred
P107314,H016,Cardiology,2026-05-02,2026-05-08,Inpatient,Yes,Transferred
P107315,H031,General Medicine,2025-10-21,2025-10-25,Emergency,No,Recovered
P107316,H032,Cardiology,2026-03-14,2026-03-16,Emergency,Yes,Transferred
P107317,H089,Orthopedics,2026-03-31,2026-04-06,Inpatient,Yes,Under Treatment
P107318,H072,General Medicine,2025-03-13,2025-03-15,Day Care,No,Recovered
P107319,H022,Oncology,2025-12-28,2025-12-30,Day Care,Yes,Recovered
P107320,H005,ICU,2025-08-11,2025-08-20,Inpatient,No,Transferred
P107321,H039,Radiology,2025-07-18,2025-07-28,Day Care,Yes,Under Treatment
P107322,H021,Pediatrics,2025-06-27,2025-07-01,Emergency,No,Transferred
P107323,H025,Cardiology,2025-10-04,2025-10-08,Outpatient,Yes,Under Treatment
P107324,H090,Neurology,2025-04-11,2025-04-13,Inpatient,No,Recovered
P107325,H086,Emergency,2025-05-02,2025-05-06,Emergency,Yes,Under Treatment
P107326,H063,ICU,2025-01-07,2025-01-09,Inpatient,Yes,Recovered
P107327,H019,Pediatrics,2026-04-04,2026-04-08,Inpatient,Yes,Recovered
P107328,H019,Orthopedics,2025-05-15,2025-05-20,Day Care,No,Under Treatment
P107329,H028,Emergency,2026-04-14,2026-04-21,Outpatient,No,Recovered
P107330,H069,Oncology,2025-04-12,2025-04-20,Outpatient,No,Recovered
P107331,H037,Dermatology,2026-03-30,2026-04-05,Day Care,Yes,Recovered
P107332,H011,Neurology,2025-04-14,2025-04-16,Inpatient,Yes,Transferred
P107333,H033,Orthopedics,2025-07-25,2025-08-03,Emergency,Yes,Recovered
P107334,H010,Dermatology,2025-12-20,2025-12-26,Emergency,No,Under Treatment
P107335,H062,Emergency,2025-08-15,2025-08-20,Day Care,Yes,Transferred
P107336,H072,Neurology,2025-06-08,2025-06-11,Day Care,No,Transferred
P107337,H098,Radiology,2025-05-21,2025-05-21,Inpatient,No,Recovered
P107338,H048,Orthopedics,2026-04-05,2026-04-10,Emergency,Yes,Recovered
P107339,H051,Emergency,2025-07-07,2025-07-07,Outpatient,No,Recovered
P107340,H052,Dermatology,2025-01-31,2025-02-03,Day Care,Yes,Transferred
P107341,H062,Oncology,2025-05-01,2025-05-01,Outpatient,Yes,Transferred
P107342,H016,General Medicine,2025-12-27,2025-12-31,Outpatient,Yes,Recovered
P107343,H059,ICU,2025-12-21,2025-12-21,Day Care,Yes,Under Treatment
P107344,H053,Cardiology,2025-05-29,2025-06-02,Outpatient,No,Transferred
P107345,H001,Emergency,2025-05-11,2025-05-17,Inpatient,Yes,Transferred
P107346,H032,General Medicine,2025-07-25,2025-07-28,Emergency,No,Under Treatment
P107347,H054,Emergency,2025-02-18,2025-02-23,Emergency,Yes,Recovered
P107348,H039,Neurology,2026-02-04,2026-02-12,Day Care,Yes,Recovered
P107349,H062,Oncology,2025-08-25,2025-08-27,Inpatient,No,Recovered
P107350,H036,General Medicine,2026-01-22,2026-01-25,Day Care,Yes,Recovered
P107351,H087,Orthopedics,2025-10-31,2025-10-31,Day Care,Yes,Recovered
P107352,H035,Radiology,2026-03-21,2026-03-30,Inpatient,No,Recovered
P107353,H075,Pediatrics,2025-03-15,2025-03-20,Day Care,No,Under Treatment
P107354,H045,Neurology,2025-04-22,2025-04-30,Outpatient,No,Transferred
P107355,H039,Orthopedics,2025-11-16,2025-11-19,Emergency,No,Transferred
P107356,H053,Orthopedics,2026-01-29,2026-02-04,Day Care,No,Transferred
P107357,H041,Pediatrics,2025-01-06,2025-01-07,Day Care,Yes,Recovered
P107358,H078,Pediatrics,2025-05-26,2025-05-26,Outpatient,Yes,Recovered
P107359,H003,ICU,2026-05-13,2026-05-18,Emergency,Yes,Recovered
P107360,H040,Neurology,2025-01-06,2025-01-12,Day Care,No,Recovered
P107361,H025,Orthopedics,2025-01-30,2025-02-02,Inpatient,Yes,Recovered
P107362,H094,Oncology,2025-11-26,2025-12-01,Outpatient,Yes,Recovered
P107363,H009,Neurology,2025-04-28,2025-04-30,Outpatient,Yes,Transferred
P107364,H095,Orthopedics,2025-06-06,2025-06-10,Inpatient,No,Under Treatment
P107365,H014,Radiology,2025-02-27,2025-03-06,Outpatient,Yes,Recovered
P107366,H084,Dermatology,2026-01-01,2026-01-04,Outpatient,No,Recovered
P107367,H048,General Medicine,2025-02-23,2025-03-01,Inpatient,Yes,Recovered
P107368,H025,Oncology,2025-07-04,2025-07-12,Emergency,Yes,Under Treatment
P107369,H008,Radiology,2025-07-02,2025-07-04,Inpatient,Yes,Under Treatment
P107370,H056,Orthopedics,2025-07-26,2025-07-27,Inpatient,No,Recovered
P107371,H086,Emergency,2025-03-13,2025-03-15,Outpatient,Yes,Under Treatment
P107372,H011,Oncology,2025-09-15,2025-09-23,Emergency,Yes,Under Treatment
P107373,H016,Oncology,2025-04-14,2025-04-16,Day Care,Yes,Transferred
P107374,H039,Dermatology,2025-03-11,2025-03-18,Day Care,No,Recovered
P107375,H051,Cardiology,2025-04-19,2025-04-24,Inpatient,Yes,Under Treatment
P107376,H097,Oncology,2025-10-23,2025-10-30,Emergency,No,Transferred
P107377,H018,ICU,2025-08-11,2025-08-16,Outpatient,Yes,Under Treatment
P107378,H005,Emergency,2025-09-22,2025-09-26,Outpatient,No,Transferred
P107379,H003,Dermatology,2025-08-14,2025-08-18,Outpatient,No,Transferred
P107380,H012,Radiology,2026-05-12,2026-05-20,Inpatient,Yes,Transferred
P107381,H009,Dermatology,2026-04-06,2026-04-08,Inpatient,Yes,Transferred
P107382,H014,Pediatrics,2026-03-05,2026-03-14,Inpatient,Yes,Under Treatment
P107383,H027,General Medicine,2025-08-01,2025-08-11,Inpatient,No,Recovered
P107384,H088,Cardiology,2026-04-03,2026-04-04,Inpatient,Yes,Transferred
P107385,H100,Dermatology,2025-06-15,2025-06-19,Day Care,Yes,Under Treatment
P107386,H040,Cardiology,2025-07-14,2025-07-15,Day Care,No,Under Treatment
P107387,H015,General Medicine,2025-09-19,2025-09-28,Day Care,No,Recovered
P107388,H014,ICU,2025-08-30,2025-09-06,Outpatient,Yes,Under Treatment
P107389,H046,Orthopedics,2026-01-21,2026-01-22,Outpatient,Yes,Under Treatment
P107390,H009,Cardiology,2026-03-16,2026-03-22,Day Care,No,Transferred
P107391,H043,Dermatology,2025-05-06,2025-05-13,Day Care,No,Transferred
P107392,H059,Emergency,2025-01-30,2025-02-04,Day Care,Yes,Recovered
P107393,H089,Cardiology,2026-03-26,2026-03-30,Day Care,No,Recovered
P107394,H055,Radiology,2026-04-03,2026-04-05,Day Care,Yes,Recovered
P107395,H018,Pediatrics,2025-10-05,2025-10-07,Day Care,Yes,Recovered
P107396,H005,ICU,2025-09-25,2025-10-01,Outpatient,Yes,Under Treatment
P107397,H017,Oncology,2025-12-29,2025-12-29,Inpatient,No,Transferred
P107398,H047,Cardiology,2025-02-15,2025-02-20,Emergency,Yes,Under Treatment
P107399,H041,Emergency,2025-02-26,2025-03-08,Outpatient,No,Under Treatment
P107400,H049,Pediatrics,2026-04-22,2026-04-29,Day Care,No,Under Treatment
P107401,H032,Pediatrics,2025-12-27,2025-12-28,Day Care,Yes,Recovered
P107402,H078,Neurology,2025-06-21,2025-06-29,Day Care,Yes,Recovered
P107403,H002,General Medicine,2026-02-25,2026-03-03,Day Care,Yes,Transferred
P107404,H033,Neurology,2025-11-04,2025-11-08,Inpatient,No,Under Treatment
P107405,H040,Emergency,2025-08-12,2025-08-22,Outpatient,No,Recovered
P107406,H097,Orthopedics,2025-02-06,2025-02-09,Day Care,Yes,Transferred
P107407,H048,Dermatology,2026-01-03,2026-01-04,Outpatient,Yes,Recovered
P107408,H059,Dermatology,2025-09-15,2025-09-20,Emergency,Yes,Transferred
P107409,H052,Neurology,2025-03-28,2025-03-29,Emergency,No,Under Treatment
P107410,H097,Neurology,2025-01-23,2025-02-02,Emergency,Yes,Under Treatment
P107411,H011,Dermatology,2026-03-21,2026-03-28,Day Care,No,Under Treatment
P107412,H036,Dermatology,2025-07-25,2025-08-01,Inpatient,Yes,Under Treatment
P107413,H054,Neurology,2025-05-31,2025-05-31,Inpatient,No,Transferred
P107414,H049,General Medicine,2026-02-09,2026-02-10,Emergency,No,Under Treatment
P107415,H039,Emergency,2025-11-26,2025-12-02,Day Care,Yes,Transferred
P107416,H018,General Medicine,2026-01-13,2026-01-16,Outpatient,No,Transferred
P107417,H092,Orthopedics,2025-08-10,2025-08-19,Outpatient,Yes,Transferred
P107418,H054,Pediatrics,2025-01-03,2025-01-03,Inpatient,No,Recovered
P107419,H062,Oncology,2025-03-31,2025-04-05,Day Care,Yes,Recovered
P107420,H001,Neurology,2025-10-28,2025-10-28,Inpatient,Yes,Under Treatment
P107421,H084,Pediatrics,2025-06-18,2025-06-27,Day Care,No,Transferred
P107422,H047,Dermatology,2025-03-20,2025-03-29,Day Care,No,Transferred
P107423,H014,Pediatrics,2026-01-19,2026-01-28,Day Care,Yes,Under Treatment
P107424,H057,Oncology,2025-09-20,2025-09-24,Emergency,No,Transferred
P107425,H073,Pediatrics,2025-03-04,2025-03-06,Emergency,Yes,Under Treatment
P107426,H059,Emergency,2025-01-05,2025-01-12,Inpatient,No,Under Treatment
P107427,H089,ICU,2025-04-26,2025-05-01,Day Care,Yes,Recovered
P107428,H002,Dermatology,2025-09-16,2025-09-26,Inpatient,Yes,Recovered
P107429,H099,Oncology,2026-01-19,2026-01-24,Inpatient,Yes,Under Treatment
P107430,H005,Dermatology,2026-03-13,2026-03-23,Inpatient,No,Under Treatment
P107431,H041,General Medicine,2025-12-14,2025-12-23,Emergency,No,Recovered
P107432,H084,ICU,2026-02-15,2026-02-20,Outpatient,No,Under Treatment
P107433,H024,Neurology,2025-05-26,2025-06-02,Day Care,Yes,Recovered
P107434,H100,General Medicine,2025-03-10,2025-03-18,Day Care,Yes,Under Treatment
P107435,H002,Cardiology,2025-01-02,2025-01-05,Day Care,No,Transferred
P107436,H060,Pediatrics,2025-08-09,2025-08-17,Outpatient,Yes,Recovered
P107437,H019,Radiology,2026-03-04,2026-03-14,Day Care,No,Transferred
P107438,H099,Emergency,2025-01-21,2025-01-22,Day Care,No,Recovered
P107439,H008,Dermatology,2026-01-26,2026-02-05,Outpatient,No,Transferred
P107440,H093,Radiology,2025-05-21,2025-05-27,Emergency,Yes,Under Treatment
P107441,H032,Orthopedics,2025-01-19,2025-01-27,Inpatient,Yes,Under Treatment
P107442,H045,Oncology,2025-03-03,2025-03-06,Outpatient,Yes,Recovered
P107443,H096,Oncology,2025-07-09,2025-07-16,Day Care,Yes,Recovered
P107444,H036,Cardiology,2026-04-15,2026-04-25,Emergency,No,Recovered
P107445,H044,Neurology,2026-01-21,2026-01-24,Outpatient,Yes,Transferred
P107446,H010,General Medicine,2025-08-06,2025-08-14,Day Care,No,Transferred
P107447,H024,Pediatrics,2025-06-16,2025-06-25,Inpatient,No,Transferred
P107448,H081,Pediatrics,2025-02-02,2025-02-08,Emergency,Yes,Transferred
P107449,H057,Neurology,2025-11-29,2025-12-03,Outpatient,No,Transferred
P107450,H066,Emergency,2025-04-01,2025-04-03,Emergency,No,Transferred
P107451,H030,General Medicine,2025-11-28,2025-11-28,Inpatient,No,Under Treatment
P107452,H039,Oncology,2025-07-14,2025-07-20,Day Care,Yes,Transferred
P107453,H002,ICU,2026-02-10,2026-02-17,Inpatient,No,Transferred
P107454,H067,Dermatology,2026-04-19,2026-04-21,Day Care,No,Under Treatment
P107455,H078,ICU,2025-02-16,2025-02-23,Outpatient,No,Recovered
P107456,H088,Cardiology,2025-04-05,2025-04-08,Day Care,No,Recovered
P107457,H076,Neurology,2025-12-14,2025-12-16,Outpatient,No,Transferred
P107458,H077,General Medicine,2025-10-02,2025-10-04,Day Care,No,Recovered
P107459,H095,Cardiology,2025-11-24,2025-11-26,Outpatient,No,Recovered
P107460,H012,Radiology,2026-03-24,2026-04-03,Inpatient,Yes,Transferred
P107461,H031,Emergency,2025-07-19,2025-07-23,Day Care,Yes,Recovered
P107462,H030,ICU,2025-04-12,2025-04-15,Outpatient,Yes,Under Treatment
P107463,H085,General Medicine,2025-04-15,2025-04-19,Emergency,Yes,Under Treatment
P107464,H061,Oncology,2026-05-12,2026-05-12,Outpatient,Yes,Under Treatment
P107465,H075,Neurology,2026-03-24,2026-03-28,Inpatient,Yes,Under Treatment
P107466,H036,Orthopedics,2026-01-15,2026-01-25,Outpatient,No,Recovered
P107467,H065,Dermatology,2025-07-14,2025-07-20,Emergency,No,Under Treatment
P107468,H090,Neurology,2025-04-15,2025-04-17,Emergency,Yes,Recovered
P107469,H099,Oncology,2026-03-14,2026-03-19,Day Care,Yes,Transferred
P107470,H090,Radiology,2025-04-19,2025-04-19,Outpatient,Yes,Transferred
P107471,H030,Emergency,2025-02-13,2025-02-20,Emergency,Yes,Under Treatment
P107472,H070,Orthopedics,2025-07-22,2025-07-22,Emergency,No,Under Treatment
P107473,H091,Neurology,2025-12-18,2025-12-21,Inpatient,Yes,Recovered
P107474,H028,General Medicine,2026-04-04,2026-04-12,Day Care,No,Transferred
P107475,H077,Dermatology,2025-08-20,2025-08-26,Day Care,Yes,Recovered
P107476,H050,Orthopedics,2026-02-16,2026-02-16,Outpatient,No,Transferred
P107477,H052,Cardiology,2025-01-19,2025-01-28,Day Care,No,Transferred
P107478,H031,ICU,2025-07-28,2025-08-01,Emergency,No,Under Treatment
P107479,H072,Radiology,2025-12-21,2025-12-31,Emergency,No,Recovered
P107480,H031,Dermatology,2025-12-27,2026-01-06,Day Care,Yes,Transferred
P107481,H092,Pediatrics,2026-05-14,2026-05-24,Emergency,No,Transferred
P107482,H051,Cardiology,2026-02-13,2026-02-22,Day Care,No,Under Treatment
P107483,H033,Radiology,2026-05-13,2026-05-17,Emergency,Yes,Transferred
P107484,H053,Oncology,2026-01-08,2026-01-08,Inpatient,No,Under Treatment
P107485,H091,Radiology,2025-06-11,2025-06-21,Outpatient,No,Under Treatment
P107486,H032,General Medicine,2025-10-27,2025-10-30,Emergency,Yes,Under Treatment
P107487,H089,ICU,2026-02-07,2026-02-14,Day Care,No,Under Treatment
P107488,H016,Cardiology,2025-09-04,2025-09-07,Day Care,No,Recovered
P107489,H094,General Medicine,2025-07-15,2025-07-24,Inpatient,Yes,Recovered
P107490,H044,Radiology,2025-11-07,2025-11-13,Emergency,Yes,Transferred
P107491,H096,Pediatrics,2025-02-06,2025-02-07,Emergency,Yes,Recovered
P107492,H061,Oncology,2025-08-01,2025-08-07,Inpatient,No,Transferred
P107493,H018,Orthopedics,2025-05-23,2025-05-26,Day Care,No,Recovered
P107494,H088,Emergency,2025-11-03,2025-11-10,Outpatient,Yes,Under Treatment
P107495,H010,Neurology,2025-06-15,2025-06-15,Outpatient,Yes,Under Treatment
P107496,H011,General Medicine,2025-06-08,2025-06-12,Day Care,No,Transferred
P107497,H031,Emergency,2025-05-09,2025-05-09,Emergency,No,Recovered
P107498,H013,Neurology,2025-03-28,2025-04-07,Emergency,Yes,Transferred
P107499,H098,Dermatology,2026-04-23,2026-05-03,Day Care,Yes,Transferred
P107500,H058,Oncology,2025-01-13,2025-01-23,Emergency,Yes,Under Treatment
P107501,H070,Pediatrics,2025-07-12,2025-07-13,Day Care,Yes,Transferred
P107502,H014,Emergency,2026-04-12,2026-04-15,Day Care,Yes,Recovered
P107503,H034,Emergency,2026-01-02,2026-01-07,Emergency,No,Recovered
P107504,H076,ICU,2025-05-18,2025-05-22,Emergency,No,Under Treatment
P107505,H076,ICU,2025-03-17,2025-03-27,Emergency,No,Transferred
P107506,H093,Dermatology,2025-12-25,2026-01-04,Outpatient,No,Transferred
P107507,H077,General Medicine,2025-04-14,2025-04-24,Outpatient,Yes,Under Treatment
P107508,H028,Radiology,2025-05-15,2025-05-21,Day Care,No,Under Treatment
P107509,H093,Radiology,2025-06-11,2025-06-11,Outpatient,Yes,Transferred
P107510,H073,Pediatrics,2025-02-27,2025-03-03,Inpatient,No,Transferred
P107511,H045,Dermatology,2026-02-01,2026-02-10,Emergency,No,Under Treatment
P107512,H051,ICU,2025-02-24,2025-02-27,Inpatient,Yes,Under Treatment
P107513,H005,Neurology,2026-04-22,2026-04-27,Inpatient,Yes,Transferred
P107514,H027,General Medicine,2025-07-06,2025-07-09,Day Care,Yes,Recovered
P107515,H070,Pediatrics,2025-08-01,2025-08-08,Emergency,No,Transferred
P107516,H082,Neurology,2025-10-24,2025-10-26,Emergency,No,Transferred
P107517,H079,Pediatrics,2025-02-02,2025-02-07,Inpatient,Yes,Recovered
P107518,H019,Orthopedics,2025-03-13,2025-03-22,Inpatient,No,Transferred
P107519,H048,Cardiology,2025-03-28,2025-03-30,Day Care,Yes,Under Treatment
P107520,H100,Radiology,2026-01-29,2026-02-03,Day Care,Yes,Under Treatment
P107521,H027,Emergency,2025-08-20,2025-08-27,Outpatient,Yes,Under Treatment
P107522,H053,Pediatrics,2025-08-14,2025-08-22,Day Care,Yes,Under Treatment
P107523,H095,Radiology,2026-01-21,2026-01-22,Outpatient,No,Recovered
P107524,H042,ICU,2025-06-25,2025-06-29,Outpatient,Yes,Recovered
P107525,H094,Radiology,2025-03-22,2025-03-31,Day Care,Yes,Recovered
P107526,H061,General Medicine,2026-04-11,2026-04-17,Emergency,Yes,Recovered
P107527,H085,Emergency,2026-04-19,2026-04-20,Day Care,Yes,Under Treatment
P107528,H037,ICU,2026-04-27,2026-04-30,Day Care,No,Transferred
P107529,H015,ICU,2025-06-19,2025-06-27,Outpatient,No,Transferred
P107530,H007,Orthopedics,2025-08-10,2025-08-14,Outpatient,No,Under Treatment
P107531,H012,General Medicine,2025-08-05,2025-08-09,Inpatient,No,Transferred
P107532,H032,Radiology,2026-04-06,2026-04-09,Outpatient,No,Under Treatment
P107533,H049,Cardiology,2025-03-22,2025-03-22,Emergency,Yes,Under Treatment
P107534,H017,ICU,2025-02-05,2025-02-08,Emergency,No,Transferred
P107535,H090,Dermatology,2026-02-19,2026-02-25,Emergency,No,Recovered
P107536,H080,Dermatology,2025-02-22,2025-03-03,Emergency,Yes,Recovered
P107537,H004,Neurology,2026-01-20,2026-01-24,Emergency,Yes,Transferred
P107538,H011,Oncology,2026-02-19,2026-03-01,Inpatient,No,Recovered
P107539,H064,Orthopedics,2026-05-03,2026-05-12,Inpatient,No,Recovered
P107540,H083,Oncology,2026-04-17,2026-04-18,Emergency,No,Under Treatment
P107541,H038,General Medicine,2025-03-11,2025-03-13,Inpatient,Yes,Transferred
P107542,H059,ICU,2025-05-10,2025-05-14,Inpatient,Yes,Under Treatment
P107543,H074,Emergency,2026-04-06,2026-04-11,Emergency,Yes,Recovered
P107544,H058,Pediatrics,2026-03-22,2026-03-23,Day Care,No,Transferred
P107545,H009,Dermatology,2026-01-10,2026-01-19,Outpatient,Yes,Recovered
P107546,H092,General Medicine,2025-02-04,2025-02-14,Emergency,No,Recovered
P107547,H050,Emergency,2026-03-10,2026-03-11,Inpatient,Yes,Recovered
P107548,H013,Cardiology,2026-02-21,2026-02-24,Outpatient,No,Recovered
P107549,H029,ICU,2026-01-25,2026-01-26,Emergency,No,Transferred
P107550,H079,ICU,2025-04-30,2025-05-06,Emergency,Yes,Recovered
P107551,H094,Emergency,2025-12-14,2025-12-21,Inpatient,Yes,Under Treatment
P107552,H041,Oncology,2026-04-29,2026-05-08,Day Care,Yes,Transferred
P107553,H005,General Medicine,2026-04-22,2026-04-26,Inpatient,No,Transferred
P107554,H054,Dermatology,2025-08-27,2025-09-05,Inpatient,No,Under Treatment
P107555,H029,Radiology,2025-06-06,2025-06-12,Emergency,Yes,Under Treatment
P107556,H094,Cardiology,2025-04-21,2025-04-27,Day Care,Yes,Recovered
P107557,H008,Cardiology,2026-04-10,2026-04-17,Inpatient,No,Transferred
P107558,H049,Cardiology,2025-07-30,2025-08-09,Inpatient,Yes,Transferred
P107559,H037,General Medicine,2026-02-06,2026-02-08,Day Care,Yes,Recovered
P107560,H002,Cardiology,2025-08-09,2025-08-19,Day Care,No,Under Treatment
P107561,H037,General Medicine,2026-03-19,2026-03-28,Inpatient,Yes,Under Treatment
P107562,H086,General Medicine,2026-03-22,2026-03-28,Emergency,No,Transferred
P107563,H046,Orthopedics,2025-10-09,2025-10-09,Day Care,No,Transferred
P107564,H024,Cardiology,2026-05-11,2026-05-12,Emergency,Yes,Under Treatment
P107565,H099,Oncology,2025-10-19,2025-10-28,Emergency,No,Under Treatment
P107566,H076,Emergency,2025-10-04,2025-10-14,Outpatient,No,Recovered
P107567,H030,General Medicine,2025-03-02,2025-03-05,Inpatient,No,Recovered
P107568,H047,Pediatrics,2025-06-30,2025-07-06,Inpatient,Yes,Under Treatment
P107569,H042,Dermatology,2025-11-23,2025-11-27,Inpatient,Yes,Under Treatment
P107570,H078,General Medicine,2025-01-11,2025-01-16,Outpatient,Yes,Under Treatment
P107571,H063,Orthopedics,2025-04-18,2025-04-24,Inpatient,Yes,Under Treatment
P107572,H043,Radiology,2026-03-05,2026-03-15,Day Care,No,Under Treatment
P107573,H042,Neurology,2025-03-22,2025-04-01,Emergency,Yes,Transferred
P107574,H087,Dermatology,2025-12-13,2025-12-21,Emergency,Yes,Recovered
P107575,H085,Dermatology,2025-10-15,2025-10-17,Inpatient,Yes,Transferred
P107576,H091,Neurology,2025-10-22,2025-10-24,Outpatient,No,Under Treatment
P107577,H047,Cardiology,2025-12-31,2026-01-10,Day Care,No,Transferred
P107578,H024,Emergency,2026-02-11,2026-02-21,Emergency,Yes,Transferred
P107579,H071,Radiology,2026-05-06,2026-05-06,Outpatient,Yes,Recovered
P107580,H051,Radiology,2025-06-21,2025-07-01,Inpatient,Yes,Recovered
P107581,H002,Dermatology,2025-12-21,2025-12-30,Outpatient,No,Transferred
P107582,H007,Radiology,2026-03-02,2026-03-08,Outpatient,No,Recovered
P107583,H020,Radiology,2025-05-09,2025-05-18,Outpatient,No,Transferred
P107584,H016,Orthopedics,2025-10-03,2025-10-08,Outpatient,Yes,Recovered
P107585,H015,Neurology,2025-05-05,2025-05-07,Inpatient,Yes,Under Treatment
P107586,H017,Cardiology,2026-04-03,2026-04-08,Inpatient,Yes,Under Treatment
P107587,H086,Radiology,2025-07-12,2025-07-21,Outpatient,Yes,Under Treatment
P107588,H032,Oncology,2025-01-30,2025-02-09,Outpatient,Yes,Under Treatment
P107589,H055,Neurology,2025-08-06,2025-08-07,Emergency,No,Transferred
P107590,H020,Pediatrics,2025-09-11,2025-09-13,Day Care,No,Under Treatment
P107591,H071,Neurology,2026-03-29,2026-04-07,Inpatient,Yes,Transferred
P107592,H100,Pediatrics,2025-09-22,2025-09-27,Inpatient,Yes,Recovered
P107593,H010,Cardiology,2025-10-12,2025-10-14,Day Care,No,Recovered
P107594,H015,Oncology,2025-05-27,2025-05-27,Day Care,No,Transferred
P107595,H049,Emergency,2025-06-02,2025-06-02,Inpatient,Yes,Recovered
P107596,H037,Cardiology,2026-04-08,2026-04-17,Emergency,No,Transferred
P107597,H094,General Medicine,2025-10-31,2025-11-10,Emergency,No,Recovered
P107598,H011,Dermatology,2025-08-29,2025-09-06,Day Care,No,Recovered
P107599,H026,Dermatology,2025-06-26,2025-07-02,Outpatient,Yes,Transferred
P107600,H010,Neurology,2025-12-08,2025-12-15,Emergency,No,Transferred
P107601,H029,Dermatology,2025-07-05,2025-07-08,Outpatient,Yes,Recovered
P107602,H041,Neurology,2025-04-20,2025-04-20,Outpatient,No,Transferred
P107603,H094,Oncology,2026-03-27,2026-04-02,Emergency,No,Under Treatment
P107604,H087,ICU,2025-08-03,2025-08-05,Day Care,No,Recovered
P107605,H034,Emergency,2025-05-24,2025-05-26,Day Care,No,Recovered
P107606,H079,Orthopedics,2025-12-26,2025-12-27,Inpatient,Yes,Under Treatment
P107607,H094,Dermatology,2026-01-24,2026-01-29,Day Care,Yes,Recovered
P107608,H079,Emergency,2025-06-17,2025-06-22,Outpatient,Yes,Under Treatment
P107609,H054,Cardiology,2025-11-30,2025-12-10,Emergency,Yes,Transferred
P107610,H081,Dermatology,2026-04-13,2026-04-21,Emergency,No,Recovered
P107611,H037,Emergency,2025-01-03,2025-01-13,Outpatient,Yes,Under Treatment
P107612,H046,Pediatrics,2025-06-13,2025-06-14,Emergency,Yes,Under Treatment
P107613,H014,Pediatrics,2025-08-21,2025-08-30,Outpatient,Yes,Recovered
P107614,H055,Cardiology,2026-04-22,2026-05-02,Inpatient,Yes,Under Treatment
P107615,H091,Cardiology,2025-01-29,2025-02-01,Day Care,No,Recovered
P107616,H091,Cardiology,2025-10-09,2025-10-16,Inpatient,Yes,Transferred
P107617,H009,Orthopedics,2025-07-04,2025-07-14,Outpatient,Yes,Under Treatment
P107618,H087,Radiology,2025-05-24,2025-05-30,Emergency,No,Recovered
P107619,H032,Radiology,2026-05-12,2026-05-17,Emergency,Yes,Recovered
P107620,H005,Pediatrics,2025-04-07,2025-04-11,Outpatient,No,Transferred
P107621,H071,Emergency,2025-01-10,2025-01-20,Outpatient,No,Recovered
P107622,H078,Cardiology,2025-10-22,2025-11-01,Outpatient,Yes,Transferred
P107623,H098,Orthopedics,2026-03-10,2026-03-17,Outpatient,No,Transferred
P107624,H079,Neurology,2025-09-14,2025-09-23,Inpatient,Yes,Recovered
P107625,H038,General Medicine,2025-05-30,2025-06-08,Outpatient,No,Recovered
P107626,H059,Radiology,2025-05-22,2025-05-26,Outpatient,Yes,Under Treatment
P107627,H036,Pediatrics,2025-05-29,2025-06-02,Inpatient,Yes,Transferred
P107628,H011,Cardiology,2026-03-09,2026-03-12,Day Care,No,Under Treatment
P107629,H059,Neurology,2025-12-04,2025-12-06,Outpatient,Yes,Transferred
P107630,H027,ICU,2025-04-07,2025-04-11,Emergency,Yes,Recovered
P107631,H050,Oncology,2026-01-20,2026-01-25,Day Care,Yes,Transferred
P107632,H007,General Medicine,2025-03-02,2025-03-02,Day Care,No,Recovered
P107633,H073,ICU,2025-11-11,2025-11-16,Inpatient,Yes,Under Treatment
P107634,H030,Oncology,2025-08-10,2025-08-12,Outpatient,No,Transferred
P107635,H008,Pediatrics,2025-01-18,2025-01-24,Emergency,No,Transferred
P107636,H044,Radiology,2025-02-07,2025-02-12,Day Care,No,Recovered
P107637,H098,Cardiology,2026-03-01,2026-03-07,Outpatient,No,Recovered
P107638,H059,Pediatrics,2026-01-13,2026-01-14,Outpatient,No,Under Treatment
P107639,H032,Neurology,2025-09-18,2025-09-28,Outpatient,Yes,Recovered
P107640,H087,Dermatology,2025-10-16,2025-10-21,Inpatient,Yes,Under Treatment
P107641,H069,Emergency,2026-01-31,2026-02-05,Outpatient,Yes,Under Treatment
P107642,H041,ICU,2025-09-13,2025-09-20,Emergency,Yes,Under Treatment
P107643,H043,Pediatrics,2025-08-17,2025-08-20,Outpatient,No,Under Treatment
P107644,H035,Emergency,2025-07-03,2025-07-11,Inpatient,No,Recovered
P107645,H030,Neurology,2025-11-29,2025-12-06,Emergency,Yes,Transferred
P107646,H006,Neurology,2026-03-24,2026-04-03,Outpatient,Yes,Under Treatment
P107647,H039,Radiology,2025-10-27,2025-10-30,Emergency,Yes,Recovered
P107648,H045,Neurology,2025-11-28,2025-12-05,Day Care,No,Recovered
P107649,H050,Emergency,2025-08-26,2025-08-29,Inpatient,Yes,Recovered
P107650,H043,ICU,2026-04-25,2026-04-28,Outpatient,No,Recovered
P107651,H025,Neurology,2025-06-12,2025-06-19,Inpatient,Yes,Under Treatment
P107652,H065,Pediatrics,2025-02-12,2025-02-17,Inpatient,Yes,Under Treatment
P107653,H018,Oncology,2025-02-18,2025-02-19,Outpatient,Yes,Transferred
P107654,H030,Dermatology,2025-11-10,2025-11-12,Inpatient,Yes,Transferred
P107655,H003,Neurology,2025-05-12,2025-05-12,Emergency,Yes,Recovered
P107656,H034,Pediatrics,2025-06-29,2025-07-09,Day Care,No,Under Treatment
P107657,H018,Emergency,2026-01-06,2026-01-08,Outpatient,Yes,Transferred
P107658,H090,Cardiology,2025-11-06,2025-11-07,Day Care,Yes,Recovered
P107659,H008,General Medicine,2025-01-25,2025-02-03,Emergency,No,Recovered
P107660,H017,ICU,2025-05-17,2025-05-25,Outpatient,No,Under Treatment
P107661,H038,Oncology,2025-11-19,2025-11-20,Emergency,No,Under Treatment
P107662,H090,Emergency,2025-08-15,2025-08-19,Inpatient,Yes,Recovered
P107663,H002,Neurology,2026-01-07,2026-01-17,Inpatient,Yes,Transferred
P107664,H095,Dermatology,2025-11-06,2025-11-08,Outpatient,No,Under Treatment
P107665,H009,ICU,2025-11-07,2025-11-12,Day Care,No,Under Treatment
P107666,H054,Emergency,2026-01-26,2026-01-31,Emergency,Yes,Recovered
P107667,H052,Orthopedics,2025-06-01,2025-06-01,Day Care,Yes,Recovered
P107668,H003,Orthopedics,2026-02-10,2026-02-17,Inpatient,No,Recovered
P107669,H014,Cardiology,2025-01-20,2025-01-28,Outpatient,Yes,Transferred
P107670,H046,Cardiology,2025-03-30,2025-04-04,Inpatient,Yes,Under Treatment
P107671,H067,Radiology,2025-12-31,2026-01-03,Emergency,No,Transferred
P107672,H011,Pediatrics,2025-11-04,2025-11-07,Inpatient,No,Transferred
P107673,H012,Oncology,2026-01-05,2026-01-14,Day Care,Yes,Under Treatment
P107674,H081,Orthopedics,2025-06-07,2025-06-11,Emergency,Yes,Recovered
P107675,H072,Orthopedics,2025-09-21,2025-09-26,Emergency,No,Under Treatment
P107676,H023,Oncology,2025-04-05,2025-04-12,Inpatient,No,Under Treatment
P107677,H072,Orthopedics,2026-02-13,2026-02-23,Day Care,Yes,Recovered
P107678,H067,ICU,2025-01-13,2025-01-15,Inpatient,No,Transferred
P107679,H008,Emergency,2025-01-28,2025-02-02,Emergency,No,Transferred
P107680,H084,Dermatology,2025-05-27,2025-05-27,Day Care,No,Transferred
P107681,H016,Orthopedics,2025-06-16,2025-06-24,Inpatient,No,Transferred
P107682,H044,Pediatrics,2025-03-17,2025-03-19,Inpatient,Yes,Transferred
P107683,H003,Pediatrics,2025-01-01,2025-01-02,Inpatient,Yes,Transferred
P107684,H078,Dermatology,2025-09-07,2025-09-13,Outpatient,Yes,Transferred
P107685,H045,Oncology,2025-10-10,2025-10-17,Inpatient,Yes,Transferred
P107686,H037,Cardiology,2026-04-04,2026-04-08,Day Care,No,Under Treatment
P107687,H025,Dermatology,2025-04-02,2025-04-10,Outpatient,Yes,Under Treatment
P107688,H043,Emergency,2025-09-26,2025-10-03,Inpatient,Yes,Transferred
P107689,H041,Cardiology,2026-03-25,2026-04-04,Day Care,No,Under Treatment
P107690,H022,Radiology,2026-04-15,2026-04-24,Inpatient,Yes,Recovered
P107691,H074,Neurology,2025-03-01,2025-03-08,Day Care,Yes,Under Treatment
P107692,H050,Emergency,2026-01-05,2026-01-12,Outpatient,Yes,Recovered
P107693,H013,Cardiology,2026-03-07,2026-03-16,Inpatient,No,Recovered
P107694,H075,Emergency,2026-01-28,2026-02-03,Emergency,Yes,Recovered
P107695,H036,Dermatology,2025-10-02,2025-10-04,Day Care,Yes,Transferred
P107696,H077,Orthopedics,2025-11-19,2025-11-28,Emergency,No,Transferred
P107697,H085,Pediatrics,2025-12-18,2025-12-21,Emergency,No,Under Treatment
P107698,H092,Dermatology,2026-02-28,2026-03-10,Day Care,Yes,Transferred
P107699,H070,Neurology,2026-03-12,2026-03-12,Inpatient,No,Transferred
P107700,H045,Pediatrics,2025-07-13,2025-07-16,Day Care,No,Recovered
P107701,H078,Dermatology,2026-01-16,2026-01-22,Day Care,No,Transferred
P107702,H047,Pediatrics,2026-01-04,2026-01-07,Day Care,No,Recovered
P107703,H007,Radiology,2025-09-03,2025-09-03,Inpatient,No,Transferred
P107704,H008,Neurology,2025-09-19,2025-09-20,Outpatient,Yes,Transferred
P107705,H088,Pediatrics,2025-12-11,2025-12-17,Day Care,No,Under Treatment
P107706,H074,Neurology,2025-04-02,2025-04-05,Day Care,Yes,Under Treatment
P107707,H059,Orthopedics,2025-08-21,2025-08-27,Day Care,No,Transferred
P107708,H098,General Medicine,2026-02-03,2026-02-07,Inpatient,Yes,Recovered
P107709,H015,ICU,2025-07-12,2025-07-13,Inpatient,Yes,Recovered
P107710,H036,General Medicine,2025-06-06,2025-06-12,Outpatient,No,Recovered
P107711,H087,Cardiology,2025-05-20,2025-05-24,Day Care,No,Under Treatment
P107712,H013,Dermatology,2025-09-30,2025-10-10,Inpatient,Yes,Transferred
P107713,H050,Pediatrics,2025-05-02,2025-05-11,Outpatient,Yes,Recovered
P107714,H076,Orthopedics,2025-02-22,2025-02-25,Outpatient,Yes,Under Treatment
P107715,H015,Dermatology,2025-12-21,2025-12-21,Day Care,No,Transferred
P107716,H033,Oncology,2025-09-14,2025-09-14,Outpatient,Yes,Transferred
P107717,H082,ICU,2025-07-29,2025-07-30,Inpatient,Yes,Under Treatment
P107718,H085,Dermatology,2025-01-22,2025-02-01,Emergency,Yes,Transferred
P107719,H019,Oncology,2026-05-01,2026-05-08,Emergency,Yes,Transferred
P107720,H036,ICU,2025-06-14,2025-06-18,Day Care,Yes,Transferred
P107721,H077,ICU,2025-08-14,2025-08-20,Day Care,Yes,Transferred
P107722,H066,Oncology,2025-08-04,2025-08-14,Day Care,Yes,Under Treatment
P107723,H005,Pediatrics,2026-01-09,2026-01-18,Day Care,No,Under Treatment
P107724,H013,General Medicine,2025-11-21,2025-11-21,Outpatient,Yes,Recovered
P107725,H046,Emergency,2026-01-08,2026-01-08,Day Care,No,Under Treatment
P107726,H005,General Medicine,2025-06-25,2025-07-03,Day Care,No,Recovered
P107727,H097,Pediatrics,2025-09-18,2025-09-18,Inpatient,Yes,Recovered
P107728,H019,Pediatrics,2026-04-24,2026-05-02,Day Care,No,Transferred
P107729,H050,Neurology,2025-02-13,2025-02-16,Outpatient,Yes,Recovered
P107730,H029,Oncology,2026-03-28,2026-03-29,Day Care,No,Under Treatment
P107731,H076,Cardiology,2025-01-11,2025-01-18,Inpatient,Yes,Under Treatment
P107732,H062,Radiology,2025-12-29,2026-01-03,Inpatient,Yes,Under Treatment
P107733,H014,General Medicine,2026-03-27,2026-04-04,Outpatient,No,Recovered
P107734,H085,Dermatology,2025-01-18,2025-01-21,Inpatient,No,Under Treatment
P107735,H048,Neurology,2025-04-13,2025-04-14,Inpatient,Yes,Transferred
P107736,H052,Dermatology,2026-04-20,2026-04-23,Inpatient,Yes,Recovered
P107737,H029,Neurology,2026-04-01,2026-04-11,Inpatient,Yes,Recovered
P107738,H050,Radiology,2025-11-02,2025-11-11,Outpatient,No,Under Treatment
P107739,H060,Cardiology,2025-02-26,2025-03-08,Day Care,No,Under Treatment
P107740,H027,Neurology,2026-04-18,2026-04-28,Day Care,No,Recovered
P107741,H026,General Medicine,2025-07-21,2025-07-31,Inpatient,No,Recovered
P107742,H015,Radiology,2026-02-17,2026-02-21,Outpatient,Yes,Under Treatment
P107743,H050,Orthopedics,2025-10-27,2025-11-04,Inpatient,No,Transferred
P107744,H012,Cardiology,2025-06-12,2025-06-21,Day Care,Yes,Transferred
P107745,H035,Pediatrics,2026-04-08,2026-04-17,Inpatient,No,Under Treatment
P107746,H006,Neurology,2025-06-12,2025-06-20,Emergency,Yes,Recovered
P107747,H033,Cardiology,2025-09-17,2025-09-17,Inpatient,Yes,Under Treatment
P107748,H043,Cardiology,2025-04-26,2025-05-03,Emergency,No,Transferred
P107749,H008,ICU,2025-10-08,2025-10-08,Inpatient,Yes,Transferred
P107750,H048,ICU,2025-06-25,2025-07-05,Inpatient,No,Under Treatment
P107751,H007,Emergency,2025-05-11,2025-05-18,Emergency,No,Transferred
P107752,H049,Pediatrics,2025-07-26,2025-07-29,Day Care,No,Recovered
P107753,H018,Radiology,2026-04-01,2026-04-05,Emergency,Yes,Under Treatment
P107754,H060,Radiology,2025-07-20,2025-07-23,Inpatient,No,Under Treatment
P107755,H031,Neurology,2026-05-12,2026-05-17,Outpatient,Yes,Recovered
P107756,H033,Neurology,2025-03-11,2025-03-21,Outpatient,Yes,Recovered
P107757,H061,Emergency,2025-10-01,2025-10-11,Outpatient,No,Under Treatment
P107758,H038,Orthopedics,2025-11-18,2025-11-26,Emergency,No,Recovered
P107759,H041,Emergency,2025-12-02,2025-12-02,Day Care,Yes,Recovered
P107760,H093,Radiology,2025-09-12,2025-09-15,Inpatient,Yes,Under Treatment
P107761,H026,Emergency,2026-05-03,2026-05-05,Inpatient,Yes,Under Treatment
P107762,H088,Pediatrics,2025-01-15,2025-01-18,Outpatient,No,Transferred
P107763,H021,ICU,2025-12-04,2025-12-05,Inpatient,No,Under Treatment
P107764,H078,Cardiology,2026-04-21,2026-04-29,Day Care,No,Transferred
P107765,H060,Radiology,2025-11-23,2025-11-30,Emergency,No,Transferred
P107766,H022,Cardiology,2025-07-16,2025-07-16,Inpatient,Yes,Recovered
P107767,H008,Dermatology,2025-10-30,2025-11-04,Emergency,Yes,Under Treatment
P107768,H012,Neurology,2025-06-16,2025-06-26,Outpatient,Yes,Under Treatment
P107769,H019,Radiology,2025-07-17,2025-07-27,Inpatient,Yes,Transferred
P107770,H071,Pediatrics,2025-08-20,2025-08-28,Inpatient,Yes,Transferred
P107771,H059,Orthopedics,2025-12-10,2025-12-14,Emergency,No,Recovered
P107772,H023,Oncology,2025-09-10,2025-09-17,Outpatient,Yes,Transferred
P107773,H094,Orthopedics,2025-01-27,2025-01-27,Inpatient,Yes,Transferred
P107774,H036,Oncology,2025-07-13,2025-07-21,Inpatient,No,Under Treatment
P107775,H059,General Medicine,2025-05-15,2025-05-17,Emergency,No,Recovered
P107776,H075,Oncology,2025-02-14,2025-02-15,Day Care,No,Transferred
P107777,H091,General Medicine,2025-01-22,2025-01-26,Inpatient,No,Transferred
P107778,H024,Pediatrics,2026-02-04,2026-02-14,Emergency,No,Transferred
P107779,H096,Neurology,2025-11-02,2025-11-08,Emergency,No,Recovered
P107780,H061,ICU,2025-09-07,2025-09-10,Emergency,Yes,Transferred
P107781,H049,Neurology,2025-01-21,2025-01-30,Emergency,Yes,Under Treatment
P107782,H031,Cardiology,2025-07-07,2025-07-17,Outpatient,Yes,Under Treatment
P107783,H090,Dermatology,2026-04-18,2026-04-21,Day Care,Yes,Transferred
P107784,H046,Dermatology,2026-01-03,2026-01-12,Outpatient,No,Recovered
P107785,H094,Neurology,2026-04-08,2026-04-12,Day Care,Yes,Transferred
P107786,H040,Orthopedics,2025-12-25,2025-12-28,Day Care,No,Transferred
P107787,H091,Dermatology,2025-06-09,2025-06-11,Outpatient,Yes,Recovered
P107788,H050,Neurology,2025-11-30,2025-12-10,Day Care,No,Under Treatment
P107789,H012,Pediatrics,2025-02-10,2025-02-19,Emergency,No,Transferred
P107790,H056,Pediatrics,2025-06-07,2025-06-12,Outpatient,No,Recovered
P107791,H084,Radiology,2025-07-08,2025-07-10,Outpatient,Yes,Under Treatment
P107792,H045,Cardiology,2025-10-22,2025-10-25,Outpatient,Yes,Transferred
P107793,H043,Oncology,2025-08-22,2025-08-22,Outpatient,No,Recovered
P107794,H064,Oncology,2026-03-19,2026-03-20,Emergency,Yes,Recovered
P107795,H073,Neurology,2025-09-05,2025-09-14,Inpatient,Yes,Under Treatment
P107796,H082,Dermatology,2025-01-29,2025-02-04,Day Care,No,Transferred
P107797,H023,Radiology,2025-01-22,2025-01-28,Outpatient,Yes,Under Treatment
P107798,H072,Radiology,2025-12-15,2025-12-25,Inpatient,No,Recovered
P107799,H006,Orthopedics,2025-01-24,2025-01-25,Emergency,No,Under Treatment
P107800,H087,Cardiology,2025-07-06,2025-07-07,Emergency,Yes,Recovered
P107801,H089,General Medicine,2025-10-17,2025-10-27,Outpatient,Yes,Transferred
P107802,H011,ICU,2025-06-30,2025-07-08,Emergency,Yes,Transferred
P107803,H026,Neurology,2025-12-12,2025-12-19,Emergency,No,Recovered
P107804,H086,ICU,2026-03-17,2026-03-26,Inpatient,No,Transferred
P107805,H040,Neurology,2025-08-14,2025-08-19,Inpatient,No,Transferred
P107806,H047,General Medicine,2025-05-21,2025-05-28,Emergency,Yes,Transferred
P107807,H017,Orthopedics,2025-01-06,2025-01-08,Inpatient,Yes,Under Treatment
P107808,H074,Dermatology,2025-12-14,2025-12-14,Day Care,No,Transferred
P107809,H013,Oncology,2025-03-29,2025-04-04,Emergency,No,Transferred
P107810,H010,Orthopedics,2026-04-27,2026-04-29,Inpatient,No,Under Treatment
P107811,H004,Cardiology,2025-04-05,2025-04-13,Emergency,No,Under Treatment
P107812,H065,Orthopedics,2026-02-26,2026-03-01,Outpatient,Yes,Under Treatment
P107813,H044,Neurology,2026-04-18,2026-04-24,Inpatient,Yes,Under Treatment
P107814,H001,Emergency,2026-03-27,2026-03-30,Outpatient,No,Recovered
P107815,H095,Radiology,2026-04-30,2026-05-06,Day Care,No,Transferred
P107816,H012,Oncology,2025-04-18,2025-04-22,Outpatient,Yes,Recovered
P107817,H081,Dermatology,2025-08-19,2025-08-27,Inpatient,Yes,Under Treatment
P107818,H096,Pediatrics,2025-07-03,2025-07-07,Emergency,Yes,Under Treatment
P107819,H088,Radiology,2025-04-28,2025-05-04,Inpatient,Yes,Under Treatment
P107820,H054,Neurology,2025-04-02,2025-04-08,Outpatient,Yes,Recovered
P107821,H048,Cardiology,2025-05-14,2025-05-23,Outpatient,No,Transferred
P107822,H058,Radiology,2025-08-08,2025-08-11,Emergency,No,Recovered
P107823,H056,Orthopedics,2025-07-29,2025-07-29,Emergency,No,Recovered
P107824,H035,Neurology,2025-10-12,2025-10-21,Outpatient,Yes,Transferred
P107825,H009,Neurology,2025-02-15,2025-02-24,Day Care,Yes,Under Treatment
P107826,H089,Dermatology,2025-03-27,2025-04-04,Emergency,Yes,Transferred
P107827,H007,General Medicine,2026-02-10,2026-02-17,Day Care,Yes,Under Treatment
P107828,H058,Neurology,2025-11-10,2025-11-11,Inpatient,Yes,Recovered
P107829,H065,Dermatology,2025-03-25,2025-04-02,Inpatient,No,Under Treatment
P107830,H066,Pediatrics,2026-05-14,2026-05-15,Day Care,Yes,Recovered
P107831,H092,Orthopedics,2026-03-14,2026-03-24,Emergency,No,Recovered
P107832,H075,Dermatology,2025-02-26,2025-03-05,Outpatient,Yes,Recovered
P107833,H054,Dermatology,2025-08-23,2025-08-27,Day Care,Yes,Transferred
P107834,H095,Dermatology,2025-10-10,2025-10-18,Day Care,No,Under Treatment
P107835,H079,Cardiology,2026-03-18,2026-03-27,Inpatient,Yes,Transferred
P107836,H087,Dermatology,2025-11-17,2025-11-17,Day Care,No,Transferred
P107837,H091,ICU,2025-04-16,2025-04-19,Day Care,Yes,Under Treatment
P107838,H032,Cardiology,2025-02-17,2025-02-26,Day Care,No,Transferred
P107839,H024,Pediatrics,2026-03-14,2026-03-20,Day Care,No,Under Treatment
P107840,H100,Oncology,2025-09-29,2025-10-07,Emergency,Yes,Under Treatment
P107841,H013,Oncology,2025-04-02,2025-04-12,Day Care,Yes,Under Treatment
P107842,H036,General Medicine,2025-02-27,2025-03-04,Outpatient,Yes,Recovered
P107843,H067,Cardiology,2025-03-31,2025-04-02,Emergency,Yes,Transferred
P107844,H046,Cardiology,2025-11-11,2025-11-15,Outpatient,Yes,Recovered
P107845,H043,Cardiology,2025-06-22,2025-06-29,Emergency,No,Transferred
P107846,H043,Cardiology,2025-12-16,2025-12-16,Day Care,Yes,Under Treatment
P107847,H009,General Medicine,2025-10-10,2025-10-10,Outpatient,No,Transferred
P107848,H003,ICU,2025-08-23,2025-08-30,Day Care,Yes,Transferred
P107849,H042,Pediatrics,2025-11-09,2025-11-15,Inpatient,Yes,Transferred
P107850,H041,Dermatology,2026-02-20,2026-02-28,Outpatient,No,Recovered
P107851,H046,General Medicine,2025-10-13,2025-10-20,Emergency,Yes,Recovered
P107852,H025,ICU,2025-12-19,2025-12-25,Emergency,No,Under Treatment
P107853,H038,General Medicine,2025-10-03,2025-10-07,Day Care,No,Transferred
P107854,H048,Pediatrics,2025-02-19,2025-02-22,Outpatient,No,Recovered
P107855,H038,Dermatology,2026-03-04,2026-03-08,Outpatient,No,Recovered
P107856,H080,Orthopedics,2025-05-08,2025-05-08,Emergency,No,Recovered
P107857,H089,Neurology,2026-04-06,2026-04-11,Outpatient,No,Recovered
P107858,H063,Radiology,2025-04-18,2025-04-26,Outpatient,Yes,Recovered
P107859,H091,Oncology,2026-03-10,2026-03-14,Inpatient,No,Transferred
P107860,H046,ICU,2026-03-23,2026-03-31,Inpatient,Yes,Under Treatment
P107861,H068,ICU,2025-12-25,2026-01-02,Day Care,Yes,Under Treatment
P107862,H002,Cardiology,2025-01-08,2025-01-08,Outpatient,Yes,Under Treatment
P107863,H037,Neurology,2025-05-27,2025-05-30,Outpatient,Yes,Transferred
P107864,H028,ICU,2025-06-30,2025-07-10,Day Care,No,Transferred
P107865,H014,Pediatrics,2026-01-15,2026-01-17,Inpatient,Yes,Recovered
P107866,H070,Emergency,2025-04-27,2025-05-04,Inpatient,No,Transferred
P107867,H002,Dermatology,2025-12-26,2025-12-29,Day Care,No,Transferred
P107868,H096,General Medicine,2025-12-14,2025-12-18,Emergency,No,Transferred
P107869,H075,Pediatrics,2025-02-11,2025-02-16,Day Care,No,Under Treatment
P107870,H054,ICU,2025-02-25,2025-02-26,Inpatient,No,Recovered
P107871,H014,General Medicine,2026-02-01,2026-02-02,Outpatient,No,Recovered
P107872,H049,Dermatology,2025-05-24,2025-05-29,Emergency,No,Under Treatment
P107873,H036,General Medicine,2025-02-19,2025-02-21,Emergency,No,Recovered
P107874,H018,Orthopedics,2025-03-26,2025-04-05,Inpatient,No,Transferred
P107875,H086,ICU,2025-05-30,2025-06-05,Outpatient,No,Under Treatment
P107876,H028,Pediatrics,2025-08-19,2025-08-21,Inpatient,No,Recovered
P107877,H068,Pediatrics,2025-03-17,2025-03-18,Emergency,No,Recovered
P107878,H007,Cardiology,2025-11-03,2025-11-10,Outpatient,No,Recovered
P107879,H002,Cardiology,2025-01-19,2025-01-25,Outpatient,Yes,Recovered
P107880,H072,General Medicine,2025-08-29,2025-08-29,Inpatient,Yes,Transferred
P107881,H076,Cardiology,2025-02-12,2025-02-15,Inpatient,No,Recovered
P107882,H036,ICU,2025-03-13,2025-03-13,Emergency,No,Recovered
P107883,H070,Radiology,2025-11-19,2025-11-29,Emergency,Yes,Under Treatment
P107884,H046,Neurology,2025-11-14,2025-11-19,Emergency,No,Transferred
P107885,H050,General Medicine,2025-05-16,2025-05-23,Outpatient,Yes,Transferred
P107886,H045,Cardiology,2026-04-03,2026-04-12,Day Care,Yes,Recovered
P107887,H040,Orthopedics,2025-09-20,2025-09-30,Outpatient,Yes,Recovered
P107888,H023,Radiology,2026-02-13,2026-02-17,Day Care,No,Under Treatment
P107889,H020,Cardiology,2026-01-17,2026-01-20,Outpatient,No,Under Treatment
P107890,H095,Orthopedics,2025-09-24,2025-10-03,Inpatient,Yes,Under Treatment
P107891,H087,General Medicine,2026-02-19,2026-02-21,Day Care,No,Under Treatment
P107892,H060,Orthopedics,2025-03-26,2025-03-30,Day Care,Yes,Recovered
P107893,H085,Dermatology,2025-05-08,2025-05-08,Emergency,No,Under Treatment
P107894,H060,Cardiology,2025-10-23,2025-10-27,Emergency,Yes,Recovered
P107895,H042,Emergency,2026-02-20,2026-02-26,Inpatient,No,Transferred
P107896,H053,General Medicine,2025-05-28,2025-05-30,Outpatient,Yes,Recovered
P107897,H099,Neurology,2025-07-11,2025-07-15,Outpatient,Yes,Transferred
P107898,H060,Cardiology,2025-06-11,2025-06-13,Emergency,Yes,Transferred
P107899,H043,Orthopedics,2025-12-20,2025-12-29,Outpatient,No,Under Treatment
P107900,H050,Emergency,2025-03-19,2025-03-20,Inpatient,No,Recovered
P107901,H085,Emergency,2025-11-26,2025-11-29,Outpatient,Yes,Transferred
P107902,H099,Emergency,2025-12-17,2025-12-24,Emergency,No,Recovered
P107903,H062,Pediatrics,2026-04-23,2026-05-01,Outpatient,No,Transferred
P107904,H065,Emergency,2025-05-29,2025-06-03,Day Care,Yes,Under Treatment
P107905,H040,Cardiology,2025-05-06,2025-05-14,Day Care,Yes,Recovered
P107906,H060,Orthopedics,2025-02-22,2025-02-22,Outpatient,No,Under Treatment
P107907,H100,General Medicine,2025-11-07,2025-11-11,Emergency,Yes,Transferred
P107908,H061,ICU,2026-03-29,2026-04-03,Inpatient,No,Transferred
P107909,H055,General Medicine,2026-02-23,2026-02-28,Outpatient,No,Transferred
P107910,H027,Pediatrics,2025-07-19,2025-07-26,Emergency,Yes,Recovered
P107911,H024,Orthopedics,2025-06-26,2025-07-05,Day Care,Yes,Transferred
P107912,H051,Neurology,2025-06-04,2025-06-11,Day Care,No,Under Treatment
P107913,H019,Pediatrics,2025-10-21,2025-10-29,Outpatient,No,Transferred
P107914,H062,ICU,2025-04-18,2025-04-27,Outpatient,Yes,Recovered
P107915,H093,Cardiology,2025-04-20,2025-04-30,Emergency,No,Transferred
P107916,H035,Radiology,2026-02-09,2026-02-18,Inpatient,Yes,Under Treatment
P107917,H038,Orthopedics,2025-05-23,2025-06-02,Day Care,No,Transferred
P107918,H081,Pediatrics,2025-01-20,2025-01-20,Inpatient,No,Transferred
P107919,H013,Oncology,2025-02-24,2025-03-04,Emergency,No,Transferred
P107920,H068,Radiology,2025-01-06,2025-01-16,Day Care,Yes,Transferred
P107921,H071,General Medicine,2025-10-21,2025-10-27,Inpatient,No,Recovered
P107922,H020,Emergency,2025-03-06,2025-03-15,Day Care,Yes,Under Treatment
P107923,H029,Pediatrics,2025-11-24,2025-11-24,Inpatient,Yes,Transferred
P107924,H052,Orthopedics,2026-04-28,2026-05-01,Emergency,Yes,Transferred
P107925,H045,Cardiology,2025-11-06,2025-11-10,Outpatient,Yes,Recovered
P107926,H050,Cardiology,2025-05-21,2025-05-29,Day Care,Yes,Transferred
P107927,H062,Orthopedics,2025-05-03,2025-05-07,Day Care,No,Transferred
P107928,H052,Dermatology,2026-03-02,2026-03-02,Inpatient,No,Transferred
P107929,H071,ICU,2026-05-11,2026-05-20,Inpatient,Yes,Recovered
P107930,H051,Dermatology,2025-08-05,2025-08-11,Outpatient,No,Under Treatment
P107931,H002,Dermatology,2025-04-13,2025-04-23,Outpatient,Yes,Recovered
P107932,H057,Emergency,2025-07-26,2025-07-27,Outpatient,Yes,Transferred
P107933,H058,General Medicine,2025-09-10,2025-09-14,Day Care,Yes,Under Treatment
P107934,H068,Radiology,2025-03-13,2025-03-15,Emergency,No,Under Treatment
P107935,H044,General Medicine,2026-04-02,2026-04-06,Outpatient,Yes,Under Treatment
P107936,H093,Orthopedics,2025-04-14,2025-04-20,Emergency,No,Transferred
P107937,H086,ICU,2026-03-17,2026-03-21,Outpatient,Yes,Recovered
P107938,H041,Emergency,2025-07-15,2025-07-23,Emergency,No,Transferred
P107939,H013,Orthopedics,2026-03-26,2026-04-05,Day Care,No,Recovered
P107940,H038,General Medicine,2025-04-25,2025-04-25,Outpatient,No,Transferred
P107941,H073,Radiology,2025-06-10,2025-06-15,Outpatient,No,Recovered
P107942,H019,Neurology,2025-04-09,2025-04-11,Inpatient,No,Recovered
P107943,H028,Radiology,2025-03-30,2025-04-01,Inpatient,No,Transferred
P107944,H060,Neurology,2025-06-19,2025-06-25,Emergency,No,Transferred
P107945,H081,Emergency,2025-05-24,2025-05-30,Outpatient,Yes,Under Treatment
P107946,H080,General Medicine,2026-02-09,2026-02-11,Inpatient,Yes,Transferred
P107947,H065,Emergency,2025-04-27,2025-05-07,Day Care,No,Recovered
P107948,H066,Cardiology,2025-09-23,2025-09-27,Day Care,No,Transferred
P107949,H083,Cardiology,2025-02-15,2025-02-22,Outpatient,No,Recovered
P107950,H058,Cardiology,2025-12-23,2025-12-25,Day Care,Yes,Under Treatment
P107951,H012,Neurology,2025-05-05,2025-05-12,Emergency,No,Under Treatment
P107952,H052,Oncology,2025-12-15,2025-12-17,Emergency,Yes,Recovered
P107953,H096,Pediatrics,2025-06-06,2025-06-15,Emergency,No,Transferred
P107954,H058,Oncology,2025-02-26,2025-03-08,Day Care,Yes,Transferred
P107955,H007,Emergency,2026-02-11,2026-02-12,Emergency,Yes,Under Treatment
P107956,H014,Dermatology,2025-09-09,2025-09-11,Emergency,No,Transferred
P107957,H060,Neurology,2026-01-20,2026-01-20,Day Care,Yes,Transferred
P107958,H008,General Medicine,2026-04-30,2026-05-09,Outpatient,Yes,Transferred
P107959,H066,Dermatology,2025-01-10,2025-01-17,Inpatient,Yes,Transferred
P107960,H007,Pediatrics,2025-12-21,2025-12-31,Emergency,No,Transferred
P107961,H033,Oncology,2025-02-16,2025-02-16,Outpatient,Yes,Under Treatment
P107962,H087,Neurology,2025-01-15,2025-01-17,Day Care,Yes,Under Treatment
P107963,H049,Oncology,2025-11-11,2025-11-20,Outpatient,No,Recovered
P107964,H096,Emergency,2025-10-19,2025-10-29,Outpatient,Yes,Recovered
P107965,H024,General Medicine,2025-06-09,2025-06-13,Outpatient,Yes,Under Treatment
P107966,H031,Orthopedics,2025-01-22,2025-01-26,Day Care,Yes,Recovered
P107967,H097,Orthopedics,2025-05-24,2025-05-27,Outpatient,No,Recovered
P107968,H053,Pediatrics,2025-08-30,2025-09-05,Outpatient,No,Recovered
P107969,H097,Oncology,2025-01-26,2025-01-30,Outpatient,No,Transferred
P107970,H009,Orthopedics,2025-01-12,2025-01-16,Day Care,Yes,Transferred
P107971,H055,Dermatology,2025-08-14,2025-08-14,Outpatient,Yes,Under Treatment
P107972,H039,Pediatrics,2025-06-23,2025-06-27,Inpatient,Yes,Recovered
P107973,H062,Orthopedics,2025-12-09,2025-12-12,Day Care,Yes,Under Treatment
P107974,H069,Orthopedics,2025-02-07,2025-02-17,Inpatient,Yes,Under Treatment
P107975,H033,Orthopedics,2025-10-12,2025-10-21,Day Care,Yes,Transferred
P107976,H029,General Medicine,2025-02-28,2025-03-05,Outpatient,Yes,Under Treatment
P107977,H067,General Medicine,2025-03-24,2025-03-24,Emergency,No,Transferred
P107978,H051,Emergency,2025-09-14,2025-09-14,Inpatient,Yes,Transferred
P107979,H100,General Medicine,2025-05-12,2025-05-18,Emergency,No,Recovered
P107980,H008,Oncology,2025-11-15,2025-11-17,Outpatient,No,Transferred
P107981,H033,Neurology,2025-10-23,2025-11-01,Inpatient,Yes,Under Treatment
P107982,H008,General Medicine,2025-08-15,2025-08-23,Inpatient,Yes,Transferred
P107983,H087,Neurology,2025-07-23,2025-07-23,Day Care,Yes,Under Treatment
P107984,H006,ICU,2025-03-02,2025-03-03,Emergency,No,Recovered
P107985,H060,General Medicine,2025-04-15,2025-04-21,Inpatient,No,Under Treatment
P107986,H042,Dermatology,2026-04-03,2026-04-10,Outpatient,Yes,Transferred
P107987,H014,Orthopedics,2025-09-02,2025-09-06,Outpatient,No,Under Treatment
P107988,H059,Neurology,2025-05-20,2025-05-28,Outpatient,Yes,Transferred
P107989,H096,Cardiology,2026-03-19,2026-03-23,Emergency,No,Under Treatment
P107990,H053,Oncology,2026-04-22,2026-04-29,Outpatient,No,Under Treatment
P107991,H011,Dermatology,2025-09-04,2025-09-11,Inpatient,Yes,Recovered
P107992,H017,Radiology,2025-03-14,2025-03-21,Inpatient,Yes,Transferred
P107993,H063,Dermatology,2026-02-11,2026-02-16,Inpatient,No,Under Treatment
P107994,H064,Neurology,2026-02-22,2026-02-24,Emergency,Yes,Recovered
P107995,H005,Cardiology,2025-08-22,2025-08-31,Inpatient,No,Transferred
P107996,H050,Oncology,2025-08-16,2025-08-22,Emergency,No,Recovered
P107997,H072,Neurology,2025-02-23,2025-02-28,Emergency,No,Transferred
P107998,H058,Orthopedics,2025-02-20,2025-02-20,Inpatient,Yes,Under Treatment
P107999,H055,Orthopedics,2025-01-09,2025-01-19,Day Care,No,Recovered
P108000,H077,General Medicine,2026-03-18,2026-03-25,Inpatient,Yes,Under Treatment
P108001,H065,General Medicine,2026-01-04,2026-01-08,Day Care,No,Recovered
P108002,H043,Pediatrics,2025-04-10,2025-04-11,Emergency,Yes,Transferred
P108003,H066,Dermatology,2025-05-31,2025-06-06,Emergency,Yes,Transferred
P108004,H064,Emergency,2025-02-27,2025-03-09,Day Care,Yes,Recovered
P108005,H053,Orthopedics,2026-04-21,2026-04-28,Emergency,Yes,Recovered
P108006,H080,Orthopedics,2026-01-16,2026-01-18,Inpatient,Yes,Under Treatment
P108007,H090,Pediatrics,2025-06-30,2025-07-10,Outpatient,No,Transferred
P108008,H044,Neurology,2025-03-08,2025-03-13,Emergency,Yes,Transferred
P108009,H090,Pediatrics,2026-04-30,2026-05-04,Emergency,Yes,Recovered
P108010,H038,Radiology,2025-10-10,2025-10-15,Outpatient,Yes,Recovered
P108011,H002,Dermatology,2025-12-09,2025-12-11,Day Care,No,Transferred
P108012,H078,Radiology,2025-07-18,2025-07-18,Inpatient,Yes,Recovered
P108013,H039,Oncology,2026-01-26,2026-01-30,Day Care,Yes,Under Treatment
P108014,H004,Orthopedics,2025-01-06,2025-01-13,Emergency,No,Under Treatment
P108015,H013,Pediatrics,2026-02-07,2026-02-16,Day Care,Yes,Recovered
P108016,H024,Dermatology,2026-01-29,2026-01-30,Day Care,No,Recovered
P108017,H008,Cardiology,2026-01-12,2026-01-21,Inpatient,No,Under Treatment
P108018,H078,Cardiology,2025-08-22,2025-09-01,Day Care,No,Transferred
P108019,H003,Pediatrics,2025-03-21,2025-03-27,Emergency,No,Recovered
P108020,H048,Oncology,2025-09-18,2025-09-18,Day Care,No,Transferred
P108021,H081,Cardiology,2025-01-21,2025-01-23,Inpatient,No,Transferred
P108022,H023,Emergency,2025-08-02,2025-08-06,Emergency,No,Transferred
P108023,H020,ICU,2026-03-22,2026-03-26,Outpatient,Yes,Transferred
P108024,H046,Cardiology,2026-05-05,2026-05-11,Outpatient,Yes,Transferred
P108025,H033,Neurology,2026-04-19,2026-04-25,Day Care,Yes,Under Treatment
P108026,H038,Dermatology,2026-04-19,2026-04-23,Emergency,Yes,Transferred
P108027,H083,Orthopedics,2025-11-18,2025-11-23,Day Care,Yes,Recovered
P108028,H030,Oncology,2025-11-03,2025-11-04,Day Care,Yes,Under Treatment
P108029,H100,General Medicine,2026-01-26,2026-02-02,Emergency,Yes,Under Treatment
P108030,H068,Oncology,2026-03-17,2026-03-22,Inpatient,No,Recovered
P108031,H076,General Medicine,2025-06-15,2025-06-25,Outpatient,Yes,Under Treatment
P108032,H018,Dermatology,2026-05-09,2026-05-16,Emergency,Yes,Recovered
P108033,H076,Neurology,2025-01-01,2025-01-07,Day Care,No,Recovered
P108034,H053,Pediatrics,2025-10-23,2025-10-29,Day Care,No,Recovered
P108035,H011,ICU,2026-05-03,2026-05-12,Day Care,Yes,Recovered
P108036,H040,Cardiology,2026-03-19,2026-03-27,Outpatient,Yes,Under Treatment
P108037,H011,Emergency,2025-03-02,2025-03-07,Inpatient,No,Recovered
P108038,H099,Dermatology,2025-05-21,2025-05-28,Emergency,Yes,Under Treatment
P108039,H067,Neurology,2025-01-21,2025-01-21,Day Care,Yes,Under Treatment
P108040,H030,Dermatology,2026-01-09,2026-01-18,Outpatient,Yes,Recovered
P108041,H022,Radiology,2025-09-03,2025-09-09,Inpatient,Yes,Recovered
P108042,H034,Emergency,2025-12-17,2025-12-18,Emergency,No,Transferred
P108043,H097,Dermatology,2025-05-21,2025-05-26,Inpatient,Yes,Recovered
P108044,H035,Emergency,2025-07-13,2025-07-13,Day Care,Yes,Transferred
P108045,H061,Neurology,2025-04-16,2025-04-17,Outpatient,Yes,Transferred
P108046,H026,Radiology,2025-08-10,2025-08-13,Outpatient,No,Transferred
P108047,H095,Emergency,2026-01-20,2026-01-23,Day Care,Yes,Under Treatment
P108048,H096,ICU,2026-01-10,2026-01-19,Outpatient,No,Transferred
P108049,H059,ICU,2026-04-01,2026-04-01,Outpatient,Yes,Transferred
P108050,H011,Cardiology,2025-04-24,2025-04-24,Inpatient,No,Transferred
P108051,H057,Orthopedics,2025-01-25,2025-01-25,Inpatient,No,Recovered
P108052,H019,Radiology,2025-03-30,2025-04-02,Emergency,Yes,Under Treatment
P108053,H095,Cardiology,2025-04-16,2025-04-16,Emergency,Yes,Recovered
P108054,H037,Radiology,2026-02-18,2026-02-22,Inpatient,Yes,Transferred
P108055,H044,Pediatrics,2025-05-01,2025-05-07,Emergency,No,Recovered
P108056,H052,Dermatology,2026-04-29,2026-05-08,Emergency,No,Recovered
P108057,H072,Emergency,2025-08-28,2025-08-31,Day Care,No,Under Treatment
P108058,H071,Dermatology,2026-02-14,2026-02-19,Day Care,Yes,Under Treatment
P108059,H024,Pediatrics,2025-09-13,2025-09-17,Inpatient,Yes,Recovered
P108060,H008,Pediatrics,2025-04-03,2025-04-05,Inpatient,Yes,Recovered
P108061,H044,General Medicine,2025-07-10,2025-07-13,Day Care,No,Transferred
P108062,H033,Emergency,2025-06-19,2025-06-28,Outpatient,No,Transferred
P108063,H031,Dermatology,2025-08-13,2025-08-19,Emergency,Yes,Recovered
P108064,H086,Emergency,2026-03-20,2026-03-24,Inpatient,No,Transferred
P108065,H098,Emergency,2025-10-17,2025-10-24,Inpatient,Yes,Transferred
P108066,H088,Neurology,2025-02-23,2025-02-27,Outpatient,Yes,Under Treatment
P108067,H077,Emergency,2025-12-01,2025-12-02,Emergency,Yes,Transferred
P108068,H028,Dermatology,2026-02-20,2026-03-02,Outpatient,No,Recovered
P108069,H098,Pediatrics,2025-03-19,2025-03-25,Outpatient,Yes,Recovered
P108070,H047,Radiology,2026-03-05,2026-03-12,Emergency,Yes,Under Treatment
P108071,H094,Cardiology,2025-06-16,2025-06-26,Day Care,Yes,Recovered
P108072,H083,Radiology,2025-02-04,2025-02-07,Inpatient,No,Transferred
P108073,H065,Emergency,2025-10-07,2025-10-11,Inpatient,Yes,Under Treatment
P108074,H025,Oncology,2025-02-26,2025-03-08,Inpatient,Yes,Recovered
P108075,H055,Dermatology,2025-11-28,2025-12-05,Outpatient,Yes,Transferred
P108076,H095,Neurology,2026-03-05,2026-03-14,Inpatient,Yes,Under Treatment
P108077,H048,ICU,2026-04-05,2026-04-07,Emergency,No,Transferred
P108078,H077,General Medicine,2026-01-19,2026-01-26,Day Care,No,Transferred
P108079,H097,General Medicine,2025-09-21,2025-09-26,Emergency,No,Recovered
P108080,H010,Emergency,2025-02-05,2025-02-12,Inpatient,No,Under Treatment
P108081,H067,Dermatology,2025-06-30,2025-07-03,Day Care,No,Transferred
P108082,H046,Radiology,2025-08-18,2025-08-24,Outpatient,Yes,Recovered
P108083,H048,Cardiology,2025-04-07,2025-04-07,Emergency,Yes,Recovered
P108084,H008,Cardiology,2025-02-09,2025-02-09,Outpatient,No,Recovered
P108085,H023,ICU,2025-10-02,2025-10-03,Outpatient,No,Recovered
P108086,H088,Emergency,2025-02-21,2025-02-28,Day Care,No,Recovered
P108087,H031,Neurology,2025-01-31,2025-02-10,Day Care,Yes,Under Treatment
P108088,H038,Oncology,2025-09-19,2025-09-22,Inpatient,Yes,Recovered
P108089,H046,Pediatrics,2025-05-27,2025-06-04,Outpatient,Yes,Transferred
P108090,H023,Neurology,2025-08-25,2025-08-28,Outpatient,Yes,Recovered
P108091,H005,Oncology,2026-04-01,2026-04-06,Inpatient,No,Transferred
P108092,H073,Orthopedics,2025-05-31,2025-06-01,Inpatient,No,Recovered
P108093,H096,Emergency,2025-09-25,2025-09-29,Day Care,Yes,Transferred
P108094,H034,Radiology,2026-01-25,2026-02-03,Inpatient,No,Transferred
P108095,H024,ICU,2026-03-10,2026-03-12,Inpatient,Yes,Recovered
P108096,H073,Emergency,2026-03-13,2026-03-23,Emergency,Yes,Recovered
P108097,H046,General Medicine,2025-03-01,2025-03-09,Inpatient,Yes,Transferred
P108098,H049,Pediatrics,2025-09-12,2025-09-13,Day Care,No,Transferred
P108099,H007,ICU,2026-04-29,2026-05-08,Inpatient,No,Under Treatment
P108100,H099,Dermatology,2025-09-20,2025-09-30,Day Care,Yes,Transferred
P108101,H084,ICU,2026-04-04,2026-04-09,Outpatient,Yes,Under Treatment
P108102,H030,Orthopedics,2026-04-21,2026-04-28,Emergency,Yes,Transferred
P108103,H026,Orthopedics,2025-05-26,2025-05-28,Outpatient,Yes,Recovered
P108104,H007,Oncology,2025-10-29,2025-10-29,Day Care,No,Recovered
P108105,H008,General Medicine,2026-02-02,2026-02-07,Inpatient,Yes,Recovered
P108106,H086,Cardiology,2025-02-24,2025-03-04,Day Care,Yes,Recovered
P108107,H021,General Medicine,2025-06-01,2025-06-02,Emergency,No,Recovered
P108108,H098,General Medicine,2025-03-04,2025-03-05,Day Care,Yes,Transferred
P108109,H080,Dermatology,2025-03-28,2025-04-04,Day Care,No,Recovered
P108110,H051,Pediatrics,2025-10-19,2025-10-23,Inpatient,Yes,Transferred
P108111,H075,ICU,2025-07-16,2025-07-19,Outpatient,No,Under Treatment
P108112,H015,Pediatrics,2025-06-03,2025-06-04,Inpatient,No,Transferred
P108113,H047,Dermatology,2025-05-03,2025-05-03,Inpatient,No,Recovered
P108114,H093,Emergency,2025-05-03,2025-05-11,Emergency,No,Recovered
P108115,H067,Dermatology,2026-04-19,2026-04-29,Day Care,Yes,Under Treatment
P108116,H028,Pediatrics,2026-02-04,2026-02-12,Inpatient,No,Recovered
P108117,H052,Radiology,2025-08-08,2025-08-12,Emergency,Yes,Transferred
P108118,H069,Oncology,2025-05-17,2025-05-17,Day Care,No,Transferred
P108119,H060,Radiology,2026-02-07,2026-02-11,Day Care,Yes,Under Treatment
P108120,H095,Pediatrics,2026-02-20,2026-02-22,Outpatient,No,Under Treatment
P108121,H021,Pediatrics,2025-05-13,2025-05-22,Inpatient,Yes,Under Treatment
P108122,H072,Orthopedics,2025-07-14,2025-07-16,Outpatient,Yes,Under Treatment
P108123,H014,Emergency,2025-07-24,2025-07-29,Emergency,No,Under Treatment
P108124,H059,ICU,2025-09-04,2025-09-07,Emergency,No,Recovered
P108125,H073,Orthopedics,2025-09-09,2025-09-09,Emergency,Yes,Transferred
P108126,H013,Radiology,2026-01-28,2026-01-29,Day Care,Yes,Recovered
P108127,H018,Pediatrics,2025-11-08,2025-11-18,Inpatient,No,Under Treatment
P108128,H007,Radiology,2026-03-04,2026-03-04,Inpatient,Yes,Transferred
P108129,H087,Orthopedics,2025-12-14,2025-12-18,Emergency,No,Transferred
P108130,H071,ICU,2025-01-12,2025-01-18,Outpatient,Yes,Under Treatment
P108131,H045,General Medicine,2025-07-15,2025-07-17,Emergency,Yes,Recovered
P108132,H090,Emergency,2025-04-21,2025-04-22,Inpatient,No,Transferred
P108133,H091,Pediatrics,2025-08-11,2025-08-18,Day Care,No,Under Treatment
P108134,H066,Orthopedics,2025-11-05,2025-11-07,Emergency,Yes,Transferred
P108135,H041,Pediatrics,2025-03-27,2025-03-28,Outpatient,Yes,Recovered
P108136,H068,ICU,2025-05-04,2025-05-07,Outpatient,Yes,Recovered
P108137,H100,Dermatology,2025-03-29,2025-04-02,Emergency,Yes,Transferred
P108138,H040,Oncology,2025-07-20,2025-07-22,Day Care,Yes,Recovered
P108139,H049,Oncology,2026-05-10,2026-05-20,Outpatient,Yes,Transferred
P108140,H045,General Medicine,2026-01-06,2026-01-12,Inpatient,No,Under Treatment
P108141,H068,ICU,2026-01-14,2026-01-21,Day Care,No,Recovered
P108142,H088,General Medicine,2025-09-14,2025-09-18,Outpatient,No,Recovered
P108143,H011,Cardiology,2025-11-05,2025-11-15,Outpatient,No,Under Treatment
P108144,H067,Dermatology,2026-02-24,2026-03-01,Day Care,No,Under Treatment
P108145,H075,Orthopedics,2025-03-21,2025-03-28,Inpatient,Yes,Under Treatment
P108146,H071,Oncology,2026-03-20,2026-03-26,Inpatient,Yes,Transferred
P108147,H092,Pediatrics,2026-04-18,2026-04-18,Day Care,No,Transferred
P108148,H055,Orthopedics,2025-09-04,2025-09-13,Day Care,Yes,Recovered
P108149,H022,General Medicine,2025-08-10,2025-08-19,Outpatient,Yes,Recovered
P108150,H021,Cardiology,2025-09-13,2025-09-17,Outpatient,Yes,Transferred
P108151,H063,Radiology,2025-10-11,2025-10-20,Outpatient,No,Transferred
P108152,H081,Radiology,2025-09-08,2025-09-08,Day Care,No,Recovered
P108153,H055,General Medicine,2025-02-07,2025-02-14,Emergency,Yes,Transferred
P108154,H030,General Medicine,2025-06-16,2025-06-26,Emergency,Yes,Transferred
P108155,H041,Orthopedics,2026-04-24,2026-04-28,Inpatient,No,Recovered
P108156,H098,Neurology,2025-08-26,2025-09-02,Inpatient,No,Under Treatment
P108157,H009,Emergency,2026-02-22,2026-02-28,Inpatient,No,Transferred
P108158,H090,Orthopedics,2026-02-22,2026-02-22,Inpatient,No,Recovered
P108159,H013,Pediatrics,2025-11-22,2025-11-27,Inpatient,No,Transferred
P108160,H017,Oncology,2025-12-22,2025-12-24,Day Care,No,Under Treatment
P108161,H049,Neurology,2025-08-06,2025-08-09,Emergency,Yes,Recovered
P108162,H029,Orthopedics,2025-04-20,2025-04-21,Emergency,Yes,Recovered
P108163,H026,ICU,2025-06-02,2025-06-10,Inpatient,Yes,Transferred
P108164,H079,Oncology,2025-01-20,2025-01-29,Inpatient,No,Transferred
P108165,H060,General Medicine,2025-07-02,2025-07-05,Inpatient,No,Under Treatment
P108166,H059,Dermatology,2026-03-24,2026-03-28,Inpatient,Yes,Recovered
P108167,H030,Orthopedics,2026-04-24,2026-05-02,Outpatient,No,Under Treatment
P108168,H037,Neurology,2025-01-04,2025-01-13,Outpatient,No,Recovered
P108169,H069,Pediatrics,2025-09-28,2025-09-30,Inpatient,Yes,Under Treatment
P108170,H047,Oncology,2025-06-25,2025-06-29,Emergency,Yes,Transferred
P108171,H021,Oncology,2025-03-21,2025-03-31,Emergency,No,Under Treatment
P108172,H092,Cardiology,2026-01-16,2026-01-19,Emergency,No,Recovered
P108173,H084,General Medicine,2025-12-24,2025-12-26,Emergency,No,Transferred
P108174,H049,General Medicine,2025-04-17,2025-04-18,Outpatient,Yes,Recovered
P108175,H085,Emergency,2026-04-25,2026-05-01,Outpatient,Yes,Transferred
P108176,H088,Orthopedics,2026-02-04,2026-02-11,Day Care,Yes,Under Treatment
P108177,H038,Dermatology,2025-02-18,2025-02-18,Emergency,Yes,Transferred
P108178,H024,Neurology,2025-04-15,2025-04-17,Day Care,Yes,Transferred
P108179,H088,Radiology,2025-10-29,2025-11-01,Emergency,No,Under Treatment
P108180,H011,Pediatrics,2025-12-17,2025-12-22,Outpatient,Yes,Recovered
P108181,H003,Orthopedics,2025-04-04,2025-04-13,Outpatient,No,Recovered
P108182,H051,ICU,2026-03-13,2026-03-14,Inpatient,Yes,Recovered
P108183,H067,Orthopedics,2026-02-24,2026-02-26,Emergency,No,Under Treatment
P108184,H017,Pediatrics,2026-04-24,2026-04-28,Outpatient,No,Under Treatment
P108185,H076,Neurology,2025-10-17,2025-10-25,Emergency,No,Recovered
P108186,H056,Emergency,2025-09-01,2025-09-11,Emergency,No,Recovered
P108187,H053,Neurology,2025-04-03,2025-04-04,Outpatient,No,Recovered
P108188,H081,Neurology,2025-02-13,2025-02-20,Day Care,No,Under Treatment
P108189,H028,Pediatrics,2025-05-21,2025-05-28,Day Care,Yes,Under Treatment
P108190,H081,Radiology,2026-05-07,2026-05-17,Emergency,Yes,Under Treatment
P108191,H019,General Medicine,2025-08-27,2025-08-30,Day Care,Yes,Under Treatment
P108192,H057,Dermatology,2025-03-10,2025-03-20,Outpatient,Yes,Under Treatment
P108193,H016,Emergency,2026-02-09,2026-02-16,Day Care,No,Under Treatment
P108194,H017,Orthopedics,2026-03-08,2026-03-10,Emergency,Yes,Transferred
P108195,H019,Emergency,2025-07-22,2025-07-26,Emergency,No,Recovered
P108196,H083,Neurology,2025-02-10,2025-02-13,Outpatient,Yes,Transferred
P108197,H003,Orthopedics,2026-05-10,2026-05-11,Outpatient,No,Recovered
P108198,H018,Pediatrics,2025-09-27,2025-10-07,Emergency,Yes,Recovered
P108199,H059,Emergency,2025-12-06,2025-12-12,Day Care,No,Transferred
P108200,H004,General Medicine,2025-11-24,2025-11-30,Emergency,Yes,Recovered
P108201,H050,General Medicine,2026-01-15,2026-01-15,Outpatient,Yes,Under Treatment
P108202,H062,Neurology,2025-01-10,2025-01-15,Outpatient,Yes,Recovered
P108203,H094,Neurology,2025-07-18,2025-07-23,Outpatient,Yes,Under Treatment
P108204,H032,Neurology,2026-01-28,2026-01-30,Inpatient,No,Under Treatment
P108205,H076,Neurology,2025-04-21,2025-05-01,Emergency,Yes,Recovered
P108206,H098,Cardiology,2025-09-17,2025-09-25,Emergency,No,Transferred
P108207,H080,Pediatrics,2025-09-10,2025-09-10,Day Care,No,Recovered
P108208,H045,Cardiology,2025-01-08,2025-01-14,Day Care,Yes,Transferred
P108209,H029,Radiology,2025-06-18,2025-06-28,Outpatient,Yes,Under Treatment
P108210,H076,Cardiology,2025-08-01,2025-08-05,Inpatient,Yes,Under Treatment
P108211,H049,Radiology,2026-05-13,2026-05-23,Day Care,No,Transferred
P108212,H008,ICU,2025-04-09,2025-04-10,Emergency,Yes,Under Treatment
P108213,H049,Radiology,2025-10-31,2025-11-04,Emergency,Yes,Transferred
P108214,H066,Orthopedics,2025-05-24,2025-06-03,Outpatient,No,Recovered
P108215,H014,General Medicine,2025-01-06,2025-01-08,Inpatient,Yes,Recovered
P108216,H085,Dermatology,2025-03-17,2025-03-22,Day Care,No,Under Treatment
P108217,H050,Emergency,2025-02-18,2025-02-25,Emergency,No,Recovered
P108218,H072,Oncology,2025-01-24,2025-01-31,Outpatient,Yes,Recovered
P108219,H015,Oncology,2025-04-29,2025-05-08,Emergency,Yes,Recovered
P108220,H065,Dermatology,2025-10-17,2025-10-23,Inpatient,No,Under Treatment
P108221,H025,Emergency,2025-03-28,2025-04-04,Outpatient,Yes,Transferred
P108222,H070,Emergency,2025-01-23,2025-01-23,Day Care,No,Transferred
P108223,H025,Emergency,2025-07-08,2025-07-14,Day Care,Yes,Recovered
P108224,H038,Emergency,2025-10-01,2025-10-04,Outpatient,No,Recovered
P108225,H074,Neurology,2025-03-04,2025-03-05,Day Care,Yes,Under Treatment
P108226,H014,Pediatrics,2025-06-27,2025-06-30,Inpatient,No,Transferred
P108227,H034,Emergency,2025-02-18,2025-02-25,Emergency,Yes,Under Treatment
P108228,H006,ICU,2025-11-22,2025-11-29,Day Care,No,Under Treatment
P108229,H071,ICU,2026-04-25,2026-04-25,Inpatient,Yes,Transferred
P108230,H026,ICU,2026-01-18,2026-01-27,Inpatient,Yes,Transferred
P108231,H039,Cardiology,2026-02-04,2026-02-05,Outpatient,Yes,Transferred
P108232,H050,Oncology,2026-05-04,2026-05-08,Outpatient,No,Transferred
P108233,H097,General Medicine,2025-03-30,2025-03-30,Day Care,Yes,Transferred
P108234,H054,Neurology,2026-05-10,2026-05-17,Inpatient,No,Under Treatment
P108235,H074,Pediatrics,2025-07-16,2025-07-21,Outpatient,Yes,Transferred
P108236,H028,Oncology,2025-12-30,2026-01-06,Outpatient,Yes,Transferred
P108237,H011,Radiology,2026-03-08,2026-03-13,Day Care,No,Under Treatment
P108238,H054,Emergency,2025-07-25,2025-08-01,Inpatient,No,Recovered
P108239,H040,Neurology,2025-04-08,2025-04-18,Outpatient,No,Under Treatment
P108240,H033,ICU,2025-04-13,2025-04-20,Day Care,Yes,Transferred
P108241,H061,ICU,2025-06-13,2025-06-19,Outpatient,Yes,Under Treatment
P108242,H023,Emergency,2025-09-01,2025-09-06,Outpatient,No,Transferred
P108243,H079,Radiology,2026-01-24,2026-01-29,Day Care,Yes,Transferred
P108244,H037,Pediatrics,2025-11-05,2025-11-06,Outpatient,Yes,Recovered
P108245,H085,Orthopedics,2026-01-08,2026-01-11,Day Care,No,Under Treatment
P108246,H048,General Medicine,2025-08-18,2025-08-24,Day Care,No,Recovered
P108247,H015,Radiology,2026-03-28,2026-03-30,Inpatient,Yes,Recovered
P108248,H073,General Medicine,2025-04-15,2025-04-24,Day Care,Yes,Recovered
P108249,H056,ICU,2026-04-04,2026-04-11,Day Care,Yes,Under Treatment
P108250,H086,Emergency,2026-03-11,2026-03-18,Emergency,No,Under Treatment
P108251,H051,Neurology,2025-02-25,2025-03-05,Outpatient,Yes,Under Treatment
P108252,H001,ICU,2025-11-12,2025-11-19,Inpatient,No,Recovered
P108253,H066,Orthopedics,2025-07-10,2025-07-15,Outpatient,No,Transferred
P108254,H011,Oncology,2025-10-30,2025-11-04,Inpatient,Yes,Transferred
P108255,H033,Cardiology,2025-03-31,2025-04-05,Outpatient,Yes,Transferred
P108256,H046,Radiology,2025-10-25,2025-10-29,Day Care,No,Under Treatment
P108257,H065,Neurology,2026-03-29,2026-04-04,Outpatient,No,Recovered
P108258,H057,Orthopedics,2026-05-11,2026-05-20,Day Care,No,Recovered
P108259,H057,General Medicine,2026-04-15,2026-04-19,Emergency,No,Under Treatment
P108260,H027,Dermatology,2026-01-22,2026-01-26,Emergency,No,Transferred
P108261,H062,Orthopedics,2025-05-12,2025-05-15,Outpatient,No,Transferred
P108262,H033,General Medicine,2026-04-02,2026-04-06,Emergency,Yes,Recovered
P108263,H075,Cardiology,2026-03-10,2026-03-12,Day Care,No,Recovered
P108264,H054,Radiology,2026-05-05,2026-05-08,Day Care,Yes,Under Treatment
P108265,H038,Orthopedics,2025-10-21,2025-10-29,Day Care,Yes,Recovered
P108266,H038,Cardiology,2025-04-23,2025-04-26,Emergency,No,Under Treatment
P108267,H086,General Medicine,2025-03-14,2025-03-24,Emergency,Yes,Transferred
P108268,H047,ICU,2025-08-26,2025-08-27,Emergency,No,Recovered
P108269,H005,Orthopedics,2026-05-07,2026-05-16,Outpatient,No,Under Treatment
P108270,H070,Emergency,2025-05-12,2025-05-18,Day Care,No,Under Treatment
P108271,H070,ICU,2025-02-14,2025-02-17,Outpatient,Yes,Under Treatment
P108272,H081,Orthopedics,2025-08-24,2025-08-26,Day Care,Yes,Recovered
P108273,H060,Radiology,2025-04-07,2025-04-07,Emergency,No,Transferred
P108274,H090,Emergency,2025-11-04,2025-11-13,Inpatient,No,Recovered
P108275,H076,Cardiology,2025-07-02,2025-07-10,Inpatient,Yes,Recovered
P108276,H031,Radiology,2026-05-15,2026-05-24,Day Care,No,Recovered
P108277,H003,Neurology,2026-05-15,2026-05-15,Emergency,Yes,Recovered
P108278,H066,Dermatology,2026-01-17,2026-01-18,Outpatient,Yes,Under Treatment
P108279,H002,Dermatology,2025-01-09,2025-01-17,Outpatient,No,Under Treatment
P108280,H045,Dermatology,2026-04-10,2026-04-17,Inpatient,Yes,Under Treatment
P108281,H052,Emergency,2025-06-27,2025-07-07,Outpatient,No,Recovered
P108282,H059,Radiology,2025-06-10,2025-06-10,Inpatient,Yes,Under Treatment
P108283,H055,Emergency,2025-12-04,2025-12-11,Day Care,Yes,Transferred
P108284,H070,Oncology,2025-06-17,2025-06-17,Day Care,Yes,Transferred
P108285,H028,Oncology,2025-03-01,2025-03-11,Emergency,Yes,Transferred
P108286,H022,ICU,2025-03-18,2025-03-22,Inpatient,Yes,Transferred
P108287,H012,Oncology,2025-10-17,2025-10-26,Emergency,Yes,Transferred
P108288,H030,ICU,2025-04-28,2025-05-01,Emergency,No,Transferred
P108289,H040,Neurology,2025-05-06,2025-05-14,Emergency,Yes,Transferred
P108290,H084,Radiology,2025-05-17,2025-05-18,Inpatient,No,Recovered
P108291,H087,General Medicine,2026-02-15,2026-02-22,Day Care,Yes,Under Treatment
P108292,H023,Pediatrics,2025-09-28,2025-10-05,Day Care,No,Recovered
P108293,H021,Cardiology,2025-11-12,2025-11-12,Inpatient,No,Recovered
P108294,H079,Radiology,2025-10-07,2025-10-08,Emergency,No,Recovered
P108295,H086,General Medicine,2025-11-17,2025-11-22,Inpatient,No,Transferred
P108296,H025,Pediatrics,2025-10-31,2025-10-31,Outpatient,No,Recovered
P108297,H054,Orthopedics,2025-09-10,2025-09-20,Outpatient,No,Recovered
P108298,H050,General Medicine,2025-07-05,2025-07-09,Inpatient,No,Under Treatment
P108299,H033,Pediatrics,2025-12-25,2025-12-29,Emergency,No,Recovered
P108300,H058,Emergency,2025-02-16,2025-02-19,Outpatient,Yes,Recovered
P108301,H067,Dermatology,2025-05-13,2025-05-14,Outpatient,No,Under Treatment
P108302,H053,ICU,2026-01-11,2026-01-21,Outpatient,No,Transferred
P108303,H064,Pediatrics,2025-09-18,2025-09-26,Emergency,No,Under Treatment
P108304,H004,General Medicine,2025-03-12,2025-03-13,Day Care,No,Transferred
P108305,H017,Orthopedics,2025-12-05,2025-12-12,Inpatient,No,Under Treatment
P108306,H009,Neurology,2025-11-29,2025-11-30,Outpatient,No,Transferred
P108307,H009,Cardiology,2025-09-02,2025-09-02,Emergency,No,Under Treatment
P108308,H014,Pediatrics,2025-07-14,2025-07-16,Inpatient,Yes,Recovered
P108309,H071,Radiology,2025-12-13,2025-12-23,Day Care,Yes,Under Treatment
P108310,H096,Orthopedics,2025-01-03,2025-01-11,Emergency,Yes,Recovered
P108311,H006,Orthopedics,2025-11-20,2025-11-26,Emergency,Yes,Under Treatment
P108312,H016,ICU,2025-08-10,2025-08-15,Inpatient,No,Under Treatment
P108313,H008,Radiology,2025-10-26,2025-11-02,Day Care,No,Under Treatment
P108314,H065,ICU,2025-06-02,2025-06-07,Inpatient,Yes,Transferred
P108315,H006,Radiology,2025-11-28,2025-12-08,Emergency,Yes,Transferred
P108316,H086,Dermatology,2025-06-08,2025-06-18,Day Care,Yes,Transferred
P108317,H057,Oncology,2026-05-11,2026-05-16,Emergency,No,Under Treatment
P108318,H013,General Medicine,2025-04-23,2025-04-23,Day Care,Yes,Transferred
P108319,H045,Neurology,2026-03-14,2026-03-16,Day Care,No,Under Treatment
P108320,H043,Pediatrics,2025-05-30,2025-06-05,Outpatient,No,Transferred
P108321,H056,Emergency,2025-06-26,2025-07-02,Emergency,No,Under Treatment
P108322,H020,Pediatrics,2025-04-21,2025-04-21,Emergency,Yes,Recovered
P108323,H080,Oncology,2025-11-25,2025-12-02,Outpatient,Yes,Transferred
P108324,H029,Emergency,2025-09-25,2025-10-03,Day Care,Yes,Recovered
P108325,H014,Neurology,2025-06-23,2025-06-28,Day Care,Yes,Transferred
P108326,H027,Pediatrics,2025-05-14,2025-05-18,Emergency,No,Recovered
P108327,H089,Emergency,2026-03-05,2026-03-08,Day Care,Yes,Recovered
P108328,H042,Orthopedics,2025-03-23,2025-03-25,Emergency,Yes,Recovered
P108329,H039,General Medicine,2025-02-05,2025-02-08,Emergency,Yes,Under Treatment
P108330,H041,Oncology,2025-12-03,2025-12-11,Outpatient,No,Under Treatment
P108331,H025,Orthopedics,2026-05-11,2026-05-19,Outpatient,Yes,Transferred
P108332,H002,Oncology,2025-08-27,2025-08-29,Inpatient,Yes,Recovered
P108333,H059,General Medicine,2025-02-21,2025-02-27,Inpatient,Yes,Under Treatment
P108334,H088,Cardiology,2026-01-12,2026-01-21,Emergency,Yes,Transferred
P108335,H002,Orthopedics,2026-04-29,2026-05-08,Emergency,Yes,Recovered
P108336,H017,Orthopedics,2025-11-25,2025-11-26,Emergency,Yes,Under Treatment
P108337,H011,Pediatrics,2025-07-19,2025-07-24,Emergency,Yes,Transferred
P108338,H053,Orthopedics,2025-11-03,2025-11-12,Emergency,No,Recovered
P108339,H029,Neurology,2025-04-30,2025-05-02,Outpatient,Yes,Under Treatment
P108340,H017,Pediatrics,2025-01-10,2025-01-19,Emergency,Yes,Transferred
P108341,H031,Neurology,2025-07-18,2025-07-22,Inpatient,Yes,Under Treatment
P108342,H038,Pediatrics,2025-01-07,2025-01-11,Day Care,Yes,Transferred
P108343,H015,General Medicine,2025-07-26,2025-08-04,Day Care,No,Transferred
P108344,H056,Emergency,2025-05-30,2025-06-03,Emergency,Yes,Under Treatment
P108345,H007,General Medicine,2025-06-11,2025-06-18,Emergency,Yes,Under Treatment
P108346,H021,Pediatrics,2025-08-18,2025-08-24,Day Care,Yes,Under Treatment
P108347,H027,Dermatology,2025-12-11,2025-12-12,Emergency,Yes,Under Treatment
P108348,H083,Radiology,2025-07-16,2025-07-18,Emergency,No,Recovered
P108349,H056,Radiology,2025-08-30,2025-09-01,Day Care,Yes,Recovered
P108350,H077,Orthopedics,2025-07-30,2025-08-09,Emergency,No,Under Treatment
P108351,H028,Cardiology,2026-04-08,2026-04-18,Emergency,Yes,Transferred
P108352,H057,Orthopedics,2025-11-28,2025-11-28,Inpatient,Yes,Recovered
P108353,H077,Neurology,2025-04-11,2025-04-14,Day Care,No,Recovered
P108354,H075,Dermatology,2025-03-23,2025-03-27,Outpatient,Yes,Recovered
P108355,H094,Neurology,2025-01-04,2025-01-12,Day Care,No,Recovered
P108356,H037,Pediatrics,2026-01-02,2026-01-10,Emergency,No,Under Treatment
P108357,H091,Oncology,2025-12-07,2025-12-13,Outpatient,Yes,Under Treatment
P108358,H026,General Medicine,2025-09-09,2025-09-13,Day Care,Yes,Under Treatment
P108359,H074,Emergency,2025-01-16,2025-01-19,Inpatient,No,Under Treatment
P108360,H040,Orthopedics,2025-06-24,2025-06-30,Inpatient,No,Recovered
P108361,H098,Dermatology,2025-04-24,2025-05-02,Outpatient,Yes,Recovered
P108362,H041,Dermatology,2026-01-19,2026-01-21,Emergency,No,Recovered
P108363,H097,Neurology,2025-06-16,2025-06-25,Inpatient,No,Recovered
P108364,H068,ICU,2026-03-30,2026-04-09,Emergency,No,Under Treatment
P108365,H098,Dermatology,2025-06-09,2025-06-10,Inpatient,No,Transferred
P108366,H018,Dermatology,2026-01-20,2026-01-27,Inpatient,Yes,Recovered
P108367,H094,Oncology,2025-12-02,2025-12-08,Day Care,No,Under Treatment
P108368,H073,General Medicine,2025-11-30,2025-12-01,Outpatient,No,Transferred
P108369,H045,Dermatology,2025-11-03,2025-11-11,Outpatient,Yes,Under Treatment
P108370,H061,Neurology,2025-08-09,2025-08-19,Inpatient,No,Transferred
P108371,H050,General Medicine,2025-08-12,2025-08-17,Emergency,No,Transferred
P108372,H019,Dermatology,2025-11-06,2025-11-14,Inpatient,Yes,Transferred
P108373,H090,General Medicine,2025-12-27,2025-12-29,Day Care,Yes,Transferred
P108374,H028,Dermatology,2026-04-12,2026-04-15,Emergency,No,Recovered
P108375,H007,Dermatology,2026-01-01,2026-01-01,Outpatient,No,Transferred
P108376,H058,ICU,2025-06-15,2025-06-22,Outpatient,No,Under Treatment
P108377,H029,Emergency,2025-01-11,2025-01-21,Outpatient,Yes,Transferred
P108378,H030,Orthopedics,2025-10-21,2025-10-31,Day Care,Yes,Recovered
P108379,H073,Neurology,2025-11-17,2025-11-27,Day Care,No,Under Treatment
P108380,H028,Emergency,2026-01-22,2026-01-29,Outpatient,Yes,Recovered
P108381,H084,General Medicine,2025-03-31,2025-04-07,Day Care,No,Under Treatment
P108382,H009,Orthopedics,2025-09-12,2025-09-19,Inpatient,No,Under Treatment
P108383,H059,ICU,2025-10-29,2025-10-31,Inpatient,No,Under Treatment
P108384,H021,Cardiology,2025-04-06,2025-04-13,Inpatient,Yes,Recovered
P108385,H017,Dermatology,2026-01-29,2026-02-04,Inpatient,Yes,Transferred
P108386,H011,Cardiology,2025-05-08,2025-05-09,Day Care,No,Recovered
P108387,H070,Oncology,2025-03-04,2025-03-12,Inpatient,No,Under Treatment
P108388,H072,Radiology,2025-08-23,2025-08-24,Emergency,No,Under Treatment
P108389,H055,Neurology,2025-07-11,2025-07-15,Emergency,No,Recovered
P108390,H041,Dermatology,2026-03-31,2026-04-05,Emergency,Yes,Recovered
P108391,H059,Oncology,2025-06-12,2025-06-19,Emergency,No,Under Treatment
P108392,H076,Dermatology,2025-08-18,2025-08-27,Outpatient,No,Under Treatment
P108393,H063,Orthopedics,2025-09-18,2025-09-25,Day Care,No,Transferred
P108394,H038,Emergency,2025-12-07,2025-12-07,Day Care,Yes,Under Treatment
P108395,H070,Dermatology,2025-05-15,2025-05-15,Emergency,No,Transferred
P108396,H053,Pediatrics,2026-03-12,2026-03-19,Day Care,Yes,Under Treatment
P108397,H053,Neurology,2025-06-10,2025-06-11,Outpatient,Yes,Transferred
P108398,H079,Pediatrics,2026-02-27,2026-03-05,Day Care,No,Transferred
P108399,H086,Orthopedics,2025-07-02,2025-07-07,Outpatient,No,Transferred
P108400,H024,General Medicine,2026-04-11,2026-04-18,Day Care,No,Transferred
P108401,H025,Orthopedics,2026-02-25,2026-03-03,Emergency,Yes,Transferred
P108402,H030,Pediatrics,2026-02-26,2026-03-05,Inpatient,Yes,Transferred
P108403,H088,Dermatology,2025-02-16,2025-02-26,Emergency,Yes,Under Treatment
P108404,H013,Orthopedics,2025-06-07,2025-06-13,Outpatient,No,Under Treatment
P108405,H030,Neurology,2025-05-10,2025-05-17,Inpatient,No,Recovered
P108406,H083,Pediatrics,2025-10-16,2025-10-25,Outpatient,Yes,Transferred
P108407,H069,Cardiology,2025-01-02,2025-01-03,Outpatient,Yes,Under Treatment
P108408,H011,ICU,2025-11-07,2025-11-08,Inpatient,No,Transferred
P108409,H070,Pediatrics,2025-05-28,2025-06-05,Inpatient,Yes,Transferred
P108410,H079,Neurology,2025-08-17,2025-08-19,Inpatient,Yes,Under Treatment
P108411,H018,Radiology,2026-03-15,2026-03-25,Emergency,No,Recovered
P108412,H017,Pediatrics,2026-05-01,2026-05-06,Inpatient,Yes,Under Treatment
P108413,H065,Dermatology,2026-01-13,2026-01-18,Outpatient,Yes,Transferred
P108414,H093,General Medicine,2026-04-16,2026-04-17,Outpatient,No,Under Treatment
P108415,H036,Emergency,2026-02-28,2026-03-03,Emergency,No,Recovered
P108416,H042,Neurology,2025-10-14,2025-10-23,Inpatient,No,Under Treatment
P108417,H060,Dermatology,2025-03-27,2025-03-30,Inpatient,Yes,Transferred
P108418,H094,Orthopedics,2025-10-29,2025-10-29,Day Care,Yes,Transferred
P108419,H072,Neurology,2025-01-20,2025-01-30,Inpatient,No,Under Treatment
P108420,H039,Neurology,2026-01-10,2026-01-18,Emergency,Yes,Under Treatment
P108421,H096,Emergency,2026-03-06,2026-03-16,Outpatient,Yes,Recovered
P108422,H024,Emergency,2025-08-30,2025-09-07,Day Care,Yes,Recovered
P108423,H015,Pediatrics,2025-04-02,2025-04-03,Inpatient,No,Transferred
P108424,H091,Emergency,2025-05-18,2025-05-26,Emergency,No,Transferred
P108425,H003,Dermatology,2025-09-19,2025-09-19,Day Care,Yes,Transferred
P108426,H022,Pediatrics,2025-02-04,2025-02-04,Emergency,Yes,Transferred
P108427,H057,Pediatrics,2025-05-31,2025-06-10,Inpatient,Yes,Transferred
P108428,H089,ICU,2026-04-16,2026-04-16,Outpatient,Yes,Transferred
P108429,H066,Oncology,2026-04-05,2026-04-05,Day Care,No,Recovered
P108430,H057,Radiology,2026-04-07,2026-04-17,Day Care,Yes,Recovered
P108431,H008,Dermatology,2025-01-17,2025-01-17,Outpatient,No,Transferred
P108432,H070,Cardiology,2025-04-05,2025-04-12,Emergency,No,Transferred
P108433,H038,Dermatology,2026-03-13,2026-03-14,Day Care,No,Recovered
P108434,H060,ICU,2026-01-28,2026-02-03,Inpatient,Yes,Under Treatment
P108435,H033,Pediatrics,2026-01-09,2026-01-15,Outpatient,No,Transferred
P108436,H049,General Medicine,2025-09-30,2025-10-06,Outpatient,Yes,Recovered
P108437,H023,Neurology,2025-05-12,2025-05-22,Emergency,No,Transferred
P108438,H048,Orthopedics,2025-12-03,2025-12-03,Emergency,No,Under Treatment
P108439,H039,Radiology,2025-01-27,2025-01-30,Outpatient,No,Recovered
P108440,H055,Pediatrics,2026-01-03,2026-01-13,Emergency,No,Under Treatment
P108441,H055,Dermatology,2026-03-05,2026-03-11,Emergency,No,Transferred
P108442,H071,Emergency,2025-07-22,2025-07-24,Day Care,No,Recovered
P108443,H099,Pediatrics,2026-05-16,2026-05-17,Outpatient,No,Transferred
P108444,H058,Oncology,2025-12-11,2025-12-16,Outpatient,No,Under Treatment
P108445,H076,Emergency,2025-09-26,2025-10-05,Inpatient,Yes,Transferred
P108446,H091,Pediatrics,2026-04-20,2026-04-20,Emergency,Yes,Transferred
P108447,H071,Dermatology,2026-02-02,2026-02-06,Outpatient,Yes,Transferred
P108448,H052,Cardiology,2025-05-16,2025-05-25,Day Care,Yes,Transferred
P108449,H019,Oncology,2025-09-03,2025-09-07,Emergency,No,Under Treatment
P108450,H026,Oncology,2025-05-08,2025-05-09,Outpatient,No,Recovered
P108451,H045,General Medicine,2025-12-03,2025-12-03,Emergency,No,Recovered
P108452,H055,Neurology,2025-02-15,2025-02-19,Outpatient,Yes,Under Treatment
P108453,H061,Orthopedics,2026-05-10,2026-05-15,Emergency,Yes,Under Treatment
P108454,H079,Cardiology,2025-07-26,2025-07-26,Day Care,No,Under Treatment
P108455,H083,Orthopedics,2025-06-17,2025-06-25,Outpatient,No,Recovered
P108456,H033,Cardiology,2025-01-24,2025-02-02,Emergency,No,Recovered
P108457,H048,Cardiology,2025-11-01,2025-11-02,Outpatient,Yes,Under Treatment
P108458,H017,Cardiology,2025-09-26,2025-09-27,Outpatient,Yes,Transferred
P108459,H036,Oncology,2026-03-31,2026-04-05,Emergency,Yes,Recovered
P108460,H055,Dermatology,2025-06-29,2025-07-06,Emergency,No,Under Treatment
P108461,H096,ICU,2025-09-03,2025-09-08,Day Care,No,Under Treatment
P108462,H041,Cardiology,2025-02-08,2025-02-16,Emergency,Yes,Under Treatment
P108463,H068,Radiology,2025-04-15,2025-04-22,Day Care,Yes,Transferred
P108464,H079,Radiology,2025-06-14,2025-06-22,Day Care,Yes,Under Treatment
P108465,H046,Orthopedics,2025-08-26,2025-09-04,Emergency,Yes,Under Treatment
P108466,H092,Radiology,2026-02-14,2026-02-24,Inpatient,Yes,Under Treatment
P108467,H028,Oncology,2025-03-28,2025-04-04,Emergency,No,Recovered
P108468,H038,ICU,2025-05-08,2025-05-17,Day Care,Yes,Transferred
P108469,H063,Dermatology,2026-01-04,2026-01-13,Emergency,Yes,Recovered
P108470,H088,Radiology,2026-05-01,2026-05-03,Day Care,Yes,Under Treatment
P108471,H035,Oncology,2025-10-28,2025-11-04,Inpatient,No,Transferred
P108472,H032,Radiology,2026-04-27,2026-04-27,Day Care,Yes,Recovered
P108473,H048,Cardiology,2026-03-29,2026-04-04,Inpatient,Yes,Recovered
P108474,H100,Dermatology,2026-04-19,2026-04-19,Outpatient,No,Recovered
P108475,H059,Radiology,2025-08-26,2025-09-03,Inpatient,Yes,Transferred
P108476,H025,Radiology,2025-02-06,2025-02-16,Outpatient,Yes,Under Treatment
P108477,H085,Emergency,2025-10-24,2025-10-25,Inpatient,Yes,Transferred
P108478,H052,Neurology,2025-11-15,2025-11-25,Inpatient,No,Under Treatment
P108479,H081,Cardiology,2026-05-14,2026-05-19,Outpatient,No,Transferred
P108480,H040,Orthopedics,2025-08-15,2025-08-22,Emergency,Yes,Recovered
P108481,H045,Orthopedics,2026-03-16,2026-03-18,Emergency,No,Recovered
P108482,H009,Oncology,2025-01-26,2025-01-27,Inpatient,Yes,Recovered
P108483,H014,General Medicine,2025-12-10,2025-12-11,Outpatient,No,Transferred
P108484,H095,General Medicine,2026-02-04,2026-02-06,Outpatient,No,Under Treatment
P108485,H028,Cardiology,2026-05-04,2026-05-14,Inpatient,No,Transferred
P108486,H019,ICU,2025-11-11,2025-11-19,Outpatient,No,Recovered
P108487,H064,Radiology,2026-02-19,2026-02-24,Day Care,Yes,Under Treatment
P108488,H062,ICU,2025-05-30,2025-05-30,Day Care,Yes,Transferred
P108489,H054,Emergency,2025-05-12,2025-05-17,Emergency,No,Transferred
P108490,H041,Neurology,2025-06-03,2025-06-09,Outpatient,No,Transferred
P108491,H068,ICU,2025-12-21,2025-12-24,Outpatient,No,Transferred
P108492,H093,Neurology,2025-04-03,2025-04-08,Day Care,No,Under Treatment
P108493,H016,Neurology,2025-10-16,2025-10-25,Outpatient,No,Under Treatment
P108494,H003,General Medicine,2025-12-11,2025-12-17,Emergency,Yes,Recovered
P108495,H093,ICU,2025-10-19,2025-10-26,Day Care,Yes,Transferred
P108496,H044,Cardiology,2025-09-30,2025-10-05,Emergency,No,Recovered
P108497,H072,Neurology,2025-05-16,2025-05-21,Outpatient,No,Recovered
P108498,H094,Neurology,2025-10-11,2025-10-13,Emergency,Yes,Under Treatment
P108499,H029,Pediatrics,2025-07-02,2025-07-06,Outpatient,Yes,Recovered
P108500,H055,Pediatrics,2025-05-15,2025-05-21,Inpatient,No,Recovered
P108501,H050,Emergency,2025-04-23,2025-05-02,Inpatient,Yes,Transferred
P108502,H044,Radiology,2026-02-16,2026-02-24,Emergency,Yes,Transferred
P108503,H026,Neurology,2025-03-22,2025-03-26,Inpatient,Yes,Recovered
P108504,H016,Radiology,2025-03-04,2025-03-08,Day Care,Yes,Under Treatment
P108505,H020,Radiology,2025-12-15,2025-12-21,Inpatient,Yes,Transferred
P108506,H062,ICU,2026-02-17,2026-02-26,Day Care,No,Recovered
P108507,H022,Emergency,2025-02-27,2025-03-01,Outpatient,No,Transferred
P108508,H045,Oncology,2025-12-09,2025-12-18,Day Care,Yes,Recovered
P108509,H050,Emergency,2025-08-22,2025-08-31,Inpatient,No,Recovered
P108510,H015,Orthopedics,2026-05-11,2026-05-18,Emergency,Yes,Recovered
P108511,H091,Pediatrics,2026-04-05,2026-04-11,Day Care,No,Transferred
P108512,H054,Emergency,2025-02-16,2025-02-19,Emergency,Yes,Under Treatment
P108513,H009,Emergency,2025-03-10,2025-03-13,Day Care,No,Recovered
P108514,H007,Radiology,2025-11-29,2025-12-01,Emergency,Yes,Under Treatment
P108515,H052,Pediatrics,2025-10-19,2025-10-26,Day Care,No,Transferred
P108516,H062,Emergency,2025-11-23,2025-11-24,Inpatient,No,Recovered
P108517,H022,ICU,2025-02-13,2025-02-23,Inpatient,Yes,Under Treatment
P108518,H076,General Medicine,2025-09-18,2025-09-27,Day Care,No,Under Treatment
P108519,H078,Dermatology,2025-02-25,2025-03-05,Day Care,Yes,Under Treatment
P108520,H039,Emergency,2025-02-16,2025-02-19,Day Care,Yes,Recovered
P108521,H049,Radiology,2025-08-23,2025-08-24,Emergency,Yes,Under Treatment
P108522,H001,Dermatology,2025-03-21,2025-03-31,Inpatient,Yes,Recovered
P108523,H010,Dermatology,2025-04-13,2025-04-23,Outpatient,No,Under Treatment
P108524,H033,Orthopedics,2026-04-08,2026-04-11,Day Care,No,Recovered
P108525,H033,Orthopedics,2026-04-22,2026-04-27,Emergency,No,Recovered
P108526,H084,Dermatology,2025-07-13,2025-07-20,Day Care,Yes,Under Treatment
P108527,H068,Oncology,2025-10-03,2025-10-03,Inpatient,Yes,Recovered
P108528,H058,Emergency,2025-08-28,2025-09-06,Day Care,No,Under Treatment
P108529,H009,Orthopedics,2025-05-09,2025-05-14,Day Care,Yes,Under Treatment
P108530,H054,Orthopedics,2025-10-01,2025-10-08,Emergency,No,Recovered
P108531,H099,Orthopedics,2025-11-16,2025-11-19,Inpatient,No,Under Treatment
P108532,H068,Neurology,2025-03-10,2025-03-11,Inpatient,No,Under Treatment
P108533,H017,Orthopedics,2025-05-22,2025-05-24,Inpatient,Yes,Under Treatment
P108534,H081,Pediatrics,2025-05-30,2025-05-31,Outpatient,No,Transferred
P108535,H022,Cardiology,2025-08-05,2025-08-07,Inpatient,No,Under Treatment
P108536,H022,ICU,2025-02-14,2025-02-21,Emergency,No,Transferred
P108537,H090,Oncology,2026-03-04,2026-03-07,Day Care,Yes,Transferred
P108538,H095,Pediatrics,2025-06-18,2025-06-20,Day Care,No,Under Treatment
P108539,H072,Dermatology,2025-06-27,2025-07-02,Outpatient,Yes,Recovered
P108540,H040,Orthopedics,2025-03-25,2025-03-30,Outpatient,Yes,Recovered
P108541,H035,Neurology,2025-09-07,2025-09-15,Inpatient,Yes,Transferred
P108542,H093,Orthopedics,2025-06-04,2025-06-13,Inpatient,No,Recovered
P108543,H085,Dermatology,2025-05-29,2025-06-05,Outpatient,No,Under Treatment
P108544,H083,Pediatrics,2025-06-29,2025-07-06,Day Care,No,Recovered
P108545,H099,Dermatology,2026-01-10,2026-01-18,Inpatient,Yes,Under Treatment
P108546,H033,General Medicine,2026-01-28,2026-01-29,Outpatient,No,Recovered
P108547,H080,Emergency,2025-12-22,2025-12-24,Inpatient,Yes,Under Treatment
P108548,H062,Orthopedics,2025-02-23,2025-02-26,Day Care,No,Recovered
P108549,H086,Emergency,2025-03-04,2025-03-07,Inpatient,No,Transferred
P108550,H029,Pediatrics,2025-05-06,2025-05-11,Inpatient,Yes,Under Treatment
P108551,H038,Pediatrics,2025-09-22,2025-09-29,Emergency,Yes,Under Treatment
P108552,H100,Oncology,2025-12-15,2025-12-20,Outpatient,Yes,Under Treatment
P108553,H086,Emergency,2025-06-22,2025-06-30,Inpatient,Yes,Recovered
P108554,H024,Oncology,2026-04-18,2026-04-28,Inpatient,No,Under Treatment
P108555,H036,Cardiology,2026-02-28,2026-03-05,Day Care,Yes,Transferred
P108556,H067,Oncology,2025-05-14,2025-05-16,Outpatient,No,Under Treatment
P108557,H066,Dermatology,2025-12-14,2025-12-16,Outpatient,Yes,Under Treatment
P108558,H041,General Medicine,2026-03-25,2026-03-31,Day Care,No,Transferred
P108559,H034,Emergency,2025-03-04,2025-03-08,Inpatient,Yes,Under Treatment
P108560,H042,General Medicine,2025-11-04,2025-11-10,Day Care,No,Transferred
P108561,H052,Oncology,2025-05-24,2025-05-25,Outpatient,No,Transferred
P108562,H063,Orthopedics,2025-08-02,2025-08-10,Outpatient,Yes,Under Treatment
P108563,H100,Emergency,2025-09-08,2025-09-10,Emergency,Yes,Under Treatment
P108564,H088,Oncology,2025-06-17,2025-06-22,Day Care,No,Recovered
P108565,H058,Oncology,2026-04-11,2026-04-20,Inpatient,Yes,Recovered
P108566,H076,Dermatology,2025-07-02,2025-07-06,Outpatient,Yes,Under Treatment
P108567,H066,General Medicine,2026-04-27,2026-04-30,Day Care,No,Under Treatment
P108568,H095,ICU,2025-05-17,2025-05-22,Emergency,Yes,Under Treatment
P108569,H021,Orthopedics,2026-02-10,2026-02-13,Inpatient,No,Recovered
P108570,H054,Cardiology,2025-06-04,2025-06-05,Emergency,No,Under Treatment
P108571,H082,Orthopedics,2026-03-24,2026-03-24,Inpatient,No,Recovered
P108572,H095,ICU,2025-09-04,2025-09-07,Outpatient,No,Recovered
P108573,H090,Oncology,2025-11-26,2025-12-06,Outpatient,Yes,Recovered
P108574,H067,Oncology,2025-04-06,2025-04-14,Emergency,No,Recovered
P108575,H035,Dermatology,2025-12-27,2025-12-31,Emergency,Yes,Recovered
P108576,H041,Orthopedics,2025-10-28,2025-11-03,Day Care,No,Under Treatment
P108577,H011,Pediatrics,2025-07-14,2025-07-21,Emergency,Yes,Recovered
P108578,H070,Neurology,2026-01-28,2026-02-07,Emergency,No,Under Treatment
P108579,H052,Neurology,2025-06-17,2025-06-27,Outpatient,No,Under Treatment
P108580,H033,Neurology,2026-01-09,2026-01-13,Outpatient,No,Recovered
P108581,H079,Emergency,2026-04-02,2026-04-07,Day Care,No,Transferred
P108582,H070,Pediatrics,2025-01-22,2025-01-25,Day Care,Yes,Transferred
P108583,H011,Radiology,2025-10-17,2025-10-17,Day Care,Yes,Transferred
P108584,H065,Oncology,2025-03-15,2025-03-18,Outpatient,No,Recovered
P108585,H039,Cardiology,2025-08-09,2025-08-10,Inpatient,Yes,Under Treatment
P108586,H093,General Medicine,2025-04-02,2025-04-03,Day Care,No,Transferred
P108587,H087,Oncology,2025-11-09,2025-11-14,Day Care,No,Under Treatment
P108588,H033,Radiology,2025-12-07,2025-12-16,Outpatient,No,Recovered
P108589,H097,Oncology,2025-04-30,2025-05-05,Day Care,No,Recovered
P108590,H053,Pediatrics,2026-05-04,2026-05-04,Emergency,Yes,Transferred
P108591,H028,Oncology,2025-06-30,2025-07-10,Inpatient,No,Under Treatment
P108592,H003,Radiology,2025-11-13,2025-11-23,Inpatient,No,Transferred
P108593,H021,ICU,2026-01-11,2026-01-12,Day Care,Yes,Transferred
P108594,H077,Radiology,2025-08-28,2025-09-04,Outpatient,No,Recovered
P108595,H031,Neurology,2025-05-03,2025-05-10,Inpatient,Yes,Under Treatment
P108596,H016,Cardiology,2026-04-17,2026-04-24,Emergency,No,Under Treatment
P108597,H020,Pediatrics,2025-03-30,2025-04-06,Emergency,Yes,Recovered
P108598,H038,Dermatology,2026-04-13,2026-04-21,Day Care,Yes,Recovered
P108599,H001,General Medicine,2025-06-11,2025-06-19,Outpatient,No,Under Treatment
P108600,H028,Pediatrics,2025-08-01,2025-08-06,Day Care,No,Recovered
P108601,H020,Orthopedics,2025-02-16,2025-02-22,Emergency,Yes,Recovered
P108602,H053,Emergency,2025-01-25,2025-02-03,Emergency,No,Under Treatment
P108603,H043,Pediatrics,2026-02-01,2026-02-02,Outpatient,No,Recovered
P108604,H027,Cardiology,2026-02-25,2026-03-02,Outpatient,Yes,Recovered
P108605,H072,Dermatology,2025-03-05,2025-03-07,Inpatient,Yes,Transferred
P108606,H076,Pediatrics,2025-01-06,2025-01-09,Outpatient,No,Under Treatment
P108607,H086,Dermatology,2025-12-12,2025-12-12,Inpatient,No,Transferred
P108608,H096,Orthopedics,2025-12-08,2025-12-13,Day Care,Yes,Recovered
P108609,H003,Dermatology,2025-08-29,2025-09-01,Outpatient,Yes,Under Treatment
P108610,H009,Radiology,2026-05-12,2026-05-16,Inpatient,No,Transferred
P108611,H057,ICU,2025-08-02,2025-08-03,Day Care,No,Recovered
P108612,H018,Orthopedics,2026-04-18,2026-04-25,Inpatient,No,Transferred
P108613,H065,Pediatrics,2025-02-28,2025-03-01,Outpatient,Yes,Recovered
P108614,H030,Emergency,2025-03-17,2025-03-26,Emergency,Yes,Under Treatment
P108615,H064,General Medicine,2025-12-16,2025-12-24,Inpatient,Yes,Recovered
P108616,H044,ICU,2025-02-23,2025-03-04,Outpatient,No,Recovered
P108617,H076,Dermatology,2026-03-21,2026-03-22,Day Care,Yes,Transferred
P108618,H053,Radiology,2025-10-18,2025-10-23,Inpatient,No,Recovered
P108619,H045,Dermatology,2025-03-30,2025-04-06,Outpatient,No,Transferred
P108620,H089,Emergency,2026-03-21,2026-03-22,Inpatient,Yes,Under Treatment
P108621,H041,ICU,2026-01-15,2026-01-15,Outpatient,No,Under Treatment
P108622,H003,Orthopedics,2025-09-14,2025-09-14,Emergency,No,Transferred
P108623,H026,Oncology,2025-03-20,2025-03-30,Day Care,Yes,Transferred
P108624,H012,Dermatology,2025-04-09,2025-04-10,Emergency,Yes,Transferred
P108625,H081,Oncology,2025-06-07,2025-06-07,Day Care,No,Recovered
P108626,H087,Emergency,2025-04-16,2025-04-22,Day Care,No,Recovered
P108627,H086,Radiology,2025-12-20,2025-12-24,Outpatient,No,Recovered
P108628,H011,Emergency,2025-11-29,2025-12-09,Inpatient,Yes,Under Treatment
P108629,H055,Orthopedics,2025-05-21,2025-05-25,Inpatient,No,Recovered
P108630,H083,Radiology,2025-04-26,2025-05-04,Inpatient,No,Under Treatment
P108631,H066,Emergency,2025-08-27,2025-08-29,Day Care,Yes,Transferred
P108632,H036,Radiology,2025-03-14,2025-03-24,Inpatient,Yes,Under Treatment
P108633,H011,Pediatrics,2025-11-15,2025-11-18,Inpatient,Yes,Under Treatment
P108634,H075,Cardiology,2025-12-28,2026-01-03,Day Care,Yes,Transferred
P108635,H046,Radiology,2025-12-16,2025-12-16,Emergency,Yes,Under Treatment
P108636,H025,Oncology,2025-02-20,2025-02-20,Emergency,Yes,Recovered
P108637,H068,Cardiology,2025-03-18,2025-03-22,Inpatient,Yes,Under Treatment
P108638,H044,Neurology,2025-06-15,2025-06-23,Inpatient,No,Transferred
P108639,H061,Dermatology,2025-07-12,2025-07-17,Inpatient,No,Recovered
P108640,H064,General Medicine,2025-10-30,2025-11-04,Outpatient,No,Recovered
P108641,H099,Radiology,2025-07-18,2025-07-27,Day Care,Yes,Recovered
P108642,H003,Oncology,2025-12-04,2025-12-09,Emergency,Yes,Transferred
P108643,H023,Pediatrics,2025-08-31,2025-09-03,Emergency,No,Recovered
P108644,H034,Neurology,2026-04-03,2026-04-03,Outpatient,Yes,Under Treatment
P108645,H026,Pediatrics,2026-02-04,2026-02-06,Outpatient,Yes,Transferred
P108646,H047,Neurology,2025-10-17,2025-10-24,Day Care,No,Recovered
P108647,H086,ICU,2025-12-20,2025-12-20,Outpatient,No,Under Treatment
P108648,H011,ICU,2025-07-04,2025-07-07,Emergency,No,Under Treatment
P108649,H045,General Medicine,2025-08-17,2025-08-24,Inpatient,Yes,Transferred
P108650,H038,Dermatology,2026-02-22,2026-03-01,Emergency,Yes,Recovered
P108651,H045,ICU,2025-07-05,2025-07-08,Outpatient,Yes,Under Treatment
P108652,H088,Dermatology,2025-12-19,2025-12-29,Day Care,No,Under Treatment
P108653,H091,Cardiology,2026-01-30,2026-01-31,Outpatient,No,Under Treatment
P108654,H010,Oncology,2025-01-06,2025-01-11,Emergency,No,Transferred
P108655,H060,Pediatrics,2025-07-23,2025-07-28,Emergency,No,Transferred
P108656,H075,Radiology,2025-09-18,2025-09-25,Emergency,Yes,Transferred
P108657,H076,Orthopedics,2025-01-23,2025-02-01,Day Care,Yes,Transferred
P108658,H080,Cardiology,2025-06-05,2025-06-08,Emergency,Yes,Transferred
P108659,H099,Cardiology,2025-03-30,2025-04-01,Inpatient,No,Transferred
P108660,H012,General Medicine,2025-08-03,2025-08-06,Day Care,No,Recovered
P108661,H057,Radiology,2025-10-21,2025-10-24,Emergency,No,Under Treatment
P108662,H075,Emergency,2025-01-09,2025-01-16,Inpatient,Yes,Under Treatment
P108663,H001,Pediatrics,2025-11-02,2025-11-03,Outpatient,No,Recovered
P108664,H020,General Medicine,2025-01-25,2025-01-29,Emergency,No,Under Treatment
P108665,H100,Emergency,2025-03-04,2025-03-10,Day Care,Yes,Recovered
P108666,H032,Cardiology,2026-01-30,2026-02-06,Emergency,Yes,Transferred
P108667,H044,General Medicine,2025-03-11,2025-03-13,Inpatient,No,Under Treatment
P108668,H037,Orthopedics,2025-01-12,2025-01-16,Outpatient,Yes,Transferred
P108669,H020,Orthopedics,2025-02-22,2025-02-26,Emergency,Yes,Transferred
P108670,H076,General Medicine,2026-02-27,2026-03-07,Outpatient,No,Recovered
P108671,H002,Cardiology,2025-12-17,2025-12-24,Day Care,No,Recovered
P108672,H005,Emergency,2025-03-27,2025-03-28,Emergency,Yes,Under Treatment
P108673,H047,ICU,2026-03-24,2026-03-29,Inpatient,Yes,Recovered
P108674,H009,Oncology,2026-04-02,2026-04-09,Outpatient,No,Recovered
P108675,H086,Orthopedics,2026-02-06,2026-02-11,Inpatient,Yes,Recovered
P108676,H041,Cardiology,2025-09-06,2025-09-08,Day Care,Yes,Under Treatment
P108677,H005,Dermatology,2025-09-28,2025-10-02,Day Care,No,Under Treatment
P108678,H026,Dermatology,2025-10-03,2025-10-05,Inpatient,Yes,Transferred
P108679,H054,Orthopedics,2026-03-07,2026-03-13,Outpatient,Yes,Under Treatment
P108680,H057,Oncology,2025-03-22,2025-03-31,Day Care,No,Transferred
P108681,H068,Neurology,2026-04-26,2026-05-03,Emergency,Yes,Transferred
P108682,H095,Pediatrics,2025-03-01,2025-03-07,Emergency,No,Recovered
P108683,H094,Pediatrics,2025-05-20,2025-05-27,Outpatient,Yes,Transferred
P108684,H086,Orthopedics,2025-05-13,2025-05-22,Inpatient,No,Transferred
P108685,H025,Cardiology,2025-02-09,2025-02-13,Outpatient,No,Transferred
P108686,H029,Oncology,2026-03-01,2026-03-05,Day Care,No,Transferred
P108687,H031,Dermatology,2025-01-07,2025-01-12,Day Care,No,Under Treatment
P108688,H081,Pediatrics,2025-06-26,2025-07-05,Outpatient,Yes,Under Treatment
P108689,H028,Emergency,2025-08-12,2025-08-16,Inpatient,Yes,Under Treatment
P108690,H027,Radiology,2025-01-02,2025-01-05,Inpatient,No,Recovered
P108691,H011,Cardiology,2025-07-20,2025-07-21,Inpatient,Yes,Under Treatment
P108692,H079,ICU,2025-02-18,2025-02-24,Day Care,Yes,Transferred
P108693,H066,Oncology,2025-05-25,2025-06-01,Outpatient,Yes,Under Treatment
P108694,H010,Radiology,2026-04-29,2026-05-01,Outpatient,Yes,Recovered
P108695,H012,ICU,2026-01-18,2026-01-24,Day Care,No,Recovered
P108696,H026,Orthopedics,2025-10-06,2025-10-07,Outpatient,Yes,Recovered
P108697,H065,Pediatrics,2025-06-01,2025-06-06,Day Care,No,Recovered
P108698,H100,ICU,2026-02-04,2026-02-12,Outpatient,Yes,Under Treatment
P108699,H049,Pediatrics,2025-11-08,2025-11-15,Inpatient,Yes,Under Treatment
P108700,H058,Neurology,2025-06-02,2025-06-04,Inpatient,No,Under Treatment
P108701,H016,General Medicine,2025-11-30,2025-12-01,Emergency,Yes,Recovered
P108702,H090,Dermatology,2025-05-25,2025-05-26,Inpatient,No,Transferred
P108703,H072,Oncology,2025-03-14,2025-03-15,Inpatient,Yes,Transferred
P108704,H026,Cardiology,2025-07-30,2025-08-07,Outpatient,No,Transferred
P108705,H044,Emergency,2025-04-18,2025-04-24,Emergency,No,Under Treatment
P108706,H053,Orthopedics,2025-02-27,2025-03-08,Inpatient,Yes,Recovered
P108707,H033,Orthopedics,2025-09-06,2025-09-10,Day Care,No,Recovered
P108708,H093,Radiology,2025-07-22,2025-07-22,Outpatient,No,Under Treatment
P108709,H028,Orthopedics,2025-10-04,2025-10-06,Inpatient,No,Transferred
P108710,H033,Pediatrics,2025-04-16,2025-04-16,Emergency,Yes,Transferred
P108711,H094,Oncology,2026-02-08,2026-02-08,Day Care,Yes,Transferred
P108712,H063,ICU,2025-07-03,2025-07-03,Emergency,No,Recovered
P108713,H083,Cardiology,2026-02-15,2026-02-19,Emergency,Yes,Transferred
P108714,H019,Radiology,2026-04-29,2026-05-07,Emergency,Yes,Under Treatment
P108715,H022,General Medicine,2026-01-17,2026-01-22,Emergency,No,Transferred
P108716,H030,Pediatrics,2026-03-29,2026-04-07,Day Care,Yes,Under Treatment
P108717,H018,Radiology,2025-08-16,2025-08-25,Emergency,No,Recovered
P108718,H005,Orthopedics,2025-07-08,2025-07-17,Emergency,No,Transferred
P108719,H060,Orthopedics,2025-05-07,2025-05-09,Emergency,No,Recovered
P108720,H084,Dermatology,2026-02-09,2026-02-16,Emergency,Yes,Recovered
P108721,H040,Orthopedics,2025-06-01,2025-06-11,Emergency,Yes,Recovered
P108722,H082,Dermatology,2026-01-11,2026-01-17,Outpatient,No,Transferred
P108723,H064,Emergency,2025-06-20,2025-06-22,Emergency,Yes,Recovered
P108724,H084,Neurology,2026-01-11,2026-01-16,Day Care,No,Transferred
P108725,H057,Pediatrics,2025-08-12,2025-08-21,Inpatient,No,Transferred
P108726,H026,Radiology,2026-02-27,2026-03-02,Outpatient,No,Recovered
P108727,H046,General Medicine,2025-06-06,2025-06-08,Inpatient,Yes,Recovered
P108728,H033,Orthopedics,2026-05-11,2026-05-15,Emergency,Yes,Recovered
P108729,H091,Dermatology,2026-01-30,2026-02-08,Inpatient,No,Recovered
P108730,H038,Pediatrics,2025-01-14,2025-01-15,Emergency,No,Recovered
P108731,H083,Orthopedics,2026-03-20,2026-03-22,Outpatient,No,Under Treatment
P108732,H029,Cardiology,2025-06-09,2025-06-14,Inpatient,Yes,Transferred
P108733,H008,Pediatrics,2025-12-02,2025-12-11,Day Care,Yes,Recovered
P108734,H035,Oncology,2026-04-25,2026-05-05,Inpatient,No,Transferred
P108735,H019,Pediatrics,2025-09-25,2025-10-02,Outpatient,Yes,Under Treatment
P108736,H072,ICU,2025-08-25,2025-09-04,Emergency,Yes,Recovered
P108737,H012,Oncology,2025-05-04,2025-05-05,Emergency,Yes,Under Treatment
P108738,H005,Cardiology,2025-07-30,2025-08-04,Outpatient,Yes,Transferred
P108739,H060,ICU,2026-02-07,2026-02-09,Day Care,No,Transferred
P108740,H066,Dermatology,2025-12-19,2025-12-23,Emergency,Yes,Recovered
P108741,H008,Radiology,2026-01-24,2026-01-28,Day Care,Yes,Transferred
P108742,H099,Pediatrics,2025-08-15,2025-08-25,Inpatient,Yes,Transferred
P108743,H009,Pediatrics,2025-03-06,2025-03-10,Day Care,Yes,Under Treatment
P108744,H078,ICU,2026-04-16,2026-04-22,Inpatient,No,Transferred
P108745,H063,ICU,2026-03-16,2026-03-21,Emergency,No,Under Treatment
P108746,H027,Emergency,2025-12-19,2025-12-28,Inpatient,Yes,Transferred
P108747,H029,Emergency,2025-02-18,2025-02-26,Day Care,No,Recovered
P108748,H043,Radiology,2025-01-05,2025-01-07,Outpatient,No,Transferred
P108749,H065,Orthopedics,2025-05-25,2025-05-29,Outpatient,No,Transferred
P108750,H003,Oncology,2025-08-13,2025-08-17,Day Care,Yes,Transferred
P108751,H079,ICU,2026-03-24,2026-03-30,Day Care,Yes,Recovered
P108752,H064,Radiology,2025-10-07,2025-10-12,Inpatient,No,Transferred
P108753,H034,Orthopedics,2026-03-22,2026-03-23,Emergency,No,Transferred
P108754,H032,Dermatology,2025-10-09,2025-10-14,Outpatient,No,Recovered
P108755,H069,Orthopedics,2025-04-15,2025-04-15,Inpatient,No,Transferred
P108756,H094,Oncology,2026-01-17,2026-01-19,Outpatient,No,Transferred
P108757,H002,Oncology,2025-02-25,2025-03-01,Outpatient,No,Recovered
P108758,H015,Pediatrics,2025-07-27,2025-08-02,Emergency,Yes,Under Treatment
P108759,H071,Orthopedics,2026-01-04,2026-01-06,Outpatient,Yes,Transferred
P108760,H010,ICU,2025-11-24,2025-12-01,Day Care,No,Recovered
P108761,H037,Dermatology,2026-05-01,2026-05-11,Emergency,Yes,Recovered
P108762,H044,Pediatrics,2025-02-23,2025-03-02,Inpatient,No,Recovered
P108763,H072,Pediatrics,2025-04-12,2025-04-14,Outpatient,No,Transferred
P108764,H024,Emergency,2025-02-06,2025-02-15,Emergency,Yes,Recovered
P108765,H080,Orthopedics,2026-02-01,2026-02-02,Inpatient,No,Under Treatment
P108766,H040,Orthopedics,2026-04-20,2026-04-30,Day Care,No,Under Treatment
P108767,H010,Radiology,2025-03-02,2025-03-12,Day Care,No,Under Treatment
P108768,H070,Cardiology,2025-07-07,2025-07-10,Inpatient,No,Recovered
P108769,H004,Cardiology,2025-05-17,2025-05-18,Inpatient,No,Transferred
P108770,H078,ICU,2026-05-02,2026-05-10,Inpatient,No,Transferred
P108771,H020,Oncology,2025-08-18,2025-08-22,Day Care,No,Recovered
P108772,H027,Pediatrics,2025-03-02,2025-03-08,Day Care,No,Recovered
P108773,H005,Neurology,2025-08-30,2025-08-30,Day Care,No,Under Treatment
P108774,H005,Neurology,2026-02-06,2026-02-13,Outpatient,No,Recovered
P108775,H006,Orthopedics,2026-03-02,2026-03-10,Emergency,No,Recovered
P108776,H007,Radiology,2025-02-21,2025-02-24,Emergency,No,Under Treatment
P108777,H023,ICU,2025-09-23,2025-09-23,Inpatient,No,Recovered
P108778,H054,Oncology,2025-08-20,2025-08-27,Outpatient,Yes,Transferred
P108779,H081,Dermatology,2025-04-10,2025-04-18,Inpatient,Yes,Recovered
P108780,H062,Oncology,2025-02-17,2025-02-22,Day Care,Yes,Recovered
P108781,H061,Oncology,2025-06-27,2025-07-01,Day Care,Yes,Recovered
P108782,H035,Pediatrics,2025-09-14,2025-09-24,Outpatient,No,Transferred
P108783,H004,Neurology,2025-02-24,2025-03-06,Emergency,No,Under Treatment
P108784,H076,Cardiology,2025-11-23,2025-12-03,Inpatient,No,Transferred
P108785,H058,General Medicine,2025-01-31,2025-01-31,Outpatient,Yes,Transferred
P108786,H020,General Medicine,2025-01-16,2025-01-20,Day Care,No,Under Treatment
P108787,H072,Oncology,2026-04-30,2026-05-04,Inpatient,No,Recovered
P108788,H041,Orthopedics,2025-04-06,2025-04-16,Outpatient,No,Transferred
P108789,H091,Orthopedics,2025-10-01,2025-10-09,Day Care,Yes,Transferred
P108790,H023,Oncology,2025-08-31,2025-09-05,Outpatient,No,Under Treatment
P108791,H085,Dermatology,2025-01-30,2025-02-07,Day Care,Yes,Recovered
P108792,H032,Radiology,2025-06-02,2025-06-04,Day Care,Yes,Recovered
P108793,H012,General Medicine,2025-11-16,2025-11-25,Day Care,Yes,Under Treatment
P108794,H004,Radiology,2025-02-19,2025-02-28,Day Care,Yes,Transferred
P108795,H006,General Medicine,2025-05-14,2025-05-17,Day Care,No,Transferred
P108796,H042,Cardiology,2025-08-19,2025-08-22,Outpatient,Yes,Under Treatment
P108797,H058,Pediatrics,2026-03-15,2026-03-16,Day Care,Yes,Recovered
P108798,H017,Radiology,2025-06-02,2025-06-05,Inpatient,Yes,Under Treatment
P108799,H007,Pediatrics,2025-02-01,2025-02-05,Inpatient,No,Recovered
P108800,H013,Cardiology,2025-02-04,2025-02-05,Emergency,No,Recovered
P108801,H034,Oncology,2026-02-01,2026-02-10,Inpatient,Yes,Recovered
P108802,H008,Emergency,2025-11-16,2025-11-19,Outpatient,No,Under Treatment
P108803,H086,Emergency,2025-06-04,2025-06-05,Outpatient,Yes,Under Treatment
P108804,H092,Radiology,2025-05-10,2025-05-11,Inpatient,Yes,Under Treatment
P108805,H017,General Medicine,2025-05-17,2025-05-19,Day Care,No,Recovered
P108806,H007,Cardiology,2025-10-27,2025-11-01,Outpatient,No,Under Treatment
P108807,H018,Cardiology,2025-07-26,2025-08-04,Outpatient,No,Transferred
P108808,H031,Pediatrics,2025-10-12,2025-10-13,Outpatient,No,Under Treatment
P108809,H002,Pediatrics,2025-09-19,2025-09-24,Emergency,No,Transferred
P108810,H093,Cardiology,2025-12-11,2025-12-13,Emergency,No,Recovered
P108811,H061,Oncology,2026-01-11,2026-01-11,Inpatient,No,Transferred
P108812,H019,Neurology,2025-06-03,2025-06-07,Emergency,No,Under Treatment
P108813,H076,Oncology,2025-10-28,2025-10-29,Emergency,Yes,Transferred
P108814,H086,Cardiology,2025-06-04,2025-06-13,Outpatient,No,Under Treatment
P108815,H060,Dermatology,2025-06-21,2025-06-21,Inpatient,No,Recovered
P108816,H046,Pediatrics,2025-06-26,2025-06-28,Emergency,Yes,Recovered
P108817,H022,Neurology,2025-10-05,2025-10-08,Inpatient,No,Transferred
P108818,H026,Orthopedics,2025-08-29,2025-09-06,Inpatient,Yes,Under Treatment
P108819,H013,Oncology,2025-10-28,2025-10-28,Emergency,No,Transferred
P108820,H048,Dermatology,2025-12-23,2025-12-25,Inpatient,Yes,Under Treatment
P108821,H035,Oncology,2025-12-21,2025-12-31,Day Care,No,Transferred
P108822,H073,General Medicine,2026-04-08,2026-04-13,Emergency,Yes,Recovered
P108823,H062,Oncology,2026-03-30,2026-04-07,Day Care,Yes,Under Treatment
P108824,H077,Oncology,2025-09-29,2025-09-29,Day Care,No,Under Treatment
P108825,H056,Oncology,2025-12-01,2025-12-04,Outpatient,Yes,Transferred
P108826,H050,ICU,2025-10-30,2025-11-04,Day Care,Yes,Transferred
P108827,H047,Orthopedics,2025-09-04,2025-09-09,Outpatient,Yes,Transferred
P108828,H099,Emergency,2025-06-11,2025-06-16,Inpatient,No,Under Treatment
P108829,H050,Dermatology,2026-02-25,2026-03-03,Outpatient,No,Under Treatment
P108830,H012,Cardiology,2025-01-13,2025-01-14,Day Care,Yes,Recovered
P108831,H043,Cardiology,2025-07-13,2025-07-19,Inpatient,No,Recovered
P108832,H065,Radiology,2025-06-20,2025-06-27,Emergency,No,Under Treatment
P108833,H071,Emergency,2025-12-16,2025-12-26,Inpatient,No,Transferred
P108834,H025,Dermatology,2025-08-02,2025-08-06,Inpatient,No,Recovered
P108835,H096,Pediatrics,2025-03-06,2025-03-11,Day Care,Yes,Recovered
P108836,H076,Cardiology,2026-05-05,2026-05-14,Outpatient,No,Transferred
P108837,H019,Oncology,2025-12-15,2025-12-16,Day Care,No,Under Treatment
P108838,H034,Orthopedics,2025-10-14,2025-10-22,Outpatient,No,Transferred
P108839,H093,Neurology,2026-05-06,2026-05-09,Inpatient,No,Under Treatment
P108840,H044,Cardiology,2025-11-23,2025-12-02,Inpatient,Yes,Recovered
P108841,H081,Oncology,2025-01-18,2025-01-18,Emergency,Yes,Recovered
P108842,H081,Orthopedics,2025-12-23,2025-12-29,Emergency,Yes,Recovered
P108843,H012,Emergency,2025-04-05,2025-04-07,Emergency,No,Transferred
P108844,H003,Oncology,2026-03-06,2026-03-11,Inpatient,No,Under Treatment
P108845,H001,Dermatology,2026-02-05,2026-02-09,Emergency,No,Transferred
P108846,H078,Orthopedics,2025-12-02,2025-12-12,Day Care,No,Transferred
P108847,H083,General Medicine,2025-12-11,2025-12-14,Outpatient,Yes,Recovered
P108848,H029,Oncology,2025-02-17,2025-02-27,Outpatient,No,Recovered
P108849,H076,Neurology,2025-09-06,2025-09-11,Day Care,No,Under Treatment
P108850,H030,Neurology,2026-01-27,2026-02-02,Outpatient,No,Under Treatment
P108851,H023,Emergency,2026-04-08,2026-04-16,Outpatient,No,Recovered
P108852,H004,General Medicine,2025-04-25,2025-05-01,Outpatient,Yes,Transferred
P108853,H050,Pediatrics,2025-10-20,2025-10-23,Outpatient,Yes,Transferred
P108854,H077,Orthopedics,2026-02-20,2026-02-25,Day Care,Yes,Recovered
P108855,H033,Cardiology,2026-03-30,2026-04-06,Outpatient,No,Under Treatment
P108856,H084,Cardiology,2025-10-24,2025-10-31,Inpatient,Yes,Under Treatment
P108857,H016,Radiology,2026-02-25,2026-03-01,Day Care,Yes,Transferred
P108858,H067,Oncology,2025-10-20,2025-10-29,Day Care,Yes,Recovered
P108859,H061,Neurology,2025-10-27,2025-10-31,Day Care,Yes,Transferred
P108860,H100,Emergency,2025-03-21,2025-03-27,Day Care,No,Transferred
P108861,H085,Pediatrics,2025-10-25,2025-10-26,Outpatient,No,Under Treatment
P108862,H007,Pediatrics,2025-05-10,2025-05-13,Outpatient,No,Transferred
P108863,H074,Pediatrics,2025-05-31,2025-06-07,Inpatient,Yes,Under Treatment
P108864,H070,Radiology,2026-03-31,2026-04-05,Inpatient,Yes,Recovered
P108865,H035,Pediatrics,2026-05-10,2026-05-20,Day Care,No,Recovered
P108866,H081,Orthopedics,2025-05-07,2025-05-15,Inpatient,Yes,Transferred
P108867,H077,Oncology,2025-07-03,2025-07-03,Emergency,Yes,Recovered
P108868,H080,General Medicine,2025-07-01,2025-07-09,Emergency,No,Under Treatment
P108869,H005,Dermatology,2025-12-01,2025-12-04,Emergency,No,Recovered
P108870,H021,General Medicine,2025-06-24,2025-06-28,Inpatient,No,Transferred
P108871,H070,Orthopedics,2026-03-01,2026-03-07,Outpatient,No,Recovered
P108872,H084,ICU,2026-05-14,2026-05-16,Day Care,Yes,Under Treatment
P108873,H037,Emergency,2025-04-24,2025-04-28,Day Care,Yes,Transferred
P108874,H048,Oncology,2026-03-11,2026-03-21,Inpatient,Yes,Recovered
P108875,H017,Cardiology,2025-09-30,2025-09-30,Emergency,No,Under Treatment
P108876,H005,Orthopedics,2025-09-27,2025-10-02,Outpatient,No,Transferred
P108877,H015,Radiology,2025-05-17,2025-05-21,Emergency,No,Under Treatment
P108878,H010,Orthopedics,2025-12-17,2025-12-25,Emergency,Yes,Transferred
P108879,H007,Oncology,2026-01-05,2026-01-06,Inpatient,No,Transferred
P108880,H016,Radiology,2025-11-22,2025-11-30,Day Care,Yes,Transferred
P108881,H050,Emergency,2025-12-31,2026-01-10,Emergency,No,Recovered
P108882,H096,ICU,2026-01-01,2026-01-05,Inpatient,No,Recovered
P108883,H033,Emergency,2026-01-08,2026-01-15,Outpatient,Yes,Recovered
P108884,H058,Neurology,2025-08-31,2025-09-02,Inpatient,Yes,Recovered
P108885,H047,Dermatology,2026-04-02,2026-04-02,Day Care,No,Transferred
P108886,H073,Orthopedics,2025-06-25,2025-07-05,Day Care,No,Transferred
P108887,H027,Pediatrics,2026-03-17,2026-03-26,Inpatient,Yes,Recovered
P108888,H036,Radiology,2025-09-11,2025-09-20,Emergency,Yes,Transferred
P108889,H085,Dermatology,2025-12-24,2025-12-30,Day Care,No,Transferred
P108890,H069,Neurology,2026-04-19,2026-04-26,Day Care,No,Transferred
P108891,H078,Dermatology,2026-02-28,2026-03-07,Day Care,No,Under Treatment
P108892,H080,Radiology,2025-08-10,2025-08-18,Inpatient,No,Under Treatment
P108893,H025,Oncology,2026-05-02,2026-05-09,Outpatient,No,Recovered
P108894,H025,Emergency,2025-05-02,2025-05-06,Inpatient,Yes,Recovered
P108895,H078,Neurology,2025-06-01,2025-06-05,Day Care,No,Under Treatment
P108896,H068,Radiology,2025-02-28,2025-03-01,Emergency,Yes,Recovered
P108897,H003,Orthopedics,2025-08-15,2025-08-20,Emergency,Yes,Under Treatment
P108898,H070,Radiology,2025-04-22,2025-04-22,Emergency,No,Under Treatment
P108899,H081,General Medicine,2025-05-12,2025-05-22,Day Care,No,Recovered
P108900,H067,Oncology,2025-07-05,2025-07-06,Emergency,No,Recovered
P108901,H095,Dermatology,2025-06-10,2025-06-15,Inpatient,No,Under Treatment
P108902,H013,Radiology,2026-05-03,2026-05-05,Inpatient,Yes,Recovered
P108903,H042,Emergency,2025-01-25,2025-02-02,Inpatient,No,Recovered
P108904,H032,Neurology,2025-05-05,2025-05-05,Emergency,No,Under Treatment
P108905,H022,Oncology,2025-11-06,2025-11-16,Day Care,Yes,Recovered
P108906,H016,Orthopedics,2025-01-06,2025-01-08,Outpatient,No,Recovered
P108907,H015,ICU,2025-12-15,2025-12-25,Inpatient,No,Transferred
P108908,H078,Dermatology,2026-01-10,2026-01-16,Day Care,Yes,Transferred
P108909,H100,Pediatrics,2026-01-21,2026-01-23,Inpatient,No,Transferred
P108910,H092,Emergency,2026-02-01,2026-02-06,Inpatient,Yes,Under Treatment
P108911,H059,Oncology,2025-12-23,2025-12-24,Outpatient,No,Recovered
P108912,H042,Neurology,2025-08-01,2025-08-11,Inpatient,No,Under Treatment
P108913,H007,ICU,2025-06-30,2025-07-06,Emergency,Yes,Under Treatment
P108914,H049,Orthopedics,2025-09-23,2025-09-26,Emergency,No,Transferred
P108915,H048,ICU,2025-05-08,2025-05-13,Emergency,Yes,Under Treatment
P108916,H052,Dermatology,2026-04-07,2026-04-17,Day Care,No,Recovered
P108917,H032,Orthopedics,2026-02-10,2026-02-16,Emergency,Yes,Under Treatment
P108918,H086,Neurology,2025-09-20,2025-09-23,Emergency,No,Under Treatment
P108919,H005,Cardiology,2025-03-06,2025-03-11,Outpatient,No,Under Treatment
P108920,H056,General Medicine,2025-12-17,2025-12-26,Emergency,No,Recovered
P108921,H093,General Medicine,2026-05-16,2026-05-25,Emergency,Yes,Under Treatment
P108922,H057,Radiology,2025-03-28,2025-03-30,Emergency,Yes,Under Treatment
P108923,H067,Pediatrics,2025-01-15,2025-01-22,Inpatient,Yes,Recovered
P108924,H049,Pediatrics,2025-09-21,2025-09-28,Day Care,Yes,Transferred
P108925,H097,Cardiology,2025-08-15,2025-08-17,Emergency,No,Transferred
P108926,H038,Cardiology,2025-05-26,2025-05-29,Day Care,No,Under Treatment
P108927,H060,Cardiology,2025-04-22,2025-04-23,Inpatient,Yes,Recovered
P108928,H002,Dermatology,2025-12-06,2025-12-07,Emergency,No,Recovered
P108929,H036,Emergency,2025-01-04,2025-01-14,Inpatient,Yes,Under Treatment
P108930,H068,Oncology,2025-11-09,2025-11-11,Day Care,No,Under Treatment
P108931,H097,Neurology,2025-05-11,2025-05-16,Outpatient,No,Under Treatment
P108932,H007,ICU,2026-03-17,2026-03-27,Emergency,Yes,Transferred
P108933,H019,Pediatrics,2026-03-26,2026-04-01,Inpatient,No,Under Treatment
P108934,H088,General Medicine,2025-03-24,2025-03-30,Day Care,Yes,Recovered
P108935,H050,Dermatology,2026-02-28,2026-03-07,Day Care,Yes,Transferred
P108936,H094,Oncology,2025-08-25,2025-08-27,Outpatient,No,Transferred
P108937,H059,General Medicine,2025-05-21,2025-05-31,Outpatient,Yes,Transferred
P108938,H019,Oncology,2025-09-13,2025-09-13,Inpatient,No,Under Treatment
P108939,H092,General Medicine,2026-01-27,2026-02-05,Inpatient,Yes,Recovered
P108940,H093,Neurology,2025-04-11,2025-04-21,Day Care,No,Transferred
P108941,H097,General Medicine,2025-09-27,2025-09-30,Emergency,Yes,Under Treatment
P108942,H044,Dermatology,2025-12-02,2025-12-12,Day Care,Yes,Recovered
P108943,H068,Dermatology,2025-06-17,2025-06-24,Day Care,Yes,Recovered
P108944,H090,ICU,2025-12-07,2025-12-17,Inpatient,No,Transferred
P108945,H022,Cardiology,2025-09-04,2025-09-04,Outpatient,Yes,Recovered
P108946,H085,ICU,2025-05-24,2025-06-01,Outpatient,Yes,Under Treatment
P108947,H031,Cardiology,2026-03-23,2026-03-28,Outpatient,Yes,Recovered
P108948,H050,Emergency,2025-07-03,2025-07-09,Emergency,No,Recovered
P108949,H025,Oncology,2025-09-08,2025-09-09,Inpatient,Yes,Under Treatment
P108950,H098,ICU,2025-12-18,2025-12-19,Emergency,Yes,Under Treatment
P108951,H036,General Medicine,2026-05-14,2026-05-15,Outpatient,No,Recovered
P108952,H098,Neurology,2025-03-09,2025-03-16,Emergency,No,Under Treatment
P108953,H059,ICU,2025-07-24,2025-07-31,Outpatient,No,Under Treatment
P108954,H062,Cardiology,2026-03-19,2026-03-25,Day Care,No,Recovered
P108955,H023,Dermatology,2025-10-09,2025-10-16,Day Care,No,Recovered
P108956,H028,General Medicine,2025-07-04,2025-07-08,Emergency,No,Transferred
P108957,H092,Radiology,2025-11-02,2025-11-08,Emergency,Yes,Transferred
P108958,H073,Pediatrics,2025-12-27,2026-01-02,Inpatient,Yes,Recovered
P108959,H034,Oncology,2026-03-22,2026-03-29,Emergency,No,Transferred
P108960,H064,Neurology,2025-11-05,2025-11-06,Outpatient,Yes,Under Treatment
P108961,H026,Neurology,2025-12-08,2025-12-16,Outpatient,No,Under Treatment
P108962,H069,Pediatrics,2026-04-19,2026-04-27,Day Care,No,Recovered
P108963,H082,General Medicine,2026-04-15,2026-04-23,Inpatient,No,Recovered
P108964,H027,Radiology,2026-01-27,2026-02-04,Emergency,No,Transferred
P108965,H030,General Medicine,2026-04-11,2026-04-15,Emergency,No,Recovered
P108966,H013,Cardiology,2025-07-06,2025-07-12,Day Care,No,Recovered
P108967,H039,Orthopedics,2025-03-14,2025-03-21,Emergency,Yes,Under Treatment
P108968,H063,Oncology,2025-12-20,2025-12-22,Inpatient,Yes,Under Treatment
P108969,H091,Orthopedics,2025-01-12,2025-01-22,Emergency,No,Under Treatment
P108970,H098,ICU,2025-06-06,2025-06-08,Outpatient,Yes,Transferred
P108971,H023,ICU,2025-01-12,2025-01-13,Outpatient,No,Under Treatment
P108972,H069,Radiology,2025-07-28,2025-07-31,Outpatient,Yes,Under Treatment
P108973,H049,ICU,2025-03-06,2025-03-06,Emergency,Yes,Recovered
P108974,H098,General Medicine,2025-09-13,2025-09-20,Emergency,Yes,Recovered
P108975,H084,Cardiology,2026-03-30,2026-04-04,Inpatient,Yes,Transferred
P108976,H005,Dermatology,2025-06-08,2025-06-18,Day Care,No,Recovered
P108977,H048,Pediatrics,2026-01-02,2026-01-02,Outpatient,Yes,Under Treatment
P108978,H031,General Medicine,2025-12-17,2025-12-19,Outpatient,Yes,Recovered
P108979,H037,Neurology,2026-05-07,2026-05-11,Emergency,Yes,Recovered
P108980,H018,Radiology,2025-05-15,2025-05-23,Day Care,No,Recovered
P108981,H040,Emergency,2025-08-03,2025-08-04,Day Care,No,Transferred
P108982,H017,General Medicine,2025-11-13,2025-11-13,Day Care,No,Under Treatment
P108983,H030,Neurology,2025-05-06,2025-05-06,Day Care,No,Recovered
P108984,H090,Radiology,2026-03-06,2026-03-15,Outpatient,Yes,Recovered
P108985,H025,Cardiology,2026-03-31,2026-04-01,Day Care,Yes,Recovered
P108986,H061,Emergency,2026-03-31,2026-04-09,Emergency,Yes,Transferred
P108987,H081,Orthopedics,2025-02-22,2025-02-24,Inpatient,No,Recovered
P108988,H082,ICU,2026-03-12,2026-03-17,Outpatient,Yes,Recovered
P108989,H100,General Medicine,2025-04-05,2025-04-07,Day Care,Yes,Under Treatment
P108990,H008,Dermatology,2025-12-23,2025-12-23,Emergency,No,Under Treatment
P108991,H035,Pediatrics,2025-12-08,2025-12-17,Inpatient,No,Recovered
P108992,H025,Radiology,2025-10-16,2025-10-24,Outpatient,No,Transferred
P108993,H018,Radiology,2025-11-16,2025-11-17,Emergency,Yes,Under Treatment
P108994,H029,ICU,2025-05-06,2025-05-06,Outpatient,Yes,Transferred
P108995,H079,Dermatology,2025-08-06,2025-08-12,Inpatient,No,Transferred
P108996,H052,Oncology,2025-12-16,2025-12-18,Emergency,No,Transferred
P108997,H009,General Medicine,2025-01-08,2025-01-10,Inpatient,No,Under Treatment
P108998,H087,Emergency,2026-05-07,2026-05-16,Inpatient,No,Transferred
P108999,H098,Dermatology,2026-01-01,2026-01-10,Outpatient,No,Under Treatment
P109000,H079,Emergency,2026-04-28,2026-05-08,Outpatient,Yes,Transferred
P109001,H002,Orthopedics,2026-03-17,2026-03-27,Emergency,No,Under Treatment
P109002,H063,Pediatrics,2025-02-14,2025-02-15,Inpatient,No,Under Treatment
P109003,H063,Dermatology,2025-12-25,2025-12-31,Emergency,Yes,Under Treatment
P109004,H040,Emergency,2025-12-25,2025-12-27,Day Care,No,Transferred
P109005,H090,Emergency,2025-05-29,2025-06-04,Day Care,No,Recovered
P109006,H011,Emergency,2025-05-21,2025-05-23,Day Care,Yes,Under Treatment
P109007,H023,Neurology,2025-04-05,2025-04-07,Day Care,Yes,Recovered
P109008,H017,Emergency,2025-09-17,2025-09-21,Day Care,No,Under Treatment
P109009,H077,Dermatology,2025-01-15,2025-01-16,Outpatient,No,Transferred
P109010,H058,Dermatology,2025-05-07,2025-05-09,Emergency,Yes,Transferred
P109011,H023,Emergency,2025-12-05,2025-12-09,Day Care,Yes,Under Treatment
P109012,H079,Radiology,2025-09-07,2025-09-10,Emergency,No,Transferred
P109013,H076,Orthopedics,2025-09-23,2025-09-28,Inpatient,No,Recovered
P109014,H055,Cardiology,2026-02-26,2026-03-04,Outpatient,Yes,Recovered
P109015,H043,Emergency,2025-04-04,2025-04-06,Day Care,No,Under Treatment
P109016,H058,Radiology,2026-04-27,2026-05-03,Inpatient,No,Under Treatment
P109017,H093,Oncology,2026-04-01,2026-04-05,Day Care,Yes,Recovered
P109018,H039,Dermatology,2025-03-26,2025-04-04,Inpatient,Yes,Under Treatment
P109019,H079,Pediatrics,2025-02-09,2025-02-18,Emergency,Yes,Under Treatment
P109020,H068,Radiology,2025-01-16,2025-01-18,Day Care,No,Under Treatment
P109021,H094,ICU,2025-07-04,2025-07-11,Inpatient,Yes,Transferred
P109022,H038,Neurology,2025-11-24,2025-12-03,Day Care,Yes,Transferred
P109023,H082,Cardiology,2025-05-11,2025-05-16,Inpatient,Yes,Under Treatment
P109024,H059,Orthopedics,2025-06-01,2025-06-08,Emergency,No,Under Treatment
P109025,H067,Dermatology,2026-02-09,2026-02-11,Inpatient,No,Recovered
P109026,H020,ICU,2026-02-07,2026-02-10,Outpatient,No,Recovered
P109027,H058,Pediatrics,2025-04-16,2025-04-22,Inpatient,No,Under Treatment
P109028,H038,ICU,2025-08-06,2025-08-10,Day Care,Yes,Transferred
P109029,H011,Radiology,2025-03-17,2025-03-23,Day Care,No,Recovered
P109030,H053,Radiology,2026-02-10,2026-02-10,Day Care,Yes,Recovered
P109031,H096,Dermatology,2025-04-29,2025-04-29,Day Care,No,Recovered
P109032,H096,Radiology,2025-05-14,2025-05-24,Day Care,No,Under Treatment
P109033,H045,Radiology,2025-05-31,2025-06-01,Inpatient,Yes,Under Treatment
P109034,H098,Orthopedics,2026-02-01,2026-02-01,Day Care,Yes,Recovered
P109035,H068,Emergency,2025-04-18,2025-04-21,Emergency,No,Under Treatment
P109036,H068,Orthopedics,2025-07-11,2025-07-11,Outpatient,Yes,Recovered
P109037,H081,Emergency,2025-08-20,2025-08-22,Emergency,No,Under Treatment
P109038,H094,Pediatrics,2025-01-16,2025-01-25,Inpatient,Yes,Transferred
P109039,H029,General Medicine,2025-11-21,2025-11-21,Inpatient,Yes,Under Treatment
P109040,H084,Neurology,2025-05-02,2025-05-09,Inpatient,Yes,Transferred
P109041,H074,General Medicine,2025-02-06,2025-02-15,Inpatient,Yes,Recovered
P109042,H038,Orthopedics,2025-05-21,2025-05-24,Inpatient,No,Recovered
P109043,H034,Cardiology,2025-10-14,2025-10-23,Inpatient,No,Transferred
P109044,H042,Dermatology,2026-03-22,2026-03-23,Emergency,No,Under Treatment
P109045,H036,Pediatrics,2026-03-16,2026-03-24,Outpatient,Yes,Transferred
P109046,H062,Pediatrics,2026-01-05,2026-01-13,Emergency,Yes,Recovered
P109047,H026,General Medicine,2025-01-09,2025-01-13,Outpatient,No,Recovered
P109048,H007,ICU,2025-01-06,2025-01-16,Inpatient,No,Recovered
P109049,H018,Emergency,2025-08-06,2025-08-07,Day Care,Yes,Transferred
P109050,H036,Emergency,2025-06-16,2025-06-17,Emergency,Yes,Transferred
P109051,H085,Dermatology,2025-03-30,2025-04-01,Inpatient,Yes,Transferred
P109052,H021,Cardiology,2025-12-25,2026-01-02,Outpatient,No,Transferred
P109053,H066,Neurology,2026-04-30,2026-04-30,Emergency,No,Recovered
P109054,H094,Cardiology,2025-11-07,2025-11-11,Day Care,No,Under Treatment
P109055,H048,Neurology,2026-02-06,2026-02-15,Emergency,No,Recovered
P109056,H043,General Medicine,2025-05-18,2025-05-20,Day Care,No,Under Treatment
P109057,H015,Pediatrics,2025-11-04,2025-11-05,Inpatient,No,Under Treatment
P109058,H010,ICU,2025-10-25,2025-11-04,Outpatient,No,Transferred
P109059,H053,Oncology,2025-05-02,2025-05-08,Day Care,Yes,Recovered
P109060,H071,ICU,2025-05-01,2025-05-11,Emergency,Yes,Recovered
P109061,H011,General Medicine,2025-09-06,2025-09-16,Outpatient,No,Transferred
P109062,H028,ICU,2025-01-05,2025-01-07,Outpatient,No,Recovered
P109063,H064,General Medicine,2025-03-26,2025-03-27,Day Care,No,Transferred
P109064,H027,Emergency,2026-02-16,2026-02-17,Emergency,No,Recovered
P109065,H024,Neurology,2025-07-03,2025-07-11,Inpatient,Yes,Transferred
P109066,H070,Emergency,2025-03-31,2025-03-31,Outpatient,No,Under Treatment
P109067,H061,General Medicine,2025-06-08,2025-06-10,Day Care,Yes,Under Treatment
P109068,H005,Oncology,2025-03-22,2025-03-22,Inpatient,Yes,Recovered
P109069,H089,ICU,2026-05-02,2026-05-09,Day Care,No,Recovered
P109070,H088,Neurology,2025-07-23,2025-07-27,Outpatient,No,Under Treatment
P109071,H031,Dermatology,2026-01-07,2026-01-09,Day Care,No,Under Treatment
P109072,H084,Orthopedics,2025-04-14,2025-04-18,Outpatient,Yes,Recovered
P109073,H070,Radiology,2026-04-02,2026-04-05,Inpatient,Yes,Under Treatment
P109074,H006,Radiology,2025-03-17,2025-03-24,Inpatient,No,Under Treatment
P109075,H032,ICU,2025-01-26,2025-01-28,Day Care,Yes,Transferred
P109076,H064,Neurology,2026-01-26,2026-01-30,Emergency,No,Under Treatment
P109077,H081,ICU,2026-02-12,2026-02-22,Emergency,Yes,Under Treatment
P109078,H048,Oncology,2025-03-04,2025-03-11,Inpatient,No,Under Treatment
P109079,H081,Oncology,2026-03-16,2026-03-20,Inpatient,No,Under Treatment
P109080,H084,Orthopedics,2025-09-16,2025-09-22,Day Care,Yes,Recovered
P109081,H049,Orthopedics,2025-08-03,2025-08-06,Emergency,No,Recovered
P109082,H013,Emergency,2025-01-08,2025-01-17,Day Care,No,Transferred
P109083,H058,General Medicine,2025-12-14,2025-12-22,Day Care,No,Recovered
P109084,H019,Pediatrics,2025-03-28,2025-04-01,Outpatient,No,Recovered
P109085,H033,General Medicine,2025-07-20,2025-07-26,Day Care,Yes,Recovered
P109086,H072,Radiology,2025-06-30,2025-06-30,Inpatient,No,Transferred
P109087,H059,Dermatology,2025-12-03,2025-12-08,Inpatient,Yes,Recovered
P109088,H023,Pediatrics,2026-05-10,2026-05-15,Outpatient,No,Recovered
P109089,H028,Orthopedics,2025-02-16,2025-02-18,Inpatient,Yes,Recovered
P109090,H070,ICU,2025-03-11,2025-03-16,Emergency,Yes,Recovered
P109091,H055,Cardiology,2025-08-17,2025-08-23,Emergency,No,Recovered
P109092,H058,Emergency,2025-05-01,2025-05-03,Outpatient,No,Under Treatment
P109093,H047,Neurology,2026-01-05,2026-01-10,Inpatient,No,Transferred
P109094,H077,Orthopedics,2025-01-02,2025-01-03,Inpatient,No,Under Treatment
P109095,H087,Neurology,2025-12-12,2025-12-14,Inpatient,Yes,Transferred
P109096,H035,Radiology,2025-07-15,2025-07-23,Outpatient,No,Under Treatment
P109097,H071,Cardiology,2026-04-05,2026-04-10,Inpatient,Yes,Recovered
P109098,H097,Pediatrics,2025-03-10,2025-03-17,Inpatient,Yes,Transferred
P109099,H007,Dermatology,2025-01-23,2025-01-31,Day Care,Yes,Transferred
P109100,H009,Emergency,2025-12-04,2025-12-09,Day Care,Yes,Transferred
P109101,H043,Pediatrics,2025-03-24,2025-03-28,Outpatient,Yes,Transferred
P109102,H032,Orthopedics,2025-06-17,2025-06-21,Inpatient,No,Recovered
P109103,H081,Oncology,2025-07-08,2025-07-09,Inpatient,Yes,Recovered
P109104,H065,Radiology,2025-01-20,2025-01-21,Emergency,Yes,Recovered
P109105,H033,Emergency,2025-06-01,2025-06-01,Day Care,No,Transferred
P109106,H100,Dermatology,2026-03-15,2026-03-25,Inpatient,No,Transferred
P109107,H032,General Medicine,2025-12-15,2025-12-16,Inpatient,No,Recovered
P109108,H061,Pediatrics,2026-01-17,2026-01-19,Inpatient,Yes,Transferred
P109109,H012,General Medicine,2025-10-27,2025-11-02,Emergency,Yes,Recovered
P109110,H055,Dermatology,2025-07-12,2025-07-15,Inpatient,No,Transferred
P109111,H051,Emergency,2025-11-20,2025-11-23,Emergency,Yes,Under Treatment
P109112,H033,Cardiology,2025-08-29,2025-09-03,Day Care,No,Recovered
P109113,H030,Neurology,2026-02-27,2026-03-02,Day Care,No,Recovered
P109114,H024,Oncology,2025-01-27,2025-01-27,Outpatient,No,Recovered
P109115,H073,Orthopedics,2025-10-04,2025-10-10,Inpatient,No,Under Treatment
P109116,H022,Dermatology,2025-02-06,2025-02-16,Day Care,No,Recovered
P109117,H080,General Medicine,2025-10-24,2025-10-30,Day Care,Yes,Under Treatment
P109118,H082,General Medicine,2026-05-13,2026-05-18,Inpatient,Yes,Under Treatment
P109119,H071,Radiology,2025-01-07,2025-01-10,Outpatient,No,Recovered
P109120,H054,Emergency,2025-07-30,2025-08-04,Outpatient,No,Under Treatment
P109121,H037,Oncology,2025-11-14,2025-11-20,Inpatient,Yes,Recovered
P109122,H013,Pediatrics,2025-01-25,2025-02-03,Emergency,No,Recovered
P109123,H031,Oncology,2025-11-26,2025-12-06,Emergency,Yes,Under Treatment
P109124,H023,Emergency,2025-06-01,2025-06-04,Emergency,No,Under Treatment
P109125,H082,Emergency,2026-03-12,2026-03-22,Inpatient,No,Transferred
P109126,H081,Orthopedics,2025-06-13,2025-06-13,Outpatient,No,Transferred
P109127,H064,Oncology,2026-03-23,2026-03-28,Emergency,Yes,Under Treatment
P109128,H030,Emergency,2025-07-12,2025-07-18,Day Care,No,Recovered
P109129,H069,Pediatrics,2025-05-21,2025-05-23,Day Care,Yes,Under Treatment
P109130,H011,ICU,2026-05-08,2026-05-12,Outpatient,No,Recovered
P109131,H007,Pediatrics,2025-03-04,2025-03-12,Day Care,Yes,Recovered
P109132,H097,Radiology,2025-12-31,2025-12-31,Outpatient,Yes,Under Treatment
P109133,H081,Emergency,2026-03-17,2026-03-26,Outpatient,Yes,Under Treatment
P109134,H045,Emergency,2025-08-30,2025-08-30,Outpatient,Yes,Transferred
P109135,H039,Orthopedics,2025-08-27,2025-08-29,Outpatient,Yes,Under Treatment
P109136,H081,Oncology,2026-02-15,2026-02-25,Inpatient,No,Transferred
P109137,H074,Emergency,2025-09-24,2025-09-27,Outpatient,No,Recovered
P109138,H024,ICU,2025-01-07,2025-01-17,Outpatient,No,Under Treatment
P109139,H083,Orthopedics,2026-04-26,2026-05-03,Day Care,Yes,Under Treatment
P109140,H032,Dermatology,2025-09-14,2025-09-14,Outpatient,No,Under Treatment
P109141,H065,ICU,2026-02-12,2026-02-14,Inpatient,No,Transferred
P109142,H025,Oncology,2025-05-19,2025-05-26,Day Care,Yes,Transferred
P109143,H004,Orthopedics,2026-02-14,2026-02-21,Outpatient,Yes,Recovered
P109144,H021,Pediatrics,2025-04-30,2025-04-30,Emergency,No,Under Treatment
P109145,H016,Cardiology,2026-01-25,2026-02-02,Emergency,No,Under Treatment
P109146,H024,ICU,2025-05-01,2025-05-10,Emergency,No,Under Treatment
P109147,H072,Neurology,2026-04-17,2026-04-25,Emergency,No,Under Treatment
P109148,H040,Dermatology,2025-10-24,2025-10-27,Day Care,Yes,Transferred
P109149,H055,Orthopedics,2026-02-28,2026-03-06,Emergency,Yes,Transferred
P109150,H053,Pediatrics,2025-11-10,2025-11-13,Day Care,Yes,Recovered
P109151,H076,Cardiology,2025-03-23,2025-03-30,Inpatient,No,Under Treatment
P109152,H092,ICU,2026-03-03,2026-03-07,Emergency,No,Recovered
P109153,H034,Dermatology,2025-02-25,2025-02-26,Day Care,No,Transferred
P109154,H068,Emergency,2025-01-23,2025-01-27,Inpatient,No,Under Treatment
P109155,H079,ICU,2026-01-24,2026-01-29,Outpatient,Yes,Under Treatment
P109156,H017,Dermatology,2025-03-13,2025-03-20,Outpatient,Yes,Recovered
P109157,H077,Pediatrics,2025-06-25,2025-07-02,Emergency,Yes,Recovered
P109158,H091,Dermatology,2025-05-21,2025-05-23,Inpatient,No,Transferred
P109159,H074,Emergency,2025-02-22,2025-02-27,Outpatient,Yes,Recovered
P109160,H003,General Medicine,2026-04-04,2026-04-05,Inpatient,No,Transferred
P109161,H050,ICU,2025-01-24,2025-01-31,Inpatient,No,Transferred
P109162,H056,Orthopedics,2026-04-09,2026-04-18,Emergency,Yes,Under Treatment
P109163,H017,Neurology,2026-01-28,2026-02-04,Emergency,Yes,Recovered
P109164,H090,Dermatology,2026-04-28,2026-04-28,Inpatient,Yes,Under Treatment
P109165,H035,Neurology,2025-03-17,2025-03-25,Emergency,No,Under Treatment
P109166,H028,Radiology,2025-05-06,2025-05-16,Outpatient,No,Recovered
P109167,H062,Radiology,2025-04-23,2025-04-27,Outpatient,Yes,Recovered
P109168,H044,Pediatrics,2025-05-22,2025-05-26,Outpatient,No,Transferred
P109169,H044,ICU,2025-05-25,2025-06-04,Outpatient,No,Recovered
P109170,H051,Dermatology,2026-01-23,2026-01-28,Emergency,No,Under Treatment
P109171,H092,ICU,2025-11-01,2025-11-07,Inpatient,Yes,Transferred
P109172,H040,Dermatology,2026-04-28,2026-05-08,Emergency,Yes,Recovered
P109173,H051,Cardiology,2025-01-28,2025-01-28,Outpatient,Yes,Transferred
P109174,H071,ICU,2025-07-16,2025-07-22,Emergency,No,Recovered
P109175,H025,Orthopedics,2025-10-09,2025-10-16,Day Care,Yes,Transferred
P109176,H089,Oncology,2025-11-23,2025-11-27,Emergency,Yes,Under Treatment
P109177,H090,Oncology,2025-12-08,2025-12-15,Outpatient,No,Under Treatment
P109178,H100,General Medicine,2026-04-28,2026-05-02,Outpatient,No,Under Treatment
P109179,H070,Neurology,2026-03-08,2026-03-14,Emergency,Yes,Under Treatment
P109180,H007,Radiology,2025-08-17,2025-08-20,Emergency,No,Under Treatment
P109181,H013,Emergency,2025-01-16,2025-01-18,Emergency,No,Recovered
P109182,H052,Cardiology,2025-09-29,2025-10-02,Emergency,Yes,Under Treatment
P109183,H080,Dermatology,2025-05-20,2025-05-24,Inpatient,No,Recovered
P109184,H062,Dermatology,2025-05-11,2025-05-17,Emergency,No,Recovered
P109185,H086,Emergency,2025-02-01,2025-02-01,Emergency,Yes,Transferred
P109186,H071,Orthopedics,2025-07-21,2025-07-22,Day Care,Yes,Transferred
P109187,H078,Emergency,2025-03-07,2025-03-09,Day Care,No,Under Treatment
P109188,H064,Radiology,2025-06-15,2025-06-22,Day Care,Yes,Transferred
P109189,H081,Cardiology,2025-02-04,2025-02-12,Day Care,Yes,Under Treatment
P109190,H068,Neurology,2025-03-19,2025-03-28,Day Care,Yes,Recovered
P109191,H089,ICU,2025-08-27,2025-09-06,Day Care,No,Recovered
P109192,H084,Cardiology,2025-07-24,2025-07-27,Outpatient,No,Transferred
P109193,H058,General Medicine,2025-07-06,2025-07-06,Outpatient,No,Transferred
P109194,H096,Dermatology,2025-12-25,2026-01-03,Inpatient,Yes,Transferred
P109195,H012,Cardiology,2025-03-17,2025-03-22,Emergency,No,Transferred
P109196,H042,Orthopedics,2026-01-24,2026-01-26,Day Care,Yes,Under Treatment
P109197,H045,Neurology,2025-12-20,2025-12-30,Day Care,Yes,Under Treatment
P109198,H048,Radiology,2026-05-15,2026-05-16,Emergency,Yes,Transferred
P109199,H060,Dermatology,2026-02-10,2026-02-14,Emergency,Yes,Transferred
P109200,H030,Neurology,2026-05-16,2026-05-18,Outpatient,Yes,Recovered
P109201,H019,Neurology,2025-07-08,2025-07-09,Day Care,No,Recovered
P109202,H031,ICU,2025-10-26,2025-10-28,Emergency,No,Under Treatment
P109203,H014,Orthopedics,2026-05-13,2026-05-13,Emergency,Yes,Recovered
P109204,H043,Dermatology,2025-12-17,2025-12-18,Day Care,No,Recovered
P109205,H072,Dermatology,2026-03-04,2026-03-14,Emergency,No,Under Treatment
P109206,H056,ICU,2025-06-15,2025-06-20,Emergency,No,Recovered
P109207,H031,Emergency,2025-07-19,2025-07-20,Outpatient,Yes,Recovered
P109208,H047,ICU,2025-09-01,2025-09-07,Outpatient,Yes,Transferred
P109209,H044,Radiology,2025-01-06,2025-01-09,Outpatient,No,Recovered
P109210,H073,General Medicine,2025-11-01,2025-11-01,Day Care,No,Recovered
P109211,H065,Oncology,2026-04-05,2026-04-11,Outpatient,Yes,Transferred
P109212,H077,Orthopedics,2026-01-20,2026-01-28,Inpatient,No,Recovered
P109213,H022,Orthopedics,2025-11-13,2025-11-21,Inpatient,Yes,Under Treatment
P109214,H037,General Medicine,2025-11-04,2025-11-08,Emergency,Yes,Transferred
P109215,H030,ICU,2026-04-21,2026-04-24,Day Care,Yes,Transferred
P109216,H084,General Medicine,2026-05-03,2026-05-08,Emergency,No,Transferred
P109217,H032,Dermatology,2025-07-05,2025-07-08,Day Care,No,Under Treatment
P109218,H049,Pediatrics,2025-05-16,2025-05-17,Inpatient,Yes,Recovered
P109219,H079,Radiology,2025-04-11,2025-04-17,Inpatient,Yes,Under Treatment
P109220,H060,ICU,2025-07-08,2025-07-15,Emergency,Yes,Recovered
P109221,H059,Emergency,2025-11-21,2025-11-21,Inpatient,No,Under Treatment
P109222,H053,Pediatrics,2025-01-18,2025-01-21,Emergency,No,Under Treatment
P109223,H086,Emergency,2025-01-23,2025-02-02,Day Care,No,Recovered
P109224,H074,Orthopedics,2026-04-11,2026-04-15,Day Care,No,Transferred
P109225,H021,ICU,2025-04-07,2025-04-15,Day Care,Yes,Recovered
P109226,H053,Emergency,2026-02-08,2026-02-09,Emergency,Yes,Under Treatment
P109227,H074,Orthopedics,2025-11-19,2025-11-20,Inpatient,Yes,Under Treatment
P109228,H074,Radiology,2025-05-08,2025-05-15,Inpatient,No,Under Treatment
P109229,H059,Pediatrics,2026-02-17,2026-02-25,Outpatient,No,Under Treatment
P109230,H080,Emergency,2026-02-26,2026-03-04,Outpatient,Yes,Under Treatment
P109231,H002,ICU,2025-12-10,2025-12-12,Emergency,No,Recovered
P109232,H022,Emergency,2025-09-17,2025-09-22,Inpatient,Yes,Recovered
P109233,H069,Dermatology,2025-10-29,2025-11-02,Outpatient,Yes,Transferred
P109234,H073,Oncology,2025-03-06,2025-03-14,Day Care,No,Under Treatment
P109235,H015,Orthopedics,2025-12-02,2025-12-09,Day Care,Yes,Recovered
P109236,H020,Emergency,2025-03-31,2025-04-01,Day Care,No,Under Treatment
P109237,H063,Radiology,2025-07-26,2025-08-04,Inpatient,Yes,Recovered
P109238,H085,Cardiology,2025-09-07,2025-09-11,Emergency,No,Recovered
P109239,H038,Emergency,2026-04-02,2026-04-11,Emergency,Yes,Under Treatment
P109240,H057,Pediatrics,2025-08-09,2025-08-12,Day Care,Yes,Under Treatment
P109241,H004,Dermatology,2025-12-06,2025-12-15,Outpatient,Yes,Under Treatment
P109242,H011,Oncology,2025-07-06,2025-07-14,Outpatient,No,Recovered
P109243,H094,Cardiology,2025-06-16,2025-06-26,Day Care,No,Recovered
P109244,H071,Emergency,2025-01-14,2025-01-21,Outpatient,Yes,Under Treatment
P109245,H099,Pediatrics,2025-08-26,2025-08-31,Emergency,Yes,Transferred
P109246,H011,General Medicine,2025-03-07,2025-03-12,Outpatient,Yes,Under Treatment
P109247,H087,Orthopedics,2026-04-27,2026-05-02,Outpatient,Yes,Under Treatment
P109248,H016,ICU,2025-02-27,2025-03-07,Outpatient,Yes,Recovered
P109249,H034,Pediatrics,2026-02-10,2026-02-12,Outpatient,No,Under Treatment
P109250,H029,Neurology,2025-05-19,2025-05-27,Emergency,Yes,Transferred
P109251,H043,Dermatology,2025-01-17,2025-01-20,Emergency,No,Transferred
P109252,H058,Orthopedics,2025-02-04,2025-02-14,Outpatient,No,Under Treatment
P109253,H084,Dermatology,2025-09-28,2025-10-05,Inpatient,Yes,Transferred
P109254,H014,Pediatrics,2026-03-30,2026-04-02,Emergency,No,Recovered
P109255,H046,General Medicine,2025-12-05,2025-12-11,Emergency,No,Under Treatment
P109256,H069,Neurology,2025-03-14,2025-03-14,Emergency,Yes,Recovered
P109257,H078,General Medicine,2025-01-10,2025-01-19,Outpatient,No,Transferred
P109258,H085,General Medicine,2025-09-24,2025-09-29,Emergency,Yes,Recovered
P109259,H085,Radiology,2025-12-01,2025-12-04,Day Care,Yes,Under Treatment
P109260,H071,Cardiology,2025-03-15,2025-03-25,Emergency,Yes,Under Treatment
P109261,H078,Cardiology,2025-04-20,2025-04-27,Outpatient,Yes,Recovered
P109262,H014,Cardiology,2025-04-19,2025-04-29,Inpatient,Yes,Under Treatment
P109263,H025,Dermatology,2026-03-19,2026-03-28,Emergency,No,Recovered
P109264,H084,Oncology,2025-07-04,2025-07-06,Emergency,No,Recovered
P109265,H067,Radiology,2025-12-14,2025-12-16,Day Care,Yes,Under Treatment
P109266,H096,Pediatrics,2025-02-05,2025-02-11,Day Care,Yes,Recovered
P109267,H017,Neurology,2025-03-27,2025-03-29,Outpatient,Yes,Under Treatment
P109268,H082,ICU,2026-01-13,2026-01-20,Emergency,No,Transferred
P109269,H082,Orthopedics,2025-02-26,2025-03-03,Day Care,Yes,Under Treatment
P109270,H045,ICU,2025-06-26,2025-06-26,Day Care,Yes,Transferred
P109271,H052,Radiology,2025-11-14,2025-11-20,Emergency,Yes,Recovered
P109272,H027,Dermatology,2026-02-06,2026-02-09,Outpatient,Yes,Under Treatment
P109273,H027,General Medicine,2025-01-11,2025-01-13,Outpatient,Yes,Transferred
P109274,H091,Pediatrics,2026-02-06,2026-02-15,Outpatient,Yes,Recovered
P109275,H003,ICU,2025-05-04,2025-05-14,Emergency,Yes,Transferred
P109276,H077,General Medicine,2025-05-09,2025-05-11,Outpatient,Yes,Recovered
P109277,H092,Dermatology,2025-03-04,2025-03-06,Outpatient,Yes,Transferred
P109278,H099,Dermatology,2025-01-29,2025-02-05,Outpatient,No,Transferred
P109279,H029,Oncology,2026-03-20,2026-03-24,Day Care,Yes,Transferred
P109280,H086,Radiology,2025-07-20,2025-07-29,Outpatient,Yes,Recovered
P109281,H020,General Medicine,2025-01-07,2025-01-14,Emergency,Yes,Recovered
P109282,H084,Orthopedics,2025-05-23,2025-05-29,Emergency,Yes,Transferred
P109283,H070,Neurology,2025-04-18,2025-04-20,Emergency,No,Under Treatment
P109284,H063,Pediatrics,2025-10-05,2025-10-11,Emergency,No,Transferred
P109285,H075,General Medicine,2026-04-20,2026-04-23,Emergency,No,Recovered
P109286,H002,Orthopedics,2025-07-01,2025-07-10,Outpatient,No,Transferred
P109287,H042,Radiology,2025-05-01,2025-05-02,Outpatient,Yes,Transferred
P109288,H038,Dermatology,2025-12-31,2026-01-02,Day Care,Yes,Transferred
P109289,H017,Emergency,2026-04-11,2026-04-14,Day Care,Yes,Under Treatment
P109290,H028,Oncology,2025-10-06,2025-10-07,Emergency,No,Transferred
P109291,H083,Dermatology,2025-02-22,2025-02-24,Outpatient,No,Recovered
P109292,H032,ICU,2025-12-03,2025-12-10,Day Care,Yes,Under Treatment
P109293,H023,Orthopedics,2025-08-30,2025-09-04,Inpatient,Yes,Under Treatment
P109294,H036,ICU,2025-04-17,2025-04-21,Inpatient,No,Under Treatment
P109295,H020,Orthopedics,2026-02-04,2026-02-10,Inpatient,No,Transferred
P109296,H002,Dermatology,2026-02-12,2026-02-19,Day Care,Yes,Recovered
P109297,H096,General Medicine,2026-03-17,2026-03-21,Outpatient,No,Recovered
P109298,H018,Neurology,2026-01-26,2026-01-31,Day Care,Yes,Transferred
P109299,H017,Neurology,2025-08-08,2025-08-17,Outpatient,Yes,Under Treatment
P109300,H055,Cardiology,2025-09-21,2025-09-25,Outpatient,Yes,Transferred
P109301,H091,Cardiology,2025-04-30,2025-05-04,Day Care,No,Transferred
P109302,H091,Orthopedics,2026-04-23,2026-04-23,Outpatient,No,Under Treatment
P109303,H012,Radiology,2025-10-29,2025-10-31,Day Care,Yes,Transferred
P109304,H013,Orthopedics,2025-12-20,2025-12-23,Inpatient,Yes,Recovered
P109305,H037,Emergency,2025-02-08,2025-02-09,Outpatient,Yes,Under Treatment
P109306,H099,Dermatology,2025-03-05,2025-03-13,Emergency,No,Transferred
P109307,H082,General Medicine,2026-04-20,2026-04-23,Day Care,No,Recovered
P109308,H042,Emergency,2025-08-30,2025-09-06,Day Care,Yes,Under Treatment
P109309,H026,Neurology,2025-07-20,2025-07-24,Inpatient,No,Under Treatment
P109310,H036,Pediatrics,2025-12-14,2025-12-22,Day Care,Yes,Under Treatment
P109311,H091,Radiology,2025-01-03,2025-01-04,Outpatient,No,Under Treatment
P109312,H092,General Medicine,2025-11-18,2025-11-18,Day Care,Yes,Recovered
P109313,H029,Oncology,2026-03-13,2026-03-23,Emergency,No,Recovered
P109314,H062,ICU,2026-03-21,2026-03-22,Day Care,Yes,Transferred
P109315,H030,Oncology,2025-03-17,2025-03-22,Outpatient,Yes,Under Treatment
P109316,H027,Orthopedics,2025-07-10,2025-07-17,Inpatient,Yes,Recovered
P109317,H085,Oncology,2025-10-30,2025-11-01,Outpatient,No,Under Treatment
P109318,H076,Neurology,2025-07-30,2025-08-06,Outpatient,No,Transferred
P109319,H095,ICU,2026-03-07,2026-03-13,Outpatient,Yes,Transferred
P109320,H018,Neurology,2025-02-05,2025-02-06,Outpatient,Yes,Transferred
P109321,H039,General Medicine,2025-12-27,2025-12-27,Emergency,Yes,Transferred
P109322,H030,Pediatrics,2026-02-17,2026-02-25,Inpatient,No,Recovered
P109323,H013,Neurology,2026-03-09,2026-03-12,Emergency,Yes,Recovered
P109324,H077,Pediatrics,2026-01-31,2026-02-06,Inpatient,Yes,Recovered
P109325,H069,Dermatology,2025-11-27,2025-12-05,Inpatient,No,Transferred
P109326,H089,General Medicine,2025-02-08,2025-02-10,Inpatient,Yes,Recovered
P109327,H025,Emergency,2025-10-07,2025-10-16,Outpatient,Yes,Recovered
P109328,H052,Cardiology,2026-03-15,2026-03-23,Day Care,No,Recovered
P109329,H029,Emergency,2025-03-01,2025-03-05,Inpatient,Yes,Under Treatment
P109330,H007,Neurology,2025-10-22,2025-10-30,Inpatient,No,Transferred
P109331,H085,Oncology,2025-12-19,2025-12-24,Emergency,Yes,Under Treatment
P109332,H076,Radiology,2025-11-20,2025-11-25,Outpatient,No,Under Treatment
P109333,H093,Neurology,2025-08-06,2025-08-08,Day Care,Yes,Transferred
P109334,H099,Neurology,2025-02-15,2025-02-17,Outpatient,No,Recovered
P109335,H005,ICU,2025-07-11,2025-07-19,Emergency,No,Under Treatment
P109336,H031,Emergency,2025-07-03,2025-07-05,Inpatient,No,Transferred
P109337,H047,Radiology,2025-07-03,2025-07-05,Inpatient,No,Recovered
P109338,H069,Pediatrics,2025-03-04,2025-03-07,Inpatient,No,Transferred
P109339,H021,Dermatology,2026-01-17,2026-01-17,Day Care,No,Under Treatment
P109340,H064,Cardiology,2025-02-27,2025-03-07,Inpatient,No,Under Treatment
P109341,H069,Dermatology,2025-07-10,2025-07-13,Inpatient,Yes,Under Treatment
P109342,H010,Pediatrics,2025-12-15,2025-12-21,Outpatient,No,Transferred
P109343,H044,General Medicine,2025-11-06,2025-11-11,Inpatient,No,Recovered
P109344,H039,Oncology,2025-08-01,2025-08-04,Outpatient,Yes,Transferred
P109345,H032,Emergency,2025-12-28,2025-12-31,Emergency,No,Recovered
P109346,H072,ICU,2026-03-25,2026-03-29,Outpatient,Yes,Under Treatment
P109347,H034,Pediatrics,2026-03-01,2026-03-09,Outpatient,Yes,Transferred
P109348,H056,ICU,2025-08-02,2025-08-04,Emergency,No,Under Treatment
P109349,H028,Pediatrics,2026-01-25,2026-01-25,Inpatient,Yes,Transferred
P109350,H065,Orthopedics,2026-02-15,2026-02-19,Inpatient,No,Under Treatment
P109351,H012,Orthopedics,2025-06-25,2025-07-05,Inpatient,Yes,Transferred
P109352,H095,Cardiology,2025-07-27,2025-07-29,Day Care,No,Under Treatment
P109353,H090,Orthopedics,2025-05-23,2025-05-27,Inpatient,Yes,Transferred
P109354,H088,Dermatology,2025-09-08,2025-09-17,Inpatient,Yes,Recovered
P109355,H048,Emergency,2025-05-27,2025-05-29,Inpatient,No,Recovered
P109356,H076,Dermatology,2026-02-07,2026-02-13,Outpatient,No,Transferred
P109357,H052,Orthopedics,2025-07-20,2025-07-22,Day Care,No,Under Treatment
P109358,H087,Pediatrics,2025-10-12,2025-10-16,Outpatient,No,Recovered
P109359,H097,Dermatology,2025-03-01,2025-03-03,Day Care,Yes,Under Treatment
P109360,H009,Neurology,2025-01-08,2025-01-16,Day Care,Yes,Under Treatment
P109361,H054,Radiology,2025-10-30,2025-11-02,Outpatient,Yes,Under Treatment
P109362,H026,Oncology,2025-10-15,2025-10-18,Inpatient,No,Under Treatment
P109363,H001,Emergency,2025-08-11,2025-08-15,Outpatient,No,Under Treatment
P109364,H053,General Medicine,2025-06-30,2025-07-10,Day Care,Yes,Recovered
P109365,H086,Cardiology,2026-03-20,2026-03-28,Outpatient,Yes,Under Treatment
P109366,H099,General Medicine,2025-06-27,2025-07-02,Day Care,No,Transferred
P109367,H065,Dermatology,2025-12-12,2025-12-21,Day Care,Yes,Transferred
P109368,H046,Oncology,2025-08-13,2025-08-15,Outpatient,Yes,Transferred
P109369,H097,Dermatology,2025-09-12,2025-09-20,Emergency,Yes,Transferred
P109370,H066,Cardiology,2025-01-28,2025-01-29,Inpatient,No,Recovered
P109371,H072,Cardiology,2025-03-30,2025-04-09,Outpatient,No,Transferred
P109372,H095,Neurology,2025-06-10,2025-06-14,Inpatient,Yes,Transferred
P109373,H052,Cardiology,2025-02-22,2025-02-25,Inpatient,Yes,Transferred
P109374,H064,Dermatology,2026-03-01,2026-03-08,Emergency,Yes,Under Treatment
P109375,H028,Radiology,2025-06-21,2025-06-29,Outpatient,No,Under Treatment
P109376,H089,Oncology,2025-01-06,2025-01-08,Outpatient,No,Recovered
P109377,H048,General Medicine,2026-03-09,2026-03-12,Outpatient,Yes,Transferred
P109378,H024,General Medicine,2025-06-03,2025-06-13,Emergency,No,Transferred
P109379,H052,Dermatology,2025-07-15,2025-07-20,Inpatient,Yes,Recovered
P109380,H012,Oncology,2025-05-01,2025-05-04,Outpatient,No,Under Treatment
P109381,H067,Oncology,2025-04-07,2025-04-17,Emergency,No,Under Treatment
P109382,H089,Neurology,2026-02-22,2026-02-24,Day Care,Yes,Transferred
P109383,H085,Pediatrics,2025-02-07,2025-02-07,Day Care,No,Transferred
P109384,H004,Cardiology,2026-04-25,2026-04-30,Inpatient,Yes,Under Treatment
P109385,H005,Pediatrics,2025-09-16,2025-09-18,Emergency,No,Recovered
P109386,H035,Pediatrics,2025-03-26,2025-03-27,Day Care,Yes,Under Treatment
P109387,H094,ICU,2025-03-01,2025-03-09,Emergency,No,Recovered
P109388,H052,Cardiology,2026-03-23,2026-03-28,Outpatient,Yes,Recovered
P109389,H008,Emergency,2026-01-27,2026-01-27,Inpatient,No,Under Treatment
P109390,H042,Orthopedics,2026-04-18,2026-04-28,Outpatient,No,Transferred
P109391,H011,Pediatrics,2025-03-30,2025-04-04,Emergency,Yes,Transferred
P109392,H030,General Medicine,2026-03-26,2026-04-01,Emergency,No,Recovered
P109393,H028,Oncology,2025-06-28,2025-07-04,Day Care,No,Transferred
P109394,H054,Oncology,2025-01-13,2025-01-13,Emergency,No,Transferred
P109395,H067,Dermatology,2026-04-29,2026-05-09,Outpatient,Yes,Under Treatment
P109396,H039,Oncology,2025-09-27,2025-09-27,Emergency,No,Transferred
P109397,H055,Pediatrics,2026-02-15,2026-02-16,Day Care,Yes,Transferred
P109398,H062,Orthopedics,2025-07-15,2025-07-17,Inpatient,No,Under Treatment
P109399,H037,Neurology,2026-01-05,2026-01-07,Outpatient,Yes,Transferred
P109400,H081,Orthopedics,2025-05-23,2025-06-01,Day Care,No,Under Treatment
P109401,H009,Pediatrics,2026-01-20,2026-01-30,Inpatient,Yes,Under Treatment
P109402,H090,General Medicine,2025-08-25,2025-08-25,Day Care,Yes,Recovered
P109403,H001,Orthopedics,2025-02-23,2025-02-23,Inpatient,No,Under Treatment
P109404,H089,ICU,2025-12-10,2025-12-18,Outpatient,Yes,Transferred
P109405,H016,Emergency,2025-09-03,2025-09-13,Day Care,No,Transferred
P109406,H027,Cardiology,2025-01-03,2025-01-08,Outpatient,Yes,Recovered
P109407,H077,Orthopedics,2025-03-16,2025-03-22,Emergency,No,Under Treatment
P109408,H070,Neurology,2025-02-24,2025-03-02,Day Care,Yes,Recovered
P109409,H068,Radiology,2025-05-08,2025-05-10,Inpatient,Yes,Under Treatment
P109410,H017,Oncology,2025-08-31,2025-09-01,Emergency,Yes,Under Treatment
P109411,H046,ICU,2025-03-13,2025-03-23,Inpatient,Yes,Under Treatment
P109412,H077,Oncology,2026-01-27,2026-01-29,Emergency,No,Under Treatment
P109413,H070,Neurology,2026-01-13,2026-01-17,Emergency,Yes,Under Treatment
P109414,H041,Orthopedics,2025-05-09,2025-05-11,Outpatient,No,Under Treatment
P109415,H019,General Medicine,2026-01-28,2026-01-31,Inpatient,No,Recovered
P109416,H063,Neurology,2025-04-05,2025-04-14,Outpatient,No,Recovered
P109417,H035,ICU,2025-06-26,2025-07-06,Emergency,Yes,Transferred
P109418,H092,Neurology,2025-03-30,2025-04-08,Outpatient,Yes,Under Treatment
P109419,H015,Dermatology,2025-01-05,2025-01-13,Inpatient,No,Under Treatment
P109420,H096,ICU,2026-03-10,2026-03-10,Outpatient,Yes,Transferred
P109421,H005,Pediatrics,2026-03-10,2026-03-18,Day Care,No,Under Treatment
P109422,H059,Oncology,2025-11-11,2025-11-16,Day Care,Yes,Under Treatment
P109423,H043,Orthopedics,2025-08-29,2025-09-06,Outpatient,Yes,Recovered
P109424,H010,General Medicine,2025-10-02,2025-10-08,Inpatient,No,Recovered
P109425,H051,General Medicine,2025-05-17,2025-05-25,Outpatient,No,Recovered
P109426,H062,Orthopedics,2025-11-18,2025-11-28,Emergency,Yes,Under Treatment
P109427,H091,Pediatrics,2026-02-25,2026-03-06,Emergency,No,Recovered
P109428,H089,Radiology,2026-02-24,2026-03-06,Inpatient,No,Transferred
P109429,H001,Radiology,2025-05-31,2025-06-08,Inpatient,No,Recovered
P109430,H002,Radiology,2025-01-18,2025-01-27,Inpatient,Yes,Under Treatment
P109431,H008,Cardiology,2025-02-02,2025-02-04,Inpatient,Yes,Under Treatment
P109432,H043,General Medicine,2025-09-05,2025-09-09,Day Care,Yes,Recovered
P109433,H027,ICU,2025-01-11,2025-01-11,Outpatient,No,Under Treatment
P109434,H078,Oncology,2025-11-03,2025-11-05,Emergency,No,Recovered
P109435,H035,Oncology,2025-04-25,2025-05-03,Inpatient,Yes,Under Treatment
P109436,H058,Emergency,2025-04-22,2025-04-28,Outpatient,No,Under Treatment
P109437,H085,Emergency,2025-02-18,2025-02-23,Emergency,No,Recovered
P109438,H030,Cardiology,2025-07-13,2025-07-22,Day Care,No,Transferred
P109439,H047,Orthopedics,2025-05-22,2025-05-28,Emergency,Yes,Recovered
P109440,H083,Dermatology,2025-11-13,2025-11-23,Outpatient,Yes,Recovered
P109441,H099,Orthopedics,2025-01-13,2025-01-23,Outpatient,No,Transferred
P109442,H068,Radiology,2025-09-16,2025-09-22,Emergency,Yes,Recovered
P109443,H086,Orthopedics,2025-12-17,2025-12-21,Emergency,No,Transferred
P109444,H021,Oncology,2025-09-14,2025-09-21,Day Care,Yes,Recovered
P109445,H049,Radiology,2025-07-14,2025-07-16,Day Care,No,Transferred
P109446,H034,ICU,2025-10-06,2025-10-11,Outpatient,No,Transferred
P109447,H099,Oncology,2025-09-22,2025-09-26,Outpatient,Yes,Recovered
P109448,H086,General Medicine,2025-10-23,2025-10-28,Day Care,Yes,Under Treatment
P109449,H012,Emergency,2025-07-27,2025-07-29,Outpatient,No,Under Treatment
P109450,H045,Dermatology,2025-02-16,2025-02-20,Inpatient,No,Recovered
P109451,H053,Emergency,2025-04-23,2025-04-30,Day Care,No,Recovered
P109452,H027,Emergency,2025-05-19,2025-05-22,Day Care,Yes,Transferred
P109453,H006,Emergency,2026-03-02,2026-03-10,Inpatient,Yes,Recovered
P109454,H035,Emergency,2025-07-25,2025-08-03,Emergency,Yes,Recovered
P109455,H016,ICU,2025-09-23,2025-10-01,Day Care,Yes,Under Treatment
P109456,H075,Cardiology,2025-11-08,2025-11-14,Day Care,No,Transferred
P109457,H032,Oncology,2025-04-09,2025-04-15,Outpatient,No,Under Treatment
P109458,H011,Oncology,2025-07-28,2025-07-28,Inpatient,No,Transferred
P109459,H023,Dermatology,2026-03-28,2026-03-30,Day Care,Yes,Recovered
P109460,H017,Cardiology,2025-07-18,2025-07-20,Day Care,No,Recovered
P109461,H003,Radiology,2025-07-16,2025-07-25,Emergency,Yes,Under Treatment
P109462,H003,Cardiology,2025-10-23,2025-10-23,Inpatient,Yes,Transferred
P109463,H027,Pediatrics,2025-11-23,2025-11-30,Day Care,No,Transferred
P109464,H064,Orthopedics,2026-04-28,2026-05-08,Day Care,Yes,Under Treatment
P109465,H073,Pediatrics,2025-12-21,2025-12-25,Day Care,Yes,Transferred
P109466,H033,General Medicine,2025-04-19,2025-04-27,Inpatient,No,Recovered
P109467,H055,Orthopedics,2026-02-10,2026-02-12,Inpatient,Yes,Transferred
P109468,H042,Pediatrics,2025-09-02,2025-09-06,Outpatient,Yes,Under Treatment
P109469,H069,Oncology,2025-03-26,2025-03-27,Outpatient,Yes,Under Treatment
P109470,H095,Emergency,2025-01-03,2025-01-06,Day Care,Yes,Recovered
P109471,H081,ICU,2025-07-23,2025-07-27,Outpatient,Yes,Recovered
P109472,H068,Pediatrics,2026-04-22,2026-04-24,Outpatient,Yes,Recovered
P109473,H054,Orthopedics,2025-11-09,2025-11-10,Inpatient,No,Recovered
P109474,H001,Orthopedics,2025-04-22,2025-05-02,Inpatient,Yes,Under Treatment
P109475,H046,Oncology,2025-12-27,2026-01-04,Inpatient,No,Under Treatment
P109476,H030,Cardiology,2025-06-25,2025-06-28,Outpatient,Yes,Recovered
P109477,H023,Radiology,2025-11-14,2025-11-23,Emergency,No,Recovered
P109478,H081,Oncology,2026-04-26,2026-05-03,Outpatient,Yes,Under Treatment
P109479,H100,Emergency,2025-08-12,2025-08-17,Outpatient,Yes,Under Treatment
P109480,H073,General Medicine,2025-02-26,2025-03-06,Outpatient,Yes,Under Treatment
P109481,H071,Cardiology,2026-01-12,2026-01-19,Emergency,Yes,Recovered
P109482,H003,Orthopedics,2025-01-28,2025-02-06,Emergency,Yes,Transferred
P109483,H070,Pediatrics,2026-02-16,2026-02-24,Day Care,Yes,Recovered
P109484,H044,Radiology,2026-04-01,2026-04-03,Emergency,No,Recovered
P109485,H071,Orthopedics,2026-05-07,2026-05-14,Day Care,No,Recovered
P109486,H095,Neurology,2026-01-22,2026-01-26,Inpatient,Yes,Under Treatment
P109487,H091,General Medicine,2025-11-24,2025-11-24,Inpatient,No,Transferred
P109488,H025,ICU,2026-03-02,2026-03-07,Emergency,No,Transferred
P109489,H075,Oncology,2026-04-05,2026-04-12,Emergency,Yes,Transferred
P109490,H042,Radiology,2025-02-23,2025-02-24,Outpatient,No,Recovered
P109491,H088,General Medicine,2025-09-09,2025-09-16,Inpatient,Yes,Under Treatment
P109492,H068,Dermatology,2026-01-06,2026-01-07,Emergency,Yes,Recovered
P109493,H027,Oncology,2025-05-10,2025-05-17,Inpatient,No,Recovered
P109494,H062,Neurology,2025-07-07,2025-07-07,Inpatient,Yes,Under Treatment
P109495,H008,ICU,2025-08-26,2025-08-29,Inpatient,Yes,Under Treatment
P109496,H081,ICU,2025-01-27,2025-01-28,Outpatient,No,Transferred
P109497,H011,Orthopedics,2025-02-22,2025-03-03,Day Care,No,Recovered
P109498,H040,Pediatrics,2025-12-19,2025-12-21,Inpatient,No,Transferred
P109499,H003,Orthopedics,2025-04-23,2025-04-30,Emergency,No,Recovered
P109500,H008,Neurology,2026-03-19,2026-03-19,Outpatient,No,Recovered
P109501,H065,Emergency,2026-01-29,2026-02-05,Inpatient,No,Transferred
P109502,H088,ICU,2025-11-20,2025-11-21,Day Care,No,Transferred
P109503,H029,Pediatrics,2026-01-05,2026-01-12,Emergency,No,Under Treatment
P109504,H012,ICU,2025-08-03,2025-08-10,Outpatient,No,Transferred
P109505,H023,Radiology,2025-08-31,2025-09-03,Outpatient,Yes,Transferred
P109506,H030,Orthopedics,2025-01-12,2025-01-15,Day Care,Yes,Under Treatment
P109507,H095,Pediatrics,2025-10-09,2025-10-17,Emergency,Yes,Transferred
P109508,H055,Dermatology,2026-04-30,2026-05-04,Day Care,Yes,Transferred
P109509,H089,Pediatrics,2025-12-19,2025-12-21,Day Care,Yes,Under Treatment
P109510,H076,Pediatrics,2025-04-25,2025-05-03,Outpatient,Yes,Recovered
P109511,H020,General Medicine,2025-03-10,2025-03-14,Outpatient,No,Recovered
P109512,H044,General Medicine,2025-02-20,2025-02-26,Emergency,Yes,Recovered
P109513,H067,Dermatology,2025-05-30,2025-06-08,Outpatient,No,Recovered
P109514,H032,Dermatology,2025-10-19,2025-10-25,Day Care,Yes,Transferred
P109515,H034,Oncology,2025-01-06,2025-01-06,Emergency,Yes,Transferred
P109516,H045,General Medicine,2025-11-15,2025-11-24,Day Care,No,Transferred
P109517,H002,Dermatology,2025-10-08,2025-10-09,Day Care,Yes,Recovered
P109518,H057,Pediatrics,2025-11-11,2025-11-11,Inpatient,No,Recovered
P109519,H086,Oncology,2026-02-17,2026-02-19,Inpatient,No,Recovered
P109520,H010,Radiology,2025-07-06,2025-07-07,Day Care,Yes,Recovered
P109521,H100,Cardiology,2025-09-01,2025-09-04,Emergency,Yes,Recovered
P109522,H045,Emergency,2025-08-11,2025-08-15,Outpatient,Yes,Transferred
P109523,H026,Oncology,2026-03-06,2026-03-09,Emergency,No,Transferred
P109524,H076,Radiology,2025-12-13,2025-12-21,Emergency,Yes,Transferred
P109525,H032,Cardiology,2026-04-16,2026-04-16,Inpatient,No,Under Treatment
P109526,H011,General Medicine,2025-07-22,2025-07-30,Inpatient,No,Under Treatment
P109527,H084,Oncology,2025-11-06,2025-11-12,Day Care,Yes,Under Treatment
P109528,H011,Neurology,2025-08-14,2025-08-16,Emergency,Yes,Transferred
P109529,H061,Oncology,2025-06-05,2025-06-08,Emergency,No,Transferred
P109530,H058,Oncology,2026-04-24,2026-04-28,Inpatient,Yes,Under Treatment
P109531,H009,Oncology,2025-04-19,2025-04-19,Outpatient,Yes,Transferred
P109532,H048,Neurology,2025-12-17,2025-12-20,Emergency,Yes,Recovered
P109533,H011,ICU,2025-01-01,2025-01-01,Inpatient,Yes,Under Treatment
P109534,H002,ICU,2025-11-16,2025-11-17,Inpatient,No,Recovered
P109535,H020,Emergency,2026-03-20,2026-03-27,Emergency,No,Transferred
P109536,H025,General Medicine,2025-08-13,2025-08-23,Emergency,Yes,Transferred
P109537,H013,Neurology,2026-03-21,2026-03-31,Inpatient,Yes,Recovered
P109538,H072,General Medicine,2025-11-07,2025-11-07,Inpatient,Yes,Recovered
P109539,H078,Radiology,2026-05-14,2026-05-21,Emergency,Yes,Under Treatment
P109540,H032,Cardiology,2025-05-08,2025-05-08,Inpatient,Yes,Transferred
P109541,H023,Dermatology,2025-07-13,2025-07-17,Emergency,No,Transferred
P109542,H015,General Medicine,2025-07-03,2025-07-10,Day Care,Yes,Under Treatment
P109543,H024,Cardiology,2026-05-15,2026-05-19,Outpatient,Yes,Transferred
P109544,H090,Radiology,2025-01-30,2025-02-03,Outpatient,Yes,Transferred
P109545,H057,General Medicine,2026-03-30,2026-04-07,Inpatient,No,Recovered
P109546,H022,Neurology,2025-03-25,2025-04-04,Inpatient,No,Under Treatment
P109547,H017,Cardiology,2026-05-12,2026-05-22,Inpatient,No,Under Treatment
P109548,H050,Radiology,2026-02-24,2026-03-01,Outpatient,No,Transferred
P109549,H057,ICU,2025-07-27,2025-07-28,Emergency,Yes,Under Treatment
P109550,H011,Radiology,2025-04-06,2025-04-09,Day Care,Yes,Transferred
P109551,H053,ICU,2025-12-27,2025-12-30,Outpatient,Yes,Under Treatment
P109552,H030,Dermatology,2026-03-17,2026-03-19,Outpatient,No,Under Treatment
P109553,H016,Pediatrics,2025-01-20,2025-01-24,Inpatient,No,Recovered
P109554,H066,General Medicine,2025-04-30,2025-04-30,Inpatient,Yes,Under Treatment
P109555,H042,Radiology,2025-07-08,2025-07-17,Day Care,No,Recovered
P109556,H057,Oncology,2025-04-24,2025-04-28,Day Care,No,Under Treatment
P109557,H071,Cardiology,2025-04-25,2025-04-27,Day Care,No,Transferred
P109558,H033,Pediatrics,2025-06-07,2025-06-14,Emergency,Yes,Transferred
P109559,H014,Neurology,2025-12-07,2025-12-17,Outpatient,Yes,Recovered
P109560,H063,Dermatology,2025-02-16,2025-02-26,Emergency,No,Recovered
P109561,H078,Neurology,2025-03-01,2025-03-06,Inpatient,No,Transferred
P109562,H015,Neurology,2025-08-08,2025-08-09,Outpatient,No,Transferred
P109563,H050,Cardiology,2025-04-21,2025-04-22,Day Care,Yes,Recovered
P109564,H057,Oncology,2025-01-03,2025-01-05,Outpatient,Yes,Recovered
P109565,H094,Pediatrics,2025-01-11,2025-01-16,Day Care,No,Under Treatment
P109566,H056,Pediatrics,2025-12-06,2025-12-09,Outpatient,Yes,Under Treatment
P109567,H065,Pediatrics,2026-04-17,2026-04-26,Emergency,No,Recovered
P109568,H060,General Medicine,2026-02-18,2026-02-21,Inpatient,Yes,Under Treatment
P109569,H084,Orthopedics,2026-01-13,2026-01-14,Emergency,No,Recovered
P109570,H096,General Medicine,2025-07-17,2025-07-22,Day Care,Yes,Transferred
P109571,H092,Orthopedics,2025-01-30,2025-02-03,Day Care,Yes,Recovered
P109572,H025,Cardiology,2025-08-09,2025-08-13,Outpatient,Yes,Recovered
P109573,H064,ICU,2026-01-28,2026-02-01,Emergency,Yes,Transferred
P109574,H042,Radiology,2025-11-16,2025-11-18,Day Care,Yes,Under Treatment
P109575,H028,Pediatrics,2025-06-19,2025-06-24,Day Care,No,Under Treatment
P109576,H039,Neurology,2025-09-28,2025-10-05,Emergency,No,Under Treatment
P109577,H093,Neurology,2025-04-09,2025-04-18,Inpatient,Yes,Recovered
P109578,H057,Radiology,2026-03-08,2026-03-12,Inpatient,Yes,Under Treatment
P109579,H016,General Medicine,2026-03-15,2026-03-18,Emergency,No,Recovered
P109580,H002,General Medicine,2026-01-04,2026-01-07,Outpatient,Yes,Transferred
P109581,H045,Orthopedics,2025-03-30,2025-04-01,Emergency,Yes,Under Treatment
P109582,H083,Pediatrics,2025-08-04,2025-08-07,Inpatient,No,Transferred
P109583,H041,Pediatrics,2026-04-12,2026-04-15,Day Care,No,Recovered
P109584,H085,Neurology,2025-02-20,2025-02-27,Day Care,Yes,Recovered
P109585,H014,Radiology,2025-01-30,2025-02-05,Inpatient,Yes,Under Treatment
P109586,H072,Dermatology,2025-09-18,2025-09-25,Emergency,Yes,Under Treatment
P109587,H044,General Medicine,2025-06-03,2025-06-04,Emergency,No,Under Treatment
P109588,H096,Radiology,2025-09-17,2025-09-18,Day Care,No,Transferred
P109589,H013,Cardiology,2025-07-17,2025-07-18,Outpatient,No,Recovered
P109590,H037,Neurology,2025-08-22,2025-08-30,Emergency,No,Recovered
P109591,H037,Emergency,2025-11-06,2025-11-10,Inpatient,No,Recovered
P109592,H073,Neurology,2026-03-08,2026-03-14,Day Care,Yes,Recovered
P109593,H036,Pediatrics,2026-02-17,2026-02-21,Outpatient,No,Recovered
P109594,H078,ICU,2025-11-14,2025-11-20,Day Care,Yes,Transferred
P109595,H079,Cardiology,2025-10-15,2025-10-19,Day Care,No,Recovered
P109596,H022,General Medicine,2025-05-13,2025-05-17,Day Care,Yes,Recovered
P109597,H056,Cardiology,2025-06-14,2025-06-16,Day Care,Yes,Recovered
P109598,H052,Dermatology,2025-09-29,2025-10-04,Inpatient,Yes,Under Treatment
P109599,H039,Oncology,2025-10-09,2025-10-13,Day Care,Yes,Transferred
P109600,H004,ICU,2026-02-26,2026-03-08,Inpatient,No,Recovered
P109601,H014,Emergency,2025-03-30,2025-04-02,Day Care,Yes,Under Treatment
P109602,H065,Orthopedics,2025-02-18,2025-02-19,Inpatient,Yes,Recovered
P109603,H002,General Medicine,2025-09-12,2025-09-16,Inpatient,No,Transferred
P109604,H067,General Medicine,2025-07-16,2025-07-19,Inpatient,Yes,Recovered
P109605,H079,General Medicine,2025-03-14,2025-03-14,Inpatient,No,Under Treatment
P109606,H031,Dermatology,2025-12-07,2025-12-17,Day Care,No,Under Treatment
P109607,H002,Orthopedics,2025-01-17,2025-01-20,Emergency,No,Recovered
P109608,H090,Radiology,2025-10-19,2025-10-19,Emergency,Yes,Under Treatment
P109609,H050,General Medicine,2025-12-28,2026-01-04,Day Care,Yes,Recovered
P109610,H058,Dermatology,2025-11-30,2025-12-03,Inpatient,No,Transferred
P109611,H092,Orthopedics,2025-01-29,2025-02-05,Inpatient,No,Transferred
P109612,H096,ICU,2025-07-25,2025-07-28,Day Care,Yes,Under Treatment
P109613,H051,Pediatrics,2025-07-16,2025-07-19,Emergency,No,Under Treatment
P109614,H094,Radiology,2025-11-07,2025-11-17,Inpatient,Yes,Recovered
P109615,H078,Emergency,2025-11-30,2025-12-01,Inpatient,Yes,Transferred
P109616,H086,Emergency,2025-08-07,2025-08-16,Day Care,No,Transferred
P109617,H035,Cardiology,2025-01-07,2025-01-17,Day Care,No,Recovered
P109618,H009,Dermatology,2025-08-02,2025-08-11,Day Care,No,Under Treatment
P109619,H096,Pediatrics,2025-10-12,2025-10-17,Outpatient,No,Transferred
P109620,H063,Emergency,2025-04-29,2025-05-08,Inpatient,Yes,Under Treatment
P109621,H059,Oncology,2026-02-17,2026-02-27,Emergency,No,Under Treatment
P109622,H073,Dermatology,2026-01-13,2026-01-20,Day Care,Yes,Under Treatment
P109623,H087,ICU,2025-03-12,2025-03-21,Outpatient,Yes,Recovered
P109624,H072,Emergency,2025-07-29,2025-07-31,Day Care,Yes,Recovered
P109625,H057,Orthopedics,2025-02-12,2025-02-19,Emergency,No,Transferred
P109626,H020,ICU,2025-06-22,2025-07-01,Inpatient,Yes,Transferred
P109627,H068,Emergency,2025-01-02,2025-01-04,Outpatient,Yes,Recovered
P109628,H041,Emergency,2025-07-17,2025-07-25,Outpatient,No,Under Treatment
P109629,H031,Pediatrics,2026-02-16,2026-02-18,Emergency,No,Transferred
P109630,H048,Neurology,2025-04-05,2025-04-12,Emergency,No,Recovered
P109631,H095,Dermatology,2025-02-25,2025-03-03,Inpatient,Yes,Under Treatment
P109632,H056,Oncology,2025-05-14,2025-05-15,Inpatient,Yes,Transferred
P109633,H085,Cardiology,2026-05-14,2026-05-14,Outpatient,Yes,Transferred
P109634,H033,General Medicine,2026-01-11,2026-01-21,Emergency,Yes,Transferred
P109635,H041,Pediatrics,2025-10-13,2025-10-14,Emergency,No,Transferred
P109636,H045,Neurology,2025-08-16,2025-08-22,Emergency,No,Transferred
P109637,H007,General Medicine,2026-04-20,2026-04-27,Inpatient,No,Transferred
P109638,H062,Dermatology,2026-04-20,2026-04-22,Day Care,Yes,Recovered
P109639,H001,General Medicine,2025-05-18,2025-05-22,Inpatient,No,Transferred
P109640,H002,General Medicine,2025-11-21,2025-11-26,Inpatient,Yes,Under Treatment
P109641,H050,Emergency,2026-01-14,2026-01-20,Day Care,Yes,Under Treatment
P109642,H026,Pediatrics,2025-07-31,2025-08-08,Outpatient,Yes,Transferred
P109643,H040,ICU,2025-03-16,2025-03-19,Emergency,No,Transferred
P109644,H035,Radiology,2025-06-30,2025-07-10,Day Care,No,Under Treatment
P109645,H066,Pediatrics,2025-05-02,2025-05-12,Day Care,No,Recovered
P109646,H067,Orthopedics,2025-12-14,2025-12-20,Day Care,No,Transferred
P109647,H069,Dermatology,2025-03-16,2025-03-21,Emergency,Yes,Under Treatment
P109648,H017,ICU,2025-08-24,2025-08-31,Outpatient,No,Recovered
P109649,H002,Dermatology,2025-05-20,2025-05-26,Emergency,No,Recovered
P109650,H039,Radiology,2025-04-26,2025-05-06,Inpatient,No,Recovered
P109651,H084,Radiology,2025-05-23,2025-06-01,Day Care,No,Recovered
P109652,H096,ICU,2025-07-29,2025-08-04,Inpatient,No,Under Treatment
P109653,H001,Emergency,2025-10-27,2025-11-05,Day Care,No,Transferred
P109654,H043,Oncology,2026-03-09,2026-03-12,Inpatient,No,Recovered
P109655,H052,Pediatrics,2026-01-14,2026-01-15,Inpatient,Yes,Under Treatment
P109656,H037,General Medicine,2025-06-02,2025-06-06,Emergency,Yes,Recovered
P109657,H069,Dermatology,2026-04-22,2026-05-02,Day Care,Yes,Recovered
P109658,H094,Orthopedics,2025-02-20,2025-03-01,Inpatient,No,Transferred
P109659,H089,ICU,2025-08-04,2025-08-10,Day Care,No,Transferred
P109660,H015,Radiology,2025-10-29,2025-11-04,Inpatient,No,Recovered
P109661,H044,Cardiology,2025-02-02,2025-02-10,Inpatient,Yes,Recovered
P109662,H017,ICU,2025-10-25,2025-11-01,Outpatient,No,Transferred
P109663,H068,Radiology,2025-12-12,2025-12-17,Emergency,No,Transferred
P109664,H061,Neurology,2025-01-19,2025-01-29,Outpatient,No,Recovered
P109665,H018,Pediatrics,2025-09-16,2025-09-26,Inpatient,No,Recovered
P109666,H093,Pediatrics,2025-03-02,2025-03-08,Outpatient,No,Under Treatment
P109667,H029,Pediatrics,2025-07-08,2025-07-15,Day Care,No,Transferred
P109668,H029,General Medicine,2025-12-06,2025-12-07,Inpatient,Yes,Under Treatment
P109669,H004,Orthopedics,2025-06-15,2025-06-20,Emergency,No,Transferred
P109670,H081,Oncology,2025-06-19,2025-06-19,Outpatient,Yes,Under Treatment
P109671,H039,General Medicine,2026-05-14,2026-05-15,Outpatient,Yes,Under Treatment
P109672,H027,Dermatology,2026-03-19,2026-03-26,Outpatient,No,Transferred
P109673,H003,Cardiology,2025-12-19,2025-12-24,Emergency,Yes,Transferred
P109674,H021,Radiology,2025-12-21,2025-12-30,Outpatient,No,Transferred
P109675,H005,Emergency,2025-04-01,2025-04-05,Emergency,No,Transferred
P109676,H089,Neurology,2025-08-10,2025-08-13,Inpatient,Yes,Under Treatment
P109677,H027,General Medicine,2025-09-01,2025-09-09,Emergency,Yes,Recovered
P109678,H018,Emergency,2025-06-20,2025-06-29,Emergency,Yes,Recovered
P109679,H014,Cardiology,2026-04-25,2026-05-03,Inpatient,Yes,Under Treatment
P109680,H073,Emergency,2026-02-08,2026-02-16,Day Care,Yes,Recovered
P109681,H037,Neurology,2026-03-04,2026-03-13,Day Care,Yes,Under Treatment
P109682,H012,Emergency,2026-02-18,2026-02-18,Day Care,Yes,Recovered
P109683,H039,Orthopedics,2026-02-24,2026-02-24,Emergency,No,Recovered
P109684,H005,ICU,2026-03-22,2026-03-31,Outpatient,No,Under Treatment
P109685,H059,Dermatology,2025-01-01,2025-01-01,Day Care,Yes,Recovered
P109686,H080,Cardiology,2025-05-31,2025-06-06,Emergency,Yes,Under Treatment
P109687,H073,Oncology,2025-11-06,2025-11-14,Inpatient,Yes,Under Treatment
P109688,H097,Pediatrics,2026-04-20,2026-04-30,Emergency,No,Recovered
P109689,H096,Neurology,2026-05-11,2026-05-12,Outpatient,No,Transferred
P109690,H015,Orthopedics,2025-02-15,2025-02-20,Emergency,Yes,Recovered
P109691,H087,Dermatology,2025-09-26,2025-09-30,Emergency,No,Recovered
P109692,H035,Neurology,2025-04-12,2025-04-13,Emergency,No,Recovered
P109693,H080,Neurology,2026-03-12,2026-03-22,Outpatient,Yes,Under Treatment
P109694,H023,ICU,2026-01-10,2026-01-15,Inpatient,Yes,Recovered
P109695,H025,Pediatrics,2025-11-09,2025-11-18,Emergency,Yes,Under Treatment
P109696,H013,Orthopedics,2025-02-08,2025-02-18,Outpatient,Yes,Transferred
P109697,H003,General Medicine,2025-09-08,2025-09-17,Day Care,Yes,Recovered
P109698,H093,Orthopedics,2025-06-06,2025-06-11,Outpatient,No,Under Treatment
P109699,H067,General Medicine,2025-11-05,2025-11-07,Inpatient,No,Under Treatment
P109700,H039,Orthopedics,2025-04-30,2025-05-07,Day Care,Yes,Recovered
P109701,H077,Oncology,2025-05-18,2025-05-19,Outpatient,No,Transferred
P109702,H048,Emergency,2025-01-27,2025-01-31,Outpatient,No,Under Treatment
P109703,H097,Orthopedics,2025-08-24,2025-08-27,Inpatient,No,Under Treatment
P109704,H071,Oncology,2026-04-30,2026-05-10,Inpatient,Yes,Transferred
P109705,H042,Orthopedics,2025-05-05,2025-05-15,Day Care,No,Transferred
P109706,H062,Radiology,2025-09-22,2025-09-23,Emergency,No,Transferred
P109707,H035,Radiology,2025-04-08,2025-04-11,Day Care,No,Recovered
P109708,H044,Radiology,2026-02-05,2026-02-07,Inpatient,No,Transferred
P109709,H100,Dermatology,2025-05-14,2025-05-14,Emergency,Yes,Under Treatment
P109710,H018,Oncology,2025-11-25,2025-11-26,Day Care,Yes,Recovered
P109711,H009,Emergency,2025-08-20,2025-08-26,Outpatient,Yes,Under Treatment
P109712,H004,Emergency,2026-01-03,2026-01-07,Inpatient,No,Transferred
P109713,H014,Cardiology,2025-10-04,2025-10-14,Outpatient,Yes,Recovered
P109714,H050,Emergency,2025-03-10,2025-03-18,Inpatient,No,Under Treatment
P109715,H041,ICU,2025-06-29,2025-06-30,Day Care,Yes,Transferred
P109716,H062,Emergency,2025-11-03,2025-11-08,Emergency,Yes,Transferred
P109717,H056,Oncology,2025-05-06,2025-05-16,Outpatient,No,Under Treatment
P109718,H058,Radiology,2025-03-28,2025-04-03,Emergency,No,Under Treatment
P109719,H100,Emergency,2025-03-19,2025-03-27,Emergency,No,Transferred
P109720,H020,Dermatology,2025-04-28,2025-05-07,Day Care,Yes,Under Treatment
P109721,H031,ICU,2025-05-23,2025-06-01,Inpatient,No,Under Treatment
P109722,H078,Emergency,2026-03-15,2026-03-25,Outpatient,No,Under Treatment
P109723,H042,ICU,2025-07-16,2025-07-17,Emergency,Yes,Recovered
P109724,H042,Emergency,2025-05-03,2025-05-07,Inpatient,No,Under Treatment
P109725,H028,Dermatology,2025-05-07,2025-05-17,Outpatient,Yes,Transferred
P109726,H002,ICU,2025-12-09,2025-12-14,Emergency,Yes,Under Treatment
P109727,H003,Emergency,2026-02-23,2026-03-05,Outpatient,Yes,Recovered
P109728,H082,Orthopedics,2026-02-04,2026-02-11,Outpatient,No,Under Treatment
P109729,H055,General Medicine,2025-06-27,2025-07-02,Day Care,Yes,Recovered
P109730,H089,Oncology,2026-01-18,2026-01-22,Outpatient,Yes,Under Treatment
P109731,H016,ICU,2025-01-14,2025-01-17,Outpatient,No,Recovered
P109732,H014,Pediatrics,2025-04-21,2025-04-30,Emergency,No,Recovered
P109733,H079,ICU,2025-11-07,2025-11-15,Day Care,Yes,Transferred
P109734,H041,Orthopedics,2026-05-07,2026-05-13,Outpatient,Yes,Under Treatment
P109735,H086,Neurology,2025-01-22,2025-01-28,Outpatient,Yes,Transferred
P109736,H011,Pediatrics,2025-12-09,2025-12-14,Emergency,No,Transferred
P109737,H020,Oncology,2026-03-07,2026-03-11,Emergency,No,Transferred
P109738,H067,Radiology,2026-02-04,2026-02-08,Day Care,No,Transferred
P109739,H064,Orthopedics,2026-01-13,2026-01-19,Day Care,Yes,Recovered
P109740,H035,Emergency,2025-05-08,2025-05-18,Day Care,No,Under Treatment
P109741,H096,Radiology,2025-04-15,2025-04-22,Inpatient,No,Recovered
P109742,H026,General Medicine,2025-12-08,2025-12-08,Outpatient,Yes,Under Treatment
P109743,H073,Radiology,2025-08-24,2025-09-01,Emergency,No,Transferred
P109744,H055,Pediatrics,2026-02-04,2026-02-10,Inpatient,Yes,Transferred
P109745,H019,Radiology,2025-07-08,2025-07-14,Emergency,No,Recovered
P109746,H037,Cardiology,2025-05-22,2025-05-28,Day Care,Yes,Under Treatment
P109747,H037,ICU,2025-07-05,2025-07-06,Emergency,Yes,Transferred
P109748,H037,Dermatology,2026-03-30,2026-04-05,Inpatient,Yes,Recovered
P109749,H095,Oncology,2026-04-11,2026-04-20,Day Care,No,Under Treatment
P109750,H051,General Medicine,2025-03-10,2025-03-16,Emergency,No,Recovered
P109751,H023,Dermatology,2026-03-26,2026-03-28,Day Care,Yes,Recovered
P109752,H064,Neurology,2025-05-04,2025-05-08,Outpatient,No,Recovered
P109753,H068,ICU,2026-03-07,2026-03-13,Emergency,Yes,Under Treatment
P109754,H013,Oncology,2026-03-15,2026-03-18,Day Care,Yes,Transferred
P109755,H096,Pediatrics,2025-11-04,2025-11-09,Outpatient,No,Under Treatment
P109756,H069,Neurology,2025-02-21,2025-02-26,Emergency,Yes,Transferred
P109757,H005,Oncology,2026-01-29,2026-02-07,Outpatient,Yes,Recovered
P109758,H063,Oncology,2025-11-28,2025-12-04,Emergency,No,Transferred
P109759,H004,ICU,2025-04-05,2025-04-07,Inpatient,No,Transferred
P109760,H033,Pediatrics,2025-05-21,2025-05-24,Inpatient,Yes,Under Treatment
P109761,H007,Cardiology,2025-06-19,2025-06-20,Outpatient,No,Transferred
P109762,H067,Emergency,2025-09-29,2025-10-03,Outpatient,No,Transferred
P109763,H017,Pediatrics,2025-03-18,2025-03-25,Inpatient,Yes,Recovered
P109764,H060,Neurology,2025-04-16,2025-04-21,Emergency,No,Under Treatment
P109765,H065,Oncology,2025-02-14,2025-02-18,Inpatient,No,Transferred
P109766,H073,Dermatology,2025-07-05,2025-07-15,Inpatient,No,Transferred
P109767,H100,Emergency,2025-12-26,2025-12-30,Emergency,Yes,Recovered
P109768,H084,Emergency,2025-06-21,2025-06-26,Day Care,Yes,Transferred
P109769,H048,Orthopedics,2025-10-28,2025-10-30,Day Care,Yes,Transferred
P109770,H093,Neurology,2026-01-20,2026-01-26,Emergency,No,Under Treatment
P109771,H087,ICU,2025-11-11,2025-11-17,Outpatient,Yes,Transferred
P109772,H059,Oncology,2025-08-07,2025-08-09,Day Care,Yes,Recovered
P109773,H023,Oncology,2026-05-16,2026-05-16,Day Care,No,Recovered
P109774,H071,Emergency,2025-04-22,2025-04-30,Inpatient,No,Transferred
P109775,H013,Orthopedics,2026-04-02,2026-04-05,Emergency,No,Recovered
P109776,H056,Emergency,2025-01-22,2025-01-22,Outpatient,Yes,Under Treatment
P109777,H043,General Medicine,2025-02-21,2025-03-03,Outpatient,Yes,Under Treatment
P109778,H061,ICU,2025-01-03,2025-01-13,Emergency,Yes,Under Treatment
P109779,H059,Emergency,2025-12-04,2025-12-05,Inpatient,No,Recovered
P109780,H016,Pediatrics,2026-04-06,2026-04-13,Inpatient,No,Under Treatment
P109781,H079,Orthopedics,2025-12-28,2026-01-03,Day Care,Yes,Under Treatment
P109782,H074,Cardiology,2026-05-06,2026-05-06,Inpatient,Yes,Recovered
P109783,H064,Emergency,2025-11-22,2025-11-30,Emergency,No,Under Treatment
P109784,H086,Cardiology,2026-04-01,2026-04-03,Inpatient,Yes,Recovered
P109785,H071,Dermatology,2025-12-28,2025-12-29,Outpatient,No,Transferred
P109786,H029,Dermatology,2025-10-07,2025-10-15,Emergency,No,Under Treatment
P109787,H027,Radiology,2026-03-01,2026-03-09,Outpatient,Yes,Transferred
P109788,H067,Cardiology,2026-04-30,2026-05-10,Inpatient,No,Recovered
P109789,H071,Neurology,2025-07-29,2025-07-31,Inpatient,Yes,Recovered
P109790,H043,Oncology,2025-09-06,2025-09-10,Outpatient,Yes,Transferred
P109791,H043,General Medicine,2025-12-28,2026-01-05,Inpatient,Yes,Transferred
P109792,H054,Emergency,2025-07-25,2025-07-30,Inpatient,Yes,Under Treatment
P109793,H009,Oncology,2025-07-19,2025-07-26,Inpatient,No,Recovered
P109794,H032,Oncology,2025-06-03,2025-06-03,Day Care,Yes,Transferred
P109795,H057,Cardiology,2025-03-29,2025-04-04,Day Care,Yes,Recovered
P109796,H027,Neurology,2026-02-01,2026-02-05,Emergency,No,Under Treatment
P109797,H056,ICU,2026-04-21,2026-04-27,Day Care,Yes,Recovered
P109798,H036,Orthopedics,2025-03-25,2025-03-30,Outpatient,No,Under Treatment
P109799,H068,Emergency,2026-05-11,2026-05-12,Emergency,Yes,Under Treatment
P109800,H021,Neurology,2025-09-08,2025-09-16,Outpatient,Yes,Transferred
P109801,H046,General Medicine,2025-09-03,2025-09-09,Outpatient,Yes,Recovered
P109802,H025,General Medicine,2025-04-19,2025-04-21,Day Care,Yes,Recovered
P109803,H077,Oncology,2025-06-18,2025-06-25,Outpatient,Yes,Recovered
P109804,H025,ICU,2025-02-08,2025-02-09,Emergency,No,Recovered
P109805,H034,Pediatrics,2025-09-11,2025-09-15,Day Care,No,Recovered
P109806,H083,Pediatrics,2025-01-17,2025-01-19,Inpatient,No,Transferred
P109807,H068,General Medicine,2025-03-19,2025-03-28,Outpatient,No,Under Treatment
P109808,H038,General Medicine,2025-10-09,2025-10-12,Day Care,No,Under Treatment
P109809,H011,General Medicine,2025-06-11,2025-06-18,Day Care,No,Transferred
P109810,H081,Radiology,2025-05-18,2025-05-22,Inpatient,No,Recovered
P109811,H069,General Medicine,2025-11-16,2025-11-21,Day Care,Yes,Transferred
P109812,H063,Pediatrics,2025-08-22,2025-08-23,Outpatient,No,Under Treatment
P109813,H070,Emergency,2025-05-17,2025-05-21,Emergency,Yes,Recovered
P109814,H012,Dermatology,2025-06-27,2025-06-30,Emergency,No,Under Treatment
P109815,H066,Cardiology,2025-05-03,2025-05-04,Inpatient,No,Under Treatment
P109816,H019,Orthopedics,2025-01-07,2025-01-14,Emergency,No,Transferred
P109817,H098,Pediatrics,2025-03-08,2025-03-09,Emergency,Yes,Under Treatment
P109818,H040,ICU,2025-04-24,2025-04-28,Emergency,Yes,Transferred
P109819,H074,Dermatology,2026-04-30,2026-05-10,Day Care,Yes,Recovered
P109820,H044,ICU,2025-07-17,2025-07-27,Inpatient,Yes,Recovered
P109821,H061,Dermatology,2025-08-23,2025-08-29,Outpatient,No,Transferred
P109822,H052,Neurology,2025-11-17,2025-11-22,Inpatient,No,Recovered
P109823,H100,Pediatrics,2025-05-31,2025-06-05,Day Care,Yes,Under Treatment
P109824,H029,Radiology,2025-05-07,2025-05-15,Inpatient,No,Transferred
P109825,H074,ICU,2025-02-20,2025-02-22,Outpatient,No,Transferred
P109826,H095,Pediatrics,2025-10-24,2025-10-31,Inpatient,No,Recovered
P109827,H093,Pediatrics,2025-07-26,2025-08-05,Outpatient,Yes,Under Treatment
P109828,H100,Orthopedics,2026-02-05,2026-02-15,Inpatient,Yes,Transferred
P109829,H067,Orthopedics,2025-10-30,2025-10-31,Day Care,Yes,Recovered
P109830,H036,Emergency,2025-07-25,2025-07-30,Inpatient,Yes,Transferred
P109831,H002,Pediatrics,2025-12-24,2026-01-02,Day Care,Yes,Under Treatment
P109832,H045,Orthopedics,2025-09-14,2025-09-20,Day Care,No,Transferred
P109833,H067,Cardiology,2026-04-14,2026-04-21,Outpatient,No,Transferred
P109834,H033,Radiology,2025-08-06,2025-08-16,Inpatient,Yes,Under Treatment
P109835,H029,Cardiology,2025-05-12,2025-05-17,Day Care,No,Under Treatment
P109836,H045,Emergency,2025-05-06,2025-05-07,Inpatient,Yes,Recovered
P109837,H076,Orthopedics,2025-10-03,2025-10-08,Outpatient,Yes,Recovered
P109838,H072,Neurology,2025-03-09,2025-03-10,Outpatient,Yes,Transferred
P109839,H028,Dermatology,2025-07-13,2025-07-18,Inpatient,Yes,Transferred
P109840,H048,Neurology,2025-03-12,2025-03-13,Inpatient,Yes,Under Treatment
P109841,H035,Neurology,2025-08-08,2025-08-15,Inpatient,No,Transferred
P109842,H045,Cardiology,2025-08-28,2025-09-06,Inpatient,No,Under Treatment
P109843,H063,Emergency,2025-12-22,2025-12-29,Inpatient,Yes,Recovered
P109844,H010,Cardiology,2026-03-13,2026-03-23,Inpatient,Yes,Under Treatment
P109845,H078,Oncology,2025-05-06,2025-05-12,Inpatient,Yes,Transferred
P109846,H082,Emergency,2026-01-24,2026-01-28,Inpatient,No,Transferred
P109847,H063,ICU,2025-12-10,2025-12-15,Outpatient,No,Recovered
P109848,H082,Emergency,2026-01-18,2026-01-20,Outpatient,No,Recovered
P109849,H071,ICU,2025-08-09,2025-08-15,Outpatient,No,Under Treatment
P109850,H085,Radiology,2025-01-17,2025-01-22,Inpatient,Yes,Recovered
P109851,H036,Radiology,2025-07-19,2025-07-29,Outpatient,Yes,Recovered
P109852,H069,ICU,2025-01-11,2025-01-20,Day Care,No,Recovered
P109853,H067,Cardiology,2025-10-03,2025-10-13,Emergency,Yes,Recovered
P109854,H050,Dermatology,2026-02-04,2026-02-11,Outpatient,No,Under Treatment
P109855,H091,Emergency,2025-05-05,2025-05-08,Inpatient,No,Under Treatment
P109856,H007,General Medicine,2026-05-08,2026-05-11,Emergency,No,Under Treatment
P109857,H085,Radiology,2026-01-09,2026-01-18,Inpatient,Yes,Recovered
P109858,H006,Radiology,2025-04-27,2025-05-05,Emergency,Yes,Recovered
P109859,H028,General Medicine,2025-04-22,2025-04-26,Inpatient,No,Recovered
P109860,H043,Radiology,2026-03-23,2026-03-31,Outpatient,Yes,Recovered
P109861,H063,General Medicine,2026-01-13,2026-01-13,Day Care,Yes,Recovered
P109862,H086,Dermatology,2026-01-26,2026-02-02,Day Care,No,Under Treatment
P109863,H060,Radiology,2026-03-20,2026-03-22,Outpatient,No,Recovered
P109864,H090,ICU,2025-07-17,2025-07-24,Emergency,No,Transferred
P109865,H034,General Medicine,2025-11-06,2025-11-12,Inpatient,Yes,Transferred
P109866,H096,Cardiology,2025-07-17,2025-07-20,Inpatient,Yes,Transferred
P109867,H004,Pediatrics,2026-02-18,2026-02-24,Inpatient,Yes,Recovered
P109868,H088,Orthopedics,2025-02-14,2025-02-24,Day Care,No,Under Treatment
P109869,H038,Dermatology,2026-01-26,2026-02-05,Day Care,No,Under Treatment
P109870,H038,Cardiology,2025-06-12,2025-06-13,Outpatient,Yes,Recovered
P109871,H029,Emergency,2025-06-13,2025-06-15,Emergency,Yes,Recovered
P109872,H100,Pediatrics,2026-03-08,2026-03-18,Emergency,No,Recovered
P109873,H031,Emergency,2025-10-29,2025-11-06,Emergency,Yes,Transferred
P109874,H037,General Medicine,2025-06-21,2025-06-27,Emergency,Yes,Recovered
P109875,H009,Pediatrics,2026-04-14,2026-04-15,Emergency,No,Recovered
P109876,H041,Radiology,2025-01-07,2025-01-17,Inpatient,Yes,Recovered
P109877,H016,Dermatology,2025-10-24,2025-11-01,Outpatient,Yes,Under Treatment
P109878,H093,Orthopedics,2025-08-28,2025-09-04,Outpatient,Yes,Recovered
P109879,H094,Emergency,2025-12-23,2025-12-24,Outpatient,No,Transferred
P109880,H026,Orthopedics,2026-05-11,2026-05-15,Day Care,No,Under Treatment
P109881,H041,Radiology,2025-07-04,2025-07-07,Inpatient,No,Under Treatment
P109882,H006,Cardiology,2025-05-24,2025-05-25,Emergency,No,Under Treatment
P109883,H062,Cardiology,2025-02-22,2025-02-22,Inpatient,Yes,Transferred
P109884,H005,Dermatology,2025-05-04,2025-05-09,Inpatient,No,Recovered
P109885,H063,General Medicine,2025-08-29,2025-09-03,Inpatient,No,Recovered
P109886,H077,Neurology,2025-06-07,2025-06-15,Emergency,No,Transferred
P109887,H021,Radiology,2025-11-17,2025-11-27,Day Care,Yes,Recovered
P109888,H022,Orthopedics,2025-01-19,2025-01-28,Day Care,No,Recovered
P109889,H073,Emergency,2025-10-23,2025-10-30,Outpatient,No,Recovered
P109890,H047,Oncology,2025-04-06,2025-04-14,Emergency,Yes,Transferred
P109891,H072,Radiology,2025-11-17,2025-11-21,Day Care,No,Transferred
P109892,H046,Oncology,2025-08-11,2025-08-21,Inpatient,No,Transferred
P109893,H011,Radiology,2025-01-04,2025-01-08,Emergency,No,Recovered
P109894,H086,ICU,2026-03-02,2026-03-03,Inpatient,No,Under Treatment
P109895,H062,Dermatology,2025-02-27,2025-03-05,Outpatient,No,Transferred
P109896,H021,Cardiology,2025-05-20,2025-05-22,Emergency,No,Transferred
P109897,H019,Neurology,2026-04-30,2026-05-10,Emergency,No,Transferred
P109898,H064,Orthopedics,2026-04-04,2026-04-10,Outpatient,Yes,Transferred
P109899,H011,Dermatology,2025-10-20,2025-10-27,Inpatient,Yes,Under Treatment
P109900,H030,ICU,2026-02-23,2026-02-27,Inpatient,No,Under Treatment
P109901,H018,Radiology,2026-02-19,2026-02-22,Inpatient,Yes,Transferred
P109902,H097,General Medicine,2025-10-07,2025-10-07,Outpatient,No,Recovered
P109903,H009,General Medicine,2025-06-22,2025-06-27,Outpatient,No,Under Treatment
P109904,H047,Pediatrics,2025-06-23,2025-06-28,Inpatient,No,Under Treatment
P109905,H045,General Medicine,2026-04-17,2026-04-25,Outpatient,No,Transferred
P109906,H028,Cardiology,2025-10-14,2025-10-19,Inpatient,Yes,Under Treatment
P109907,H061,Dermatology,2025-09-22,2025-09-22,Emergency,Yes,Recovered
P109908,H036,ICU,2026-03-16,2026-03-20,Emergency,No,Under Treatment
P109909,H048,Cardiology,2025-02-14,2025-02-21,Inpatient,Yes,Transferred
P109910,H060,Dermatology,2025-05-08,2025-05-16,Emergency,No,Recovered
P109911,H090,Orthopedics,2025-01-23,2025-01-26,Day Care,No,Recovered
P109912,H052,Radiology,2026-05-04,2026-05-14,Inpatient,Yes,Under Treatment
P109913,H058,Dermatology,2026-03-19,2026-03-25,Outpatient,No,Transferred
P109914,H025,Radiology,2025-12-02,2025-12-09,Emergency,Yes,Under Treatment
P109915,H046,Cardiology,2025-07-31,2025-08-06,Inpatient,No,Transferred
P109916,H049,Dermatology,2025-09-24,2025-10-02,Inpatient,Yes,Under Treatment
P109917,H070,Pediatrics,2025-06-15,2025-06-16,Emergency,No,Recovered
P109918,H058,Pediatrics,2025-01-05,2025-01-05,Day Care,No,Under Treatment
P109919,H083,ICU,2025-10-15,2025-10-18,Emergency,Yes,Recovered
P109920,H083,Oncology,2025-12-15,2025-12-25,Outpatient,No,Under Treatment
P109921,H086,Dermatology,2026-02-04,2026-02-05,Outpatient,Yes,Under Treatment
P109922,H072,Radiology,2025-07-31,2025-08-09,Emergency,Yes,Under Treatment
P109923,H081,Orthopedics,2025-06-13,2025-06-23,Emergency,Yes,Transferred
P109924,H012,ICU,2026-04-18,2026-04-24,Inpatient,Yes,Transferred
P109925,H024,Pediatrics,2025-04-27,2025-05-05,Emergency,No,Under Treatment
P109926,H048,General Medicine,2026-01-22,2026-01-30,Day Care,No,Recovered
P109927,H028,Cardiology,2025-04-26,2025-05-03,Outpatient,Yes,Recovered
P109928,H069,Orthopedics,2025-01-05,2025-01-08,Outpatient,Yes,Recovered
P109929,H087,Radiology,2025-02-04,2025-02-08,Outpatient,No,Transferred
P109930,H038,General Medicine,2026-03-04,2026-03-12,Inpatient,No,Recovered
P109931,H007,Dermatology,2025-01-04,2025-01-06,Day Care,Yes,Under Treatment
P109932,H074,ICU,2025-07-10,2025-07-18,Emergency,No,Recovered
P109933,H018,Neurology,2025-01-24,2025-01-25,Day Care,Yes,Transferred
P109934,H066,Radiology,2026-01-09,2026-01-15,Emergency,Yes,Transferred
P109935,H031,Dermatology,2025-02-07,2025-02-15,Emergency,No,Transferred
P109936,H056,General Medicine,2025-10-21,2025-10-31,Emergency,No,Under Treatment
P109937,H079,Dermatology,2026-02-28,2026-03-05,Emergency,Yes,Under Treatment
P109938,H020,Neurology,2025-09-15,2025-09-25,Day Care,Yes,Transferred
P109939,H025,Orthopedics,2025-06-08,2025-06-13,Outpatient,No,Under Treatment
P109940,H033,General Medicine,2025-01-01,2025-01-06,Emergency,Yes,Transferred
P109941,H094,Neurology,2025-06-18,2025-06-18,Inpatient,Yes,Under Treatment
P109942,H026,Orthopedics,2026-04-02,2026-04-09,Outpatient,Yes,Transferred
P109943,H011,Orthopedics,2025-06-30,2025-07-01,Day Care,Yes,Under Treatment
P109944,H026,Emergency,2025-06-30,2025-07-07,Emergency,Yes,Transferred
P109945,H069,Radiology,2026-02-12,2026-02-13,Emergency,Yes,Transferred
P109946,H093,Neurology,2025-09-10,2025-09-11,Emergency,Yes,Under Treatment
P109947,H061,Cardiology,2025-06-10,2025-06-12,Outpatient,Yes,Transferred
P109948,H052,Emergency,2026-03-25,2026-03-31,Outpatient,No,Transferred
P109949,H042,ICU,2026-02-04,2026-02-13,Outpatient,Yes,Under Treatment
P109950,H065,Neurology,2025-05-04,2025-05-10,Emergency,Yes,Transferred
P109951,H081,General Medicine,2025-05-31,2025-06-05,Day Care,No,Transferred
P109952,H020,Orthopedics,2025-12-28,2026-01-02,Day Care,Yes,Under Treatment
P109953,H006,Radiology,2025-10-26,2025-11-02,Outpatient,No,Transferred
P109954,H086,General Medicine,2025-10-18,2025-10-26,Emergency,Yes,Transferred
P109955,H063,Pediatrics,2025-08-14,2025-08-16,Day Care,Yes,Under Treatment
P109956,H086,Orthopedics,2026-04-02,2026-04-12,Outpatient,Yes,Recovered
P109957,H025,Radiology,2025-01-30,2025-02-01,Day Care,No,Under Treatment
P109958,H081,ICU,2025-08-11,2025-08-12,Inpatient,Yes,Transferred
P109959,H043,Radiology,2025-03-19,2025-03-19,Emergency,Yes,Recovered
P109960,H070,Radiology,2025-11-15,2025-11-24,Inpatient,Yes,Under Treatment
P109961,H015,Radiology,2025-08-25,2025-09-03,Inpatient,No,Recovered
P109962,H032,Dermatology,2025-06-25,2025-07-01,Inpatient,No,Transferred
P109963,H045,Emergency,2025-08-12,2025-08-14,Inpatient,Yes,Under Treatment
P109964,H092,General Medicine,2025-08-25,2025-08-25,Emergency,No,Recovered
P109965,H063,Cardiology,2025-12-01,2025-12-08,Inpatient,No,Recovered
P109966,H040,Radiology,2026-02-05,2026-02-11,Outpatient,Yes,Under Treatment
P109967,H093,ICU,2025-12-19,2025-12-28,Emergency,Yes,Under Treatment
P109968,H093,General Medicine,2025-11-09,2025-11-13,Inpatient,No,Recovered
P109969,H083,Oncology,2026-04-16,2026-04-24,Emergency,Yes,Transferred
P109970,H087,Radiology,2025-11-23,2025-11-29,Day Care,Yes,Under Treatment
P109971,H097,General Medicine,2025-08-29,2025-08-30,Emergency,Yes,Under Treatment
P109972,H085,Oncology,2025-03-21,2025-03-31,Day Care,No,Recovered
P109973,H056,General Medicine,2025-12-20,2025-12-26,Emergency,Yes,Recovered
P109974,H003,ICU,2025-05-16,2025-05-18,Outpatient,Yes,Recovered
P109975,H049,Radiology,2025-06-30,2025-07-03,Day Care,No,Recovered
P109976,H044,Emergency,2025-07-28,2025-08-07,Outpatient,Yes,Transferred
P109977,H059,Emergency,2025-01-04,2025-01-09,Outpatient,Yes,Recovered
P109978,H055,General Medicine,2025-12-07,2025-12-16,Emergency,Yes,Transferred
P109979,H060,Dermatology,2026-02-11,2026-02-16,Day Care,Yes,Transferred
P109980,H036,Oncology,2025-07-24,2025-07-28,Inpatient,No,Transferred
P109981,H025,Orthopedics,2025-04-19,2025-04-26,Outpatient,No,Under Treatment
P109982,H047,Radiology,2025-05-21,2025-05-30,Emergency,Yes,Recovered
P109983,H018,Oncology,2025-02-25,2025-03-01,Emergency,Yes,Transferred
P109984,H010,Dermatology,2026-01-20,2026-01-20,Outpatient,No,Under Treatment
P109985,H046,Pediatrics,2025-11-27,2025-11-29,Inpatient,No,Transferred
P109986,H064,Cardiology,2025-01-23,2025-02-02,Emergency,No,Under Treatment
P109987,H024,Pediatrics,2025-11-23,2025-11-26,Outpatient,No,Under Treatment
P109988,H063,Radiology,2026-01-06,2026-01-15,Outpatient,Yes,Recovered
P109989,H060,Orthopedics,2025-12-02,2025-12-11,Outpatient,Yes,Transferred
P109990,H014,ICU,2025-08-06,2025-08-13,Outpatient,No,Under Treatment
P109991,H064,General Medicine,2025-08-12,2025-08-13,Emergency,Yes,Recovered
P109992,H100,Dermatology,2025-02-23,2025-03-03,Outpatient,No,Transferred
P109993,H012,Orthopedics,2025-09-28,2025-09-30,Emergency,No,Transferred
P109994,H009,Orthopedics,2025-02-24,2025-03-02,Inpatient,No,Transferred
P109995,H031,Radiology,2025-02-21,2025-03-02,Day Care,No,Transferred
P109996,H048,Oncology,2025-11-12,2025-11-19,Day Care,No,Recovered
P109997,H077,Emergency,2025-10-09,2025-10-11,Inpatient,Yes,Recovered
P109998,H095,Radiology,2025-02-18,2025-02-26,Outpatient,No,Recovered
P109999,H036,ICU,2025-10-13,2025-10-22,Emergency,No,Under Treatment
P110000,H080,Radiology,2025-10-03,2025-10-06,Day Care,Yes,Under Treatment
